user_id,Precision@10 - macro,Recall@10 - macro,F1@10 - macro,NDCG@10,MRR@10,Gini - Top 10,CatalogCoverage - Top 10,DeltaGap - Top 10 | Blockbuster,DeltaGap - Top 10 | Niche,DeltaGap - Top 10 | Diverse
sys - fold1,0.0057264050901378585,0.004460256021189281,0.004181075161595019,0.012453638669444529,0.013236630813513105,0.6866930171277996,15.7,-0.6737685146375063,-0.7939452654600794,-0.8507504860724361
sys - mean,0.0057264050901378585,0.004460256021189281,0.004181075161595019,0.012453638669444529,0.013236630813513105,0.6866930171277996,15.7,-0.6737685146375063,-0.7939452654600794,-0.8507504860724361
