user_id,Precision@5 - macro,Recall@5 - macro,F1@5 - macro,NDCG@5,MRR@5,Gini - Top 5,CatalogCoverage - Top 5,DeltaGap - Top 5 | Blockbuster,DeltaGap - Top 5 | Niche,DeltaGap - Top 5 | Diverse
sys - fold1,0.005938494167550371,0.0026359510171558593,0.0030839222575386317,0.010005006011098437,0.014899257688229054,0.8289831701766534,21.58,-0.5526281512175409,-0.7130486333387472,-0.829684432163692
sys - mean,0.005938494167550371,0.0026359510171558593,0.0030839222575386317,0.010005006011098437,0.014899257688229054,0.8289831701766534,21.58,-0.5526281512175409,-0.7130486333387472,-0.829684432163692
