user_id,Precision@10 - macro,Recall@10 - macro,F1@10 - macro,NDCG@10,MRR@10,Gini - Top 10,CatalogCoverage - Top 10,DeltaGap - Top 10 | Blockbuster,DeltaGap - Top 10 | Niche,DeltaGap - Top 10 | Diverse
sys - fold1,0.005302226935312832,0.003578095248483394,0.0038159778200661148,0.011992573249729967,0.018465636519719233,0.6379124375094682,4.16,-0.5847010944181448,-0.7030468940954803,-0.8438821078297745
sys - mean,0.005302226935312832,0.003578095248483394,0.0038159778200661148,0.011992573249729967,0.018465636519719233,0.6379124375094682,4.16,-0.5847010944181448,-0.7030468940954803,-0.8438821078297745
