user_id,Precision@10 - macro,Recall@10 - macro,F1@10 - macro,NDCG@10,MRR@10,Gini - Top 10,CatalogCoverage - Top 10,DeltaGap - Top 10 | Blockbuster,DeltaGap - Top 10 | Niche,DeltaGap - Top 10 | Diverse
sys - fold1,0.003711558854718982,0.003145982689969108,0.0028472935869143824,0.008685920408740588,0.00843222407379353,0.6929756694994997,16.88,-0.8152256525988725,-0.9069608229279117,-0.9316335801826536
sys - mean,0.003711558854718982,0.003145982689969108,0.0028472935869143824,0.008685920408740588,0.00843222407379353,0.6929756694994997,16.88,-0.8152256525988725,-0.9069608229279117,-0.9316335801826536
