user_id,Precision@10 - macro,Recall@10 - macro,F1@10 - macro,NDCG@10,MRR@10,Gini - Top 10,CatalogCoverage - Top 10,DeltaGap - Top 10 | Blockbuster,DeltaGap - Top 10 | Niche,DeltaGap - Top 10 | Diverse
sys - fold1,0.005302226935312832,0.003732561287149524,0.0036677440151707276,0.00912908056938585,0.015637361342557526,0.8290798851445358,36.21,-0.5869840193040254,-0.7356714328212887,-0.8636341121695659
sys - mean,0.005302226935312832,0.003732561287149524,0.0036677440151707276,0.00912908056938585,0.015637361342557526,0.8290798851445358,36.21,-0.5869840193040254,-0.7356714328212887,-0.8636341121695659
