user_id,Precision@10 - macro,Recall@10 - macro,F1@10 - macro,NDCG@10,MRR@10,Gini - Top 10,CatalogCoverage - Top 10,DeltaGap - Top 10 | Blockbuster,DeltaGap - Top 10 | Niche,DeltaGap - Top 10 | Diverse
sys - fold1,0.012407211028632025,0.009787990194534359,0.009111938748605192,0.017118501332658957,0.030530727667525123,0.43341630519919194,79.61,-0.47412018009791873,-0.608342565021936,-0.7326876423610724
sys - mean,0.012407211028632025,0.009787990194534359,0.009111938748605192,0.017118501332658957,0.030530727667525123,0.43341630519919194,79.61,-0.47412018009791873,-0.608342565021936,-0.7326876423610724
