user_id,Precision@10 - macro,Recall@10 - macro,F1@10 - macro,NDCG@10,MRR@10,Gini - Top 10,CatalogCoverage - Top 10,DeltaGap - Top 10 | Blockbuster,DeltaGap - Top 10 | Niche,DeltaGap - Top 10 | Diverse
sys - fold1,0.003711558854718982,0.002621993001834706,0.002731896878291387,0.009326003165147156,0.014309279738760118,0.647961052733057,3.92,-0.6605789760105857,-0.897321676453998,-0.8959844703872459
sys - mean,0.003711558854718982,0.002621993001834706,0.002731896878291387,0.009326003165147156,0.014309279738760118,0.647961052733057,3.92,-0.6605789760105857,-0.897321676453998,-0.8959844703872459
