user_id,Precision@5 - macro,Recall@5 - macro,F1@5 - macro,NDCG@5,MRR@5,Gini - Top 5,CatalogCoverage - Top 5,DeltaGap - Top 5 | Blockbuster,DeltaGap - Top 5 | Niche,DeltaGap - Top 5 | Diverse
sys - fold1,0.012089077412513258,0.003961752845283183,0.005361745421910557,0.016286008037148646,0.023612583951926475,0.437595645389919,70.63,-0.3759940292040792,-0.589965195338858,-0.7550326956496174
sys - mean,0.012089077412513258,0.003961752845283183,0.005361745421910557,0.016286008037148646,0.023612583951926475,0.437595645389919,70.63,-0.3759940292040792,-0.589965195338858,-0.7550326956496174
