user_id,Precision@5 - macro,Recall@5 - macro,F1@5 - macro,NDCG@5,MRR@5,Gini - Top 5,CatalogCoverage - Top 5,DeltaGap - Top 5 | Blockbuster,DeltaGap - Top 5 | Niche,DeltaGap - Top 5 | Diverse
sys - fold1,0.0042417815482502655,0.0017304807999788934,0.0021598922415089913,0.008431789516199984,0.012124425592082008,0.6473986953308268,1.96,-0.7630567022266788,-0.8957288907169861,-0.8951022996131323
sys - mean,0.0042417815482502655,0.0017304807999788934,0.0021598922415089913,0.008431789516199984,0.012124425592082008,0.6473986953308268,1.96,-0.7630567022266788,-0.8957288907169861,-0.8951022996131323
