user_id,Precision@10 - macro,Recall@10 - macro,F1@10 - macro,NDCG@10,MRR@10,Gini - Top 10,CatalogCoverage - Top 10,DeltaGap - Top 10 | Blockbuster,DeltaGap - Top 10 | Niche,DeltaGap - Top 10 | Diverse
sys - fold1,0.010604453870625663,0.00836431658563851,0.007837648104413538,0.01470199280503559,0.026877661633759195,0.4343338901756966,91.97,-0.51692750650188,-0.6578373091935549,-0.7870216511663821
sys - mean,0.010604453870625663,0.00836431658563851,0.007837648104413538,0.01470199280503559,0.026877661633759195,0.4343338901756966,91.97,-0.51692750650188,-0.6578373091935549,-0.7870216511663821
