user_id,Precision@5 - macro,Recall@5 - macro,F1@5 - macro,NDCG@5,MRR@5,Gini - Top 5,CatalogCoverage - Top 5,DeltaGap - Top 5 | Blockbuster,DeltaGap - Top 5 | Niche,DeltaGap - Top 5 | Diverse
sys - fold1,0.005090137857900319,0.002148357605843515,0.0025390207445778047,0.011763324093657705,0.009261223047013078,0.7217107696860589,10.23,-0.7732314101519773,-0.8939157572293024,-0.9000017571676094
sys - mean,0.005090137857900319,0.002148357605843515,0.0025390207445778047,0.011763324093657705,0.009261223047013078,0.7217107696860589,10.23,-0.7732314101519773,-0.8939157572293024,-0.9000017571676094
