user_id,Precision@10 - macro,Recall@10 - macro,F1@10 - macro,NDCG@10,MRR@10,Gini - Top 10,CatalogCoverage - Top 10,DeltaGap - Top 10 | Blockbuster,DeltaGap - Top 10 | Niche,DeltaGap - Top 10 | Diverse
sys - fold1,0.006998939554612937,0.005385031242789833,0.004903573195333715,0.010996874102123376,0.019450335807705905,0.8279002095555902,34.84,-0.5501708314342958,-0.6916420025627944,-0.8104059083506633
sys - mean,0.006998939554612937,0.005385031242789833,0.004903573195333715,0.010996874102123376,0.019450335807705905,0.8279002095555902,34.84,-0.5501708314342958,-0.6916420025627944,-0.8104059083506633
