user_id,Precision@5 - macro,Recall@5 - macro,F1@5 - macro,NDCG@5,MRR@5,Gini - Top 5,CatalogCoverage - Top 5,DeltaGap - Top 5 | Blockbuster,DeltaGap - Top 5 | Niche,DeltaGap - Top 5 | Diverse
sys - fold1,0.004665959703075292,0.0022531174205489488,0.0025522920122634054,0.00836671145389313,0.012548603746907033,0.8273968508507991,21.94,-0.6268703594357925,-0.7532498525700925,-0.8586561282347311
sys - mean,0.004665959703075292,0.0022531174205489488,0.0025522920122634054,0.00836671145389313,0.012548603746907033,0.8273968508507991,21.94,-0.6268703594357925,-0.7532498525700925,-0.8586561282347311
