user_id,Precision@5 - macro,Recall@5 - macro,F1@5 - macro,NDCG@5,MRR@5,Gini - Top 5,CatalogCoverage - Top 5,DeltaGap - Top 5 | Blockbuster,DeltaGap - Top 5 | Niche,DeltaGap - Top 5 | Diverse
sys - fold1,0.005302226935312832,0.0019711788819688474,0.0025498973486677164,0.010787854971850374,0.015376458112407211,0.6536398228432413,2.02,-0.6700346499079577,-0.8675305457349087,-0.8678002533066592
sys - mean,0.005302226935312832,0.0019711788819688474,0.0025498973486677164,0.010787854971850374,0.015376458112407211,0.6536398228432413,2.02,-0.6700346499079577,-0.8675305457349087,-0.8678002533066592
