user_id,Precision@5 - macro,Recall@5 - macro,F1@5 - macro,NDCG@5,MRR@5,Gini - Top 5,CatalogCoverage - Top 5,DeltaGap - Top 5 | Blockbuster,DeltaGap - Top 5 | Niche,DeltaGap - Top 5 | Diverse
sys - fold1,0.002757158006362673,0.0015942953208466792,0.0016924812871111318,0.00823233057011047,0.005496641922940968,0.7054701785560746,11.0,-0.9001820410495571,-0.9428939519978404,-0.9430966783311996
sys - mean,0.002757158006362673,0.0015942953208466792,0.0016924812871111318,0.00823233057011047,0.005496641922940968,0.7054701785560746,11.0,-0.9001820410495571,-0.9428939519978404,-0.9430966783311996
