user_id,Precision@5 - macro,Recall@5 - macro,F1@5 - macro,NDCG@5,MRR@5,Gini - Top 5,CatalogCoverage - Top 5,DeltaGap - Top 5 | Blockbuster,DeltaGap - Top 5 | Niche,DeltaGap - Top 5 | Diverse
sys - fold1,0.009968186638388124,0.0030708518224935575,0.004225859180090785,0.01405591883913143,0.02066101095793567,0.4286166036811923,79.31,-0.40104478968694196,-0.6780572230746454,-0.8064390677894188
sys - mean,0.009968186638388124,0.0030708518224935575,0.004225859180090785,0.01405591883913143,0.02066101095793567,0.4286166036811923,79.31,-0.40104478968694196,-0.6780572230746454,-0.8064390677894188
