user_id,Precision@10 - macro,Recall@10 - macro,F1@10 - macro,NDCG@10,MRR@10,Gini - Top 10,CatalogCoverage - Top 10,DeltaGap - Top 10 | Blockbuster,DeltaGap - Top 10 | Niche,DeltaGap - Top 10 | Diverse
sys - fold1,0.007582781456953642,0.0058276766816112565,0.005301108893140005,0.04696136995375755,0.02007062703668664,0.8692990953215796,34.35,-0.6645965358898953,-0.763590232598478,-0.8279033318989218
sys - mean,0.007582781456953642,0.0058276766816112565,0.005301108893140005,0.04696136995375755,0.02007062703668664,0.8692990953215796,34.35,-0.6645965358898953,-0.763590232598478,-0.8279033318989218
