user_id,Precision@10 - macro,Recall@10 - macro,F1@10 - macro,NDCG@10,MRR@10,Gini - Top 10,CatalogCoverage - Top 10,DeltaGap - Top 10 | Blockbuster,DeltaGap - Top 10 | Niche,DeltaGap - Top 10 | Diverse
sys - fold1,0.0086106971352873,0.005168435095592223,0.005263881417493994,0.05194828688371769,0.026462517446124004,0.45030844739146136,94.66,-0.5621716559430558,-0.7065950535129395,-0.8235570936323198
sys - mean,0.0086106971352873,0.005168435095592223,0.005263881417493994,0.05194828688371769,0.026462517446124004,0.45030844739146136,94.66,-0.5621716559430558,-0.7065950535129395,-0.8235570936323198
