user_id,Precision@20 - macro,Recall@20 - macro,F1@20 - macro,NDCG@20,MRR@20,Gini - Top 20,CatalogCoverage - Top 20,DeltaGap - Top 20 | Blockbuster,DeltaGap - Top 20 | Niche,DeltaGap - Top 20 | Diverse
sys - fold1,0.006946514323563504,0.009334123245338916,0.006415112669451577,0.06619382878143117,0.024477992945012274,0.36820222151672205,99.43,-0.5862685091541615,-0.6977147007485579,-0.7977627427777556
sys - mean,0.006946514323563504,0.009334123245338916,0.006415112669451577,0.06619382878143117,0.024477992945012274,0.36820222151672205,99.43,-0.5862685091541615,-0.6977147007485579,-0.7977627427777556
