user_id,Precision@20 - macro,Recall@20 - macro,F1@20 - macro,NDCG@20,MRR@20,Gini - Top 20,CatalogCoverage - Top 20,DeltaGap - Top 20 | Blockbuster,DeltaGap - Top 20 | Niche,DeltaGap - Top 20 | Diverse
sys - fold1,0.011276701440635866,0.01399533716099822,0.010100704795432977,0.09482950234094151,0.042579053806827916,0.635853725546796,81.54,-0.5166492516943261,-0.6453088646260942,-0.7631204258875917
sys - mean,0.011276701440635866,0.01399533716099822,0.010100704795432977,0.09482950234094151,0.042579053806827916,0.635853725546796,81.54,-0.5166492516943261,-0.6453088646260942,-0.7631204258875917
