user_id,Precision@10 - macro,Recall@10 - macro,F1@10 - macro,NDCG@10,MRR@10,Gini - Top 10,CatalogCoverage - Top 10,DeltaGap - Top 10 | Blockbuster,DeltaGap - Top 10 | Niche,DeltaGap - Top 10 | Diverse
sys - fold1,0.007203179334326876,0.004969702345178333,0.0047566665502668005,0.04307029256744167,0.020948228052053187,0.40117777641774843,99.22,-0.5453368437948819,-0.6845336792572425,-0.8090140973332548
sys - mean,0.007203179334326876,0.004969702345178333,0.0047566665502668005,0.04307029256744167,0.020948228052053187,0.40117777641774843,99.22,-0.5453368437948819,-0.6845336792572425,-0.8090140973332548
