user_id,Precision@10 - macro,Recall@10 - macro,F1@10 - macro,NDCG@10,MRR@10,Gini - Top 10,CatalogCoverage - Top 10,DeltaGap - Top 10 | Blockbuster,DeltaGap - Top 10 | Niche,DeltaGap - Top 10 | Diverse
sys - fold1,0.012386156648451732,0.007549751211571522,0.007739952555261673,0.06371853836955732,0.037852700830842904,0.6512002729606922,69.56,-0.45082363227992356,-0.6082671987661729,-0.7755585322533933
sys - mean,0.012386156648451732,0.007549751211571522,0.007739952555261673,0.06371853836955732,0.037852700830842904,0.6512002729606922,69.56,-0.45082363227992356,-0.6082671987661729,-0.7755585322533933
