user_id,Precision@10 - macro,Recall@10 - macro,F1@10 - macro,NDCG@10,MRR@10,Gini - Top 10,CatalogCoverage - Top 10,DeltaGap - Top 10 | Blockbuster,DeltaGap - Top 10 | Niche,DeltaGap - Top 10 | Diverse
sys - fold1,0.006094733355415701,0.0037692033945871633,0.003589398973001437,0.04108398643802428,0.018008039033212932,0.40254806964933604,97.65,-0.5960488846701342,-0.6858757005718935,-0.7928708533571582
sys - mean,0.006094733355415701,0.0037692033945871633,0.003589398973001437,0.04108398643802428,0.018008039033212932,0.40254806964933604,97.65,-0.5960488846701342,-0.6858757005718935,-0.7928708533571582
