user_id,Precision@10 - macro,Recall@10 - macro,F1@10 - macro,NDCG@10,MRR@10,Gini - Top 10,CatalogCoverage - Top 10,DeltaGap - Top 10 | Blockbuster,DeltaGap - Top 10 | Niche,DeltaGap - Top 10 | Diverse
sys - fold1,0.030562913907284772,0.021389316827522716,0.020251022935277477,0.12646296114162112,0.08114415799432355,0.8002380858438397,58.88,-0.40174820237772557,-0.5548339935501957,-0.7016294321278206
sys - mean,0.030562913907284772,0.021389316827522716,0.020251022935277477,0.12646296114162112,0.08114415799432355,0.8002380858438397,58.88,-0.40174820237772557,-0.5548339935501957,-0.7016294321278206
