user_id,Precision@10 - macro,Recall@10 - macro,F1@10 - macro,NDCG@10,MRR@10,Gini - Top 10,CatalogCoverage - Top 10,DeltaGap - Top 10 | Blockbuster,DeltaGap - Top 10 | Niche,DeltaGap - Top 10 | Diverse
sys - fold1,0.03076031141295345,0.018363303192199903,0.01840268060763142,0.11002773435723111,0.08323098827074313,0.7196415975215439,67.24,-0.340990361386516,-0.47627141987900995,-0.6618012716704187
sys - mean,0.03076031141295345,0.018363303192199903,0.01840268060763142,0.11002773435723111,0.08323098827074313,0.7196415975215439,67.24,-0.340990361386516,-0.47627141987900995,-0.6618012716704187
