user_id,Precision@20 - macro,Recall@20 - macro,F1@20 - macro,NDCG@20,MRR@20,Gini - Top 20,CatalogCoverage - Top 20,DeltaGap - Top 20 | Blockbuster,DeltaGap - Top 20 | Niche,DeltaGap - Top 20 | Diverse
sys - fold1,0.023563027994036773,0.02511725511899345,0.01955107819524933,0.15394794342114265,0.08357003989412187,0.575328920063469,96.92,-0.4000098666988452,-0.5370436007738261,-0.7204984205342586
sys - mean,0.023563027994036773,0.02511725511899345,0.01955107819524933,0.15394794342114265,0.08357003989412187,0.575328920063469,96.92,-0.4000098666988452,-0.5370436007738261,-0.7204984205342586
