user_id,Precision@10 - macro,Recall@10 - macro,F1@10 - macro,NDCG@10,MRR@10,Gini - Top 10,CatalogCoverage - Top 10,DeltaGap - Top 10 | Blockbuster,DeltaGap - Top 10 | Niche,DeltaGap - Top 10 | Diverse
sys - fold1,0.009105960264900662,0.009725295640165417,0.007885695591854834,0.055981935054374495,0.02665326395458846,0.8899561895058584,29.82,-0.6038579960959465,-0.7942298023922871,-0.9196816698562681
sys - mean,0.009105960264900662,0.009725295640165417,0.007885695591854834,0.055981935054374495,0.02665326395458846,0.8899561895058584,29.82,-0.6038579960959465,-0.7942298023922871,-0.9196816698562681
