user_id,Precision@10 - macro,Recall@10 - macro,F1@10 - macro,NDCG@10,MRR@10,Gini - Top 10,CatalogCoverage - Top 10,DeltaGap - Top 10 | Blockbuster,DeltaGap - Top 10 | Niche,DeltaGap - Top 10 | Diverse
sys - fold1,0.024349842637071392,0.017476030707135975,0.01611908569299866,0.0974978105266747,0.07282906205384256,0.5332462800945335,96.95,-0.2354847495624026,-0.43872712227382304,-0.6874594047359295
sys - mean,0.024349842637071392,0.017476030707135975,0.01611908569299866,0.0974978105266747,0.07282906205384256,0.5332462800945335,96.95,-0.2354847495624026,-0.43872712227382304,-0.6874594047359295
