user_id,Precision@20 - macro,Recall@20 - macro,F1@20 - macro,NDCG@20,MRR@20,Gini - Top 20,CatalogCoverage - Top 20,DeltaGap - Top 20 | Blockbuster,DeltaGap - Top 20 | Niche,DeltaGap - Top 20 | Diverse
sys - fold1,0.015087777409738325,0.01851485394409716,0.013203322318856963,0.11830376537499612,0.04323797976977607,0.6751744180418764,37.86,-0.5026110688527116,-0.5512978483375469,-0.6614101588019186
sys - mean,0.015087777409738325,0.01851485394409716,0.013203322318856963,0.11830376537499612,0.04323797976977607,0.6751744180418764,37.86,-0.5026110688527116,-0.5512978483375469,-0.6614101588019186
