user_id,Precision@10 - macro,Recall@10 - macro,F1@10 - macro,NDCG@10,MRR@10,Gini - Top 10,CatalogCoverage - Top 10,DeltaGap - Top 10 | Blockbuster,DeltaGap - Top 10 | Niche,DeltaGap - Top 10 | Diverse
sys - fold1,0.026801391419579264,0.014731768343978052,0.015488922624609741,0.10412981960077296,0.07713682292529402,0.5992650894808232,90.99,-0.3102719253843979,-0.520193507528549,-0.7254735454376368
sys - mean,0.026801391419579264,0.014731768343978052,0.015488922624609741,0.10412981960077296,0.07713682292529402,0.5992650894808232,90.99,-0.3102719253843979,-0.520193507528549,-0.7254735454376368
