user_id,Precision@10 - macro,Recall@10 - macro,F1@10 - macro,NDCG@10,MRR@10,Gini - Top 10,CatalogCoverage - Top 10,DeltaGap - Top 10 | Blockbuster,DeltaGap - Top 10 | Niche,DeltaGap - Top 10 | Diverse
sys - fold1,0.010284862537263994,0.005876078190066893,0.005940549760511745,0.057125909471139526,0.029946976030116142,0.4839385703964627,48.11,-0.464677570442685,-0.5863907664595216,-0.7603131981716633
sys - mean,0.010284862537263994,0.005876078190066893,0.005940549760511745,0.057125909471139526,0.029946976030116142,0.4839385703964627,48.11,-0.464677570442685,-0.5863907664595216,-0.7603131981716633
