user_id,Precision@20 - macro,Recall@20 - macro,F1@20 - macro,NDCG@20,MRR@20,Gini - Top 20,CatalogCoverage - Top 20,DeltaGap - Top 20 | Blockbuster,DeltaGap - Top 20 | Niche,DeltaGap - Top 20 | Diverse
sys - fold1,0.05813741721854304,0.07335585752473568,0.05240956516433688,0.3038193113573249,0.1991902289581718,0.7732002049889448,67.65,-0.12047718645566668,-0.3082808393588241,-0.5083036461839819
sys - mean,0.05813741721854304,0.07335585752473568,0.05240956516433688,0.3038193113573249,0.1991902289581718,0.7732002049889448,67.65,-0.12047718645566668,-0.3082808393588241,-0.5083036461839819
