user_id,Precision@20 - macro,Recall@20 - macro,F1@20 - macro,NDCG@20,MRR@20,Gini - Top 20,CatalogCoverage - Top 20,DeltaGap - Top 20 | Blockbuster,DeltaGap - Top 20 | Niche,DeltaGap - Top 20 | Diverse
sys - fold1,0.024035436330518297,0.027205680880719094,0.02035138234879002,0.1437842677637292,0.07104334215039938,0.7832078905636931,59.34,-0.4265665252947272,-0.562162140048067,-0.7150998341134671
sys - mean,0.024035436330518297,0.027205680880719094,0.02035138234879002,0.1437842677637292,0.07104334215039938,0.7832078905636931,59.34,-0.4265665252947272,-0.562162140048067,-0.7150998341134671
