user_id,Precision@10 - macro,Recall@10 - macro,F1@10 - macro,NDCG@10,MRR@10,Gini - Top 10,CatalogCoverage - Top 10,DeltaGap - Top 10 | Blockbuster,DeltaGap - Top 10 | Niche,DeltaGap - Top 10 | Diverse
sys - fold1,0.03960920682232157,0.022103137795968446,0.02306490011298125,0.1333916441443775,0.1128046664931911,0.6063902565811675,85.27,-0.08777681636950445,-0.35536317236217996,-0.6543365691692069
sys - mean,0.03960920682232157,0.022103137795968446,0.02306490011298125,0.1333916441443775,0.1128046664931911,0.6063902565811675,85.27,-0.08777681636950445,-0.35536317236217996,-0.6543365691692069
