user_id,Precision@10 - macro,Recall@10 - macro,F1@10 - macro,NDCG@10,MRR@10,Gini - Top 10,CatalogCoverage - Top 10,DeltaGap - Top 10 | Blockbuster,DeltaGap - Top 10 | Niche,DeltaGap - Top 10 | Diverse
sys - fold1,0.03316774300380858,0.024907646794479255,0.02242267285021715,0.12382588478507263,0.10017695823706753,0.5897149995231018,88.59,-0.0944072627116689,-0.3135272144319866,-0.6283441641624782
sys - mean,0.03316774300380858,0.024907646794479255,0.02242267285021715,0.12382588478507263,0.10017695823706753,0.5897149995231018,88.59,-0.0944072627116689,-0.3135272144319866,-0.6283441641624782
