user_id,Precision@20 - macro,Recall@20 - macro,F1@20 - macro,NDCG@20,MRR@20,Gini - Top 20,CatalogCoverage - Top 20,DeltaGap - Top 20 | Blockbuster,DeltaGap - Top 20 | Niche,DeltaGap - Top 20 | Diverse
sys - fold1,0.03430203676105315,0.0375351682634894,0.02893832085635404,0.19368574734615246,0.11996302510764235,0.5863507623474454,90.15,-0.20368254333771324,-0.3941637783577041,-0.6621584113165193
sys - mean,0.03430203676105315,0.0375351682634894,0.02893832085635404,0.19368574734615246,0.11996302510764235,0.5863507623474454,90.15,-0.20368254333771324,-0.3941637783577041,-0.6621584113165193
