user_id,Precision@20 - macro,Recall@20 - macro,F1@20 - macro,NDCG@20,MRR@20,Gini - Top 20,CatalogCoverage - Top 20,DeltaGap - Top 20 | Blockbuster,DeltaGap - Top 20 | Niche,DeltaGap - Top 20 | Diverse
sys - fold1,0.028614008941877798,0.039756461529417746,0.026277343882974355,0.17899747705313046,0.10740517201660252,0.5566636623711158,92.12,-0.18650027260019705,-0.3622476891136865,-0.6345129275471099
sys - mean,0.028614008941877798,0.039756461529417746,0.026277343882974355,0.17899747705313046,0.10740517201660252,0.5566636623711158,92.12,-0.18650027260019705,-0.3622476891136865,-0.6345129275471099
