user_id,Precision@10 - macro,Recall@10 - macro,F1@10 - macro,NDCG@10,MRR@10,Gini - Top 10,CatalogCoverage - Top 10,DeltaGap - Top 10 | Blockbuster,DeltaGap - Top 10 | Niche,DeltaGap - Top 10 | Diverse
sys - fold1,0.06905629139072848,0.044562858134708755,0.04404019448810258,0.2129285789044978,0.1896455508251866,0.7714832556057883,55.1,0.010350382080021885,-0.23217969688742804,-0.47521682395419945
sys - mean,0.06905629139072848,0.044562858134708755,0.04404019448810258,0.2129285789044978,0.1896455508251866,0.7714832556057883,55.1,0.010350382080021885,-0.23217969688742804,-0.47521682395419945
