user_id,Precision@10 - macro,Recall@10 - macro,F1@10 - macro,NDCG@10,MRR@10,Gini - Top 10,CatalogCoverage - Top 10,DeltaGap - Top 10 | Blockbuster,DeltaGap - Top 10 | Niche,DeltaGap - Top 10 | Diverse
sys - fold1,0.02432521940718662,0.0137879835481822,0.014135637083750489,0.09399534802098011,0.06299851231545221,0.802120981608783,40.12,-0.41990891250961526,-0.5754035758869042,-0.730155169304792
sys - mean,0.02432521940718662,0.0137879835481822,0.014135637083750489,0.09399534802098011,0.06299851231545221,0.802120981608783,40.12,-0.41990891250961526,-0.5754035758869042,-0.730155169304792
