user_id,Precision@5 - macro,Recall@5 - macro,F1@5 - macro,NDCG@5,MRR@5,Gini - Top 5,CatalogCoverage - Top 5,DeltaGap - Top 5 | Blockbuster,DeltaGap - Top 5 | Niche,DeltaGap - Top 5 | Diverse
sys - fold1,0.5590178867174562,0.35692000016789416,0.36991796118803744,0.8316026341238868,0.7324831621949873,0.6183827088113454,74.31,0.11599099117839054,0.05426913787711055,-0.06811778018439525
sys - mean,0.5590178867174562,0.35692000016789416,0.36991796118803744,0.8316026341238868,0.7324831621949873,0.6183827088113454,74.31,0.11599099117839054,0.05426913787711055,-0.06811778018439525
