user_id,Precision@5 - macro,Recall@5 - macro,F1@5 - macro,NDCG@5,MRR@5,Gini - Top 5,CatalogCoverage - Top 5,DeltaGap - Top 5 | Blockbuster,DeltaGap - Top 5 | Niche,DeltaGap - Top 5 | Diverse
sys - fold1,0.5608112582781457,0.3581057666092151,0.3690474595212509,0.8337619933243106,0.7449116997792494,0.7188725751595052,60.42,0.126409004887252,0.05435040433929064,-0.05098544551356942
sys - mean,0.5608112582781457,0.3581057666092151,0.3690474595212509,0.8337619933243106,0.7449116997792494,0.7188725751595052,60.42,0.126409004887252,0.05435040433929064,-0.05098544551356942
