user_id,Precision@20 - macro,Recall@20 - macro,F1@20 - macro,NDCG@20,MRR@20,Gini - Top 20,CatalogCoverage - Top 20,DeltaGap - Top 20 | Blockbuster,DeltaGap - Top 20 | Niche,DeltaGap - Top 20 | Diverse
sys - fold1,0.01907284768211921,0.02720668718906297,0.017729582169626005,0.1301858057650012,0.07544868716782481,0.48349657279375285,99.41,-0.386008866144473,-0.5437952536452061,-0.7326637202810853
sys - mean,0.01907284768211921,0.02720668718906297,0.017729582169626005,0.1301858057650012,0.07544868716782481,0.48349657279375285,99.41,-0.386008866144473,-0.5437952536452061,-0.7326637202810853
