user_id,Precision@5 - macro,Recall@5 - macro,F1@5 - macro,NDCG@5,MRR@5,Gini - Top 5,CatalogCoverage - Top 5,DeltaGap - Top 5 | Blockbuster,DeltaGap - Top 5 | Niche,DeltaGap - Top 5 | Diverse
sys - fold1,0.5694867549668874,0.3656188198189304,0.3777382133162994,0.8356279617935122,0.7462941501103753,0.6989627264301864,59.28,0.10585557407053192,0.05474382361129201,-0.11056908487488724
sys - mean,0.5694867549668874,0.3656188198189304,0.3777382133162994,0.8356279617935122,0.7462941501103753,0.6989627264301864,59.28,0.10585557407053192,0.05474382361129201,-0.11056908487488724
