user_id,Precision@10 - macro,Recall@10 - macro,F1@10 - macro,NDCG@10,MRR@10,Gini - Top 10,CatalogCoverage - Top 10,DeltaGap - Top 10 | Blockbuster,DeltaGap - Top 10 | Niche,DeltaGap - Top 10 | Diverse
sys - fold1,0.5772108937409484,0.5740668835298836,0.5067796355341869,0.9260560672610495,0.7483603928959119,0.6305768657130715,81.49,0.046773891387928986,0.024630326592470903,-0.04930204887068966
sys - mean,0.5772108937409484,0.5740668835298836,0.5067796355341869,0.9260560672610495,0.7483603928959119,0.6305768657130715,81.49,0.046773891387928986,0.024630326592470903,-0.04930204887068966
