user_id,Precision@20 - macro,Recall@20 - macro,F1@20 - macro,NDCG@20,MRR@20,Gini - Top 20,CatalogCoverage - Top 20,DeltaGap - Top 20 | Blockbuster,DeltaGap - Top 20 | Niche,DeltaGap - Top 20 | Diverse
sys - fold1,0.005838025836369659,0.0068593998721606765,0.004878427658074455,0.06326029932999495,0.02105077269999609,0.3701220147218996,98.87,-0.6309033305886227,-0.6945824119251227,-0.7794643797263207
sys - mean,0.005838025836369659,0.0068593998721606765,0.004878427658074455,0.06326029932999495,0.02105077269999609,0.3701220147218996,98.87,-0.6309033305886227,-0.6945824119251227,-0.7794643797263207
