user_id,Precision@10 - macro,Recall@10 - macro,F1@10 - macro,NDCG@10,MRR@10,Gini - Top 10,CatalogCoverage - Top 10,DeltaGap - Top 10 | Blockbuster,DeltaGap - Top 10 | Niche,DeltaGap - Top 10 | Diverse
sys - fold1,0.5954423890216239,0.5837178947472444,0.5181662010465404,0.9318776875525487,0.7828899192287171,0.6448022762641258,80.17,0.05695980383320267,0.03436355595611978,-0.027681183530217097
sys - mean,0.5954423890216239,0.5837178947472444,0.5181662010465404,0.9318776875525487,0.7828899192287171,0.6448022762641258,80.17,0.05695980383320267,0.03436355595611978,-0.027681183530217097
