user_id,Precision@10 - macro,Recall@10 - macro,F1@10 - macro,NDCG@10,MRR@10,Gini - Top 10,CatalogCoverage - Top 10,DeltaGap - Top 10 | Blockbuster,DeltaGap - Top 10 | Niche,DeltaGap - Top 10 | Diverse
sys - fold1,0.5890506023019685,0.581876261574043,0.5154129228421598,0.9299513505861184,0.7809528409255184,0.6389296923573639,81.17,0.05447061607129866,0.02887205691511992,-0.03491131498786684
sys - mean,0.5890506023019685,0.581876261574043,0.5154129228421598,0.9299513505861184,0.7809528409255184,0.6389296923573639,81.17,0.05447061607129866,0.02887205691511992,-0.03491131498786684
