user_id,Precision@5 - macro,Recall@5 - macro,F1@5 - macro,NDCG@5,MRR@5,Gini - Top 5,CatalogCoverage - Top 5,DeltaGap - Top 5 | Blockbuster,DeltaGap - Top 5 | Niche,DeltaGap - Top 5 | Diverse
sys - fold1,0.618739648890361,0.36888382582751317,0.3884531400716476,0.8489467905745328,0.7740614993927348,0.6367936680637033,70.13,0.18246838794522965,0.10581109084978838,-0.04731320114331649
sys - mean,0.618739648890361,0.36888382582751317,0.3884531400716476,0.8489467905745328,0.7740614993927348,0.6367936680637033,70.13,0.18246838794522965,0.10581109084978838,-0.04731320114331649
