user_id,Precision@5 - macro,Recall@5 - macro,F1@5 - macro,NDCG@5,MRR@5,Gini - Top 5,CatalogCoverage - Top 5,DeltaGap - Top 5 | Blockbuster,DeltaGap - Top 5 | Niche,DeltaGap - Top 5 | Diverse
sys - fold1,0.6642486474550071,0.3949433705633084,0.41801811594512683,0.8675943208295899,0.8298277575356078,0.6590639962615009,70.21,0.22108620800376652,0.16096289436212396,0.015057058486817885
sys - mean,0.6642486474550071,0.3949433705633084,0.41801811594512683,0.8675943208295899,0.8298277575356078,0.6590639962615009,70.21,0.22108620800376652,0.16096289436212396,0.015057058486817885
