user_id,Precision@10 - macro,Recall@10 - macro,F1@10 - macro,NDCG@10,MRR@10,Gini - Top 10,CatalogCoverage - Top 10,DeltaGap - Top 10 | Blockbuster,DeltaGap - Top 10 | Niche,DeltaGap - Top 10 | Diverse
sys - fold1,0.022301324503311258,0.016474592777539605,0.015177118654507899,0.08986304370785525,0.06982990381583097,0.5241052601910746,98.27,-0.3038905690083717,-0.5254527002322606,-0.7324678465618262
sys - mean,0.022301324503311258,0.016474592777539605,0.015177118654507899,0.08986304370785525,0.06982990381583097,0.5241052601910746,98.27,-0.3038905690083717,-0.5254527002322606,-0.7324678465618262
