user_id,Precision@5 - macro,Recall@5 - macro,F1@5 - macro,NDCG@5,MRR@5,Gini - Top 5,CatalogCoverage - Top 5,DeltaGap - Top 5 | Blockbuster,DeltaGap - Top 5 | Niche,DeltaGap - Top 5 | Diverse
sys - fold1,0.619362582781457,0.38472905200714763,0.40260077294694663,0.853986007279031,0.7978476821192053,0.6807906682347374,63.03,0.21064206510579644,0.13355125485893718,-0.0724849875480231
sys - mean,0.619362582781457,0.38472905200714763,0.40260077294694663,0.853986007279031,0.7978476821192053,0.6807906682347374,63.03,0.21064206510579644,0.13355125485893718,-0.0724849875480231
