user_id,Precision@10 - macro,Recall@10 - macro,F1@10 - macro,NDCG@10,MRR@10,Gini - Top 10,CatalogCoverage - Top 10,DeltaGap - Top 10 | Blockbuster,DeltaGap - Top 10 | Niche,DeltaGap - Top 10 | Diverse
sys - fold1,0.6289875071295836,0.5997759631361146,0.5369041976915963,0.9397212371283756,0.8261035412674758,0.670140148211709,79.71,0.12453424470959307,0.09674151498831116,0.024789285069515322
sys - mean,0.6289875071295836,0.5997759631361146,0.5369041976915963,0.9397212371283756,0.8261035412674758,0.670140148211709,79.71,0.12453424470959307,0.09674151498831116,0.024789285069515322
