user_id,Precision@10 - macro,Recall@10 - macro,F1@10 - macro,NDCG@10,MRR@10,Gini - Top 10,CatalogCoverage - Top 10,DeltaGap - Top 10 | Blockbuster,DeltaGap - Top 10 | Niche,DeltaGap - Top 10 | Diverse
sys - fold1,0.5871853647640072,0.5820046282319016,0.5138655278876593,0.9322652928645504,0.8041514243666561,0.7191129422478236,72.8,0.08349070336157066,0.06808400125150703,0.024095475080197316
sys - mean,0.5871853647640072,0.5820046282319016,0.5138655278876593,0.9322652928645504,0.8041514243666561,0.7191129422478236,72.8,0.08349070336157066,0.06808400125150703,0.024095475080197316
