user_id,Precision@10 - macro,Recall@10 - macro,F1@10 - macro,NDCG@10,MRR@10,Gini - Top 10,CatalogCoverage - Top 10,DeltaGap - Top 10 | Blockbuster,DeltaGap - Top 10 | Niche,DeltaGap - Top 10 | Diverse
sys - fold1,0.0057634978469691955,0.0028818162840335204,0.0030497047650475196,0.04098644668135707,0.018233266034690346,0.40014608523616213,97.33,-0.5864416653937415,-0.694492935799347,-0.7916418072648441
sys - mean,0.0057634978469691955,0.0028818162840335204,0.0030497047650475196,0.04098644668135707,0.018233266034690346,0.40014608523616213,97.33,-0.5864416653937415,-0.694492935799347,-0.7916418072648441
