user_id,Precision@5 - macro,Recall@5 - macro,F1@5 - macro,NDCG@5,MRR@5,Gini - Top 5,CatalogCoverage - Top 5,DeltaGap - Top 5 | Blockbuster,DeltaGap - Top 5 | Niche,DeltaGap - Top 5 | Diverse
sys - fold1,0.6651986754966887,0.3953106689344884,0.4183954430244968,0.8676006835906295,0.8340259381898454,0.6603734718018092,69.97,0.2194558215680958,0.1894703550550271,0.01071689782089179
sys - mean,0.6651986754966887,0.3953106689344884,0.4183954430244968,0.8676006835906295,0.8340259381898454,0.6603734718018092,69.97,0.2194558215680958,0.1894703550550271,0.01071689782089179
