user_id,Precision@10 - macro,Recall@10 - macro,F1@10 - macro,NDCG@10,MRR@10,Gini - Top 10,CatalogCoverage - Top 10,DeltaGap - Top 10 | Blockbuster,DeltaGap - Top 10 | Niche,DeltaGap - Top 10 | Diverse
sys - fold1,0.5625199792846365,0.5684397635784694,0.5003738803823456,0.9235687567798502,0.7353461805391251,0.6346447232134244,81.54,0.051056803781075084,0.029189014855458457,-0.0301717799569387
sys - mean,0.5625199792846365,0.5684397635784694,0.5003738803823456,0.9235687567798502,0.7353461805391251,0.6346447232134244,81.54,0.051056803781075084,0.029189014855458457,-0.0301717799569387
