user_id,Precision@5 - macro,Recall@5 - macro,F1@5 - macro,NDCG@5,MRR@5,Gini - Top 5,CatalogCoverage - Top 5,DeltaGap - Top 5 | Blockbuster,DeltaGap - Top 5 | Niche,DeltaGap - Top 5 | Diverse
sys - fold1,0.6571274834437086,0.3908050116546775,0.41345370575388296,0.8634590803944682,0.8220998896247239,0.6576374610303567,67.24,0.2695351828810229,0.18442281332401392,0.006019704523189377
sys - mean,0.6571274834437086,0.3908050116546775,0.41345370575388296,0.8634590803944682,0.8220998896247239,0.6576374610303567,67.24,0.2695351828810229,0.18442281332401392,0.006019704523189377
