user_id,Precision@10 - macro,Recall@10 - macro,F1@10 - macro,NDCG@10,MRR@10,Gini - Top 10,CatalogCoverage - Top 10,DeltaGap - Top 10 | Blockbuster,DeltaGap - Top 10 | Niche,DeltaGap - Top 10 | Diverse
sys - fold1,0.6295571510052383,0.6009274589531722,0.5392896579208801,0.9403341787433455,0.8338076970590632,0.659655774318177,78.06,0.08572462396726745,0.05488812758933336,-0.003642821769246757
sys - mean,0.6295571510052383,0.6009274589531722,0.5392896579208801,0.9403341787433455,0.8338076970590632,0.659655774318177,78.06,0.08572462396726745,0.05488812758933336,-0.003642821769246757
