user_id,Precision@10 - macro,Recall@10 - macro,F1@10 - macro,NDCG@10,MRR@10,Gini - Top 10,CatalogCoverage - Top 10,DeltaGap - Top 10 | Blockbuster,DeltaGap - Top 10 | Niche,DeltaGap - Top 10 | Diverse
sys - fold1,0.6325868548302324,0.6011867231602533,0.5399730834385865,0.9388044404408179,0.8233694680962892,0.6703896499189272,78.44,0.1331774887219582,0.09404254248927485,0.028087118194030352
sys - mean,0.6325868548302324,0.6011867231602533,0.5399730834385865,0.9388044404408179,0.8233694680962892,0.6703896499189272,78.44,0.1331774887219582,0.09404254248927485,0.028087118194030352
