user_id,Precision@5 - macro,Recall@5 - macro,F1@5 - macro,NDCG@5,MRR@5,Gini - Top 5,CatalogCoverage - Top 5,DeltaGap - Top 5 | Blockbuster,DeltaGap - Top 5 | Niche,DeltaGap - Top 5 | Diverse
sys - fold1,0.6578738201689021,0.39416618067541626,0.4162692209406156,0.8659607708761542,0.83301043219076,0.6493409531089979,68.94,0.1872468018722021,0.10562219348020503,-0.03496578555045282
sys - mean,0.6578738201689021,0.39416618067541626,0.4162692209406156,0.8659607708761542,0.83301043219076,0.6493409531089979,68.94,0.1872468018722021,0.10562219348020503,-0.03496578555045282
