user_id,Precision@5 - macro,Recall@5 - macro,F1@5 - macro,NDCG@5,MRR@5,Gini - Top 5,CatalogCoverage - Top 5,DeltaGap - Top 5 | Blockbuster,DeltaGap - Top 5 | Niche,DeltaGap - Top 5 | Diverse
sys - fold1,0.5978970028150355,0.37186712642384284,0.38760612137864564,0.8445590385943074,0.778776839432577,0.6224417840734746,73.21,0.12891067254871974,0.05163154530126561,-0.07841833823213969
sys - mean,0.5978970028150355,0.37186712642384284,0.38760612137864564,0.8445590385943074,0.778776839432577,0.6224417840734746,73.21,0.12891067254871974,0.05163154530126561,-0.07841833823213969
