user_id,Precision@10 - macro,Recall@10 - macro,F1@10 - macro,NDCG@10,MRR@10,Gini - Top 10,CatalogCoverage - Top 10,DeltaGap - Top 10 | Blockbuster,DeltaGap - Top 10 | Niche,DeltaGap - Top 10 | Diverse
sys - fold1,0.6072001471670346,0.5858140126330847,0.5223398232965345,0.931111107748341,0.7729637732576475,0.6476079452598364,80.06,0.07186767118040088,0.04521544499769804,-0.023498348062957537
sys - mean,0.6072001471670346,0.5858140126330847,0.5223398232965345,0.931111107748341,0.7729637732576475,0.6476079452598364,80.06,0.07186767118040088,0.04521544499769804,-0.023498348062957537
