user_id,Precision@20 - macro,Recall@20 - macro,F1@20 - macro,NDCG@20,MRR@20,Gini - Top 20,CatalogCoverage - Top 20,DeltaGap - Top 20 | Blockbuster,DeltaGap - Top 20 | Niche,DeltaGap - Top 20 | Diverse
sys - fold1,0.005829744948658497,0.005538010143736287,0.004507491952116824,0.0620578184250726,0.021363869910061367,0.36770182288131453,98.76,-0.6281359945178685,-0.6940617427974419,-0.7763137514072421
sys - mean,0.005829744948658497,0.005538010143736287,0.004507491952116824,0.0620578184250726,0.021363869910061367,0.36770182288131453,98.76,-0.6281359945178685,-0.6940617427974419,-0.7763137514072421
