user_id,Precision@20 - macro,Recall@20 - macro,F1@20 - macro,NDCG@20,MRR@20,Gini - Top 20,CatalogCoverage - Top 20,DeltaGap - Top 20 | Blockbuster,DeltaGap - Top 20 | Niche,DeltaGap - Top 20 | Diverse
sys - fold1,0.0055978800927459415,0.005902150854764471,0.004499087398181291,0.05707010078833549,0.017896243006003225,0.5721483736517046,99.03,-0.6400471995264031,-0.7049881395329971,-0.7781832825852018
sys - mean,0.0055978800927459415,0.005902150854764471,0.004499087398181291,0.05707010078833549,0.017896243006003225,0.5721483736517046,99.03,-0.6400471995264031,-0.7049881395329971,-0.7781832825852018
