user_id,Precision@10 - macro,Recall@10 - macro,F1@10 - macro,NDCG@10,MRR@10,Gini - Top 10,CatalogCoverage - Top 10,DeltaGap - Top 10 | Blockbuster,DeltaGap - Top 10 | Niche,DeltaGap - Top 10 | Diverse
sys - fold1,0.5824911305581836,0.5809542716272844,0.5126972053470055,0.9312661535303036,0.7808190765268579,0.6975841230905052,74.8,0.05059660432261779,0.04069969619008827,-0.04142231978440512
sys - mean,0.5824911305581836,0.5809542716272844,0.5126972053470055,0.9312661535303036,0.7808190765268579,0.6975841230905052,74.8,0.05059660432261779,0.04069969619008827,-0.04142231978440512
