user_id,Precision@10 - macro,Recall@10 - macro,F1@10 - macro,NDCG@10,MRR@10,Gini - Top 10,CatalogCoverage - Top 10,DeltaGap - Top 10 | Blockbuster,DeltaGap - Top 10 | Niche,DeltaGap - Top 10 | Diverse
sys - fold1,0.5764317391967275,0.5717685227847261,0.5069049011442248,0.9262161696268723,0.7469983096473656,0.6356381387556619,80.36,0.05723588515852295,0.0327949954941884,-0.03444633357330168
sys - mean,0.5764317391967275,0.5717685227847261,0.5069049011442248,0.9262161696268723,0.7469983096473656,0.6356381387556619,80.36,0.05723588515852295,0.0327949954941884,-0.03444633357330168
