user_id,Precision@5 - macro,Recall@5 - macro,F1@5 - macro,NDCG@5,MRR@5,Gini - Top 5,CatalogCoverage - Top 5,DeltaGap - Top 5 | Blockbuster,DeltaGap - Top 5 | Niche,DeltaGap - Top 5 | Diverse
sys - fold1,0.6691623874993099,0.3967623506921578,0.41949473375143354,0.8688643173944056,0.8356772127436365,0.6585143375558642,68.16,0.20648774577352885,0.13575600618620168,-0.010682649034773058
sys - mean,0.6691623874993099,0.3967623506921578,0.41949473375143354,0.8688643173944056,0.8356772127436365,0.6585143375558642,68.16,0.20648774577352885,0.13575600618620168,-0.010682649034773058
