user_id,Precision@10 - macro,Recall@10 - macro,F1@10 - macro,NDCG@10,MRR@10,Gini - Top 10,CatalogCoverage - Top 10,DeltaGap - Top 10 | Blockbuster,DeltaGap - Top 10 | Niche,DeltaGap - Top 10 | Diverse
sys - fold1,0.011278569062603513,0.0073956519284311545,0.007149550344450744,0.05730123473095995,0.02893394743345058,0.6628368304794848,40.56,-0.5116298685152322,-0.6234184147160984,-0.7637957644971527
sys - mean,0.011278569062603513,0.0073956519284311545,0.007149550344450744,0.05730123473095995,0.02893394743345058,0.6628368304794848,40.56,-0.5116298685152322,-0.6234184147160984,-0.7637957644971527
