user_id,Precision@10 - macro,Recall@10 - macro,F1@10 - macro,NDCG@10,MRR@10,Gini - Top 10,CatalogCoverage - Top 10,DeltaGap - Top 10 | Blockbuster,DeltaGap - Top 10 | Niche,DeltaGap - Top 10 | Diverse
sys - fold1,0.617571893801402,0.589570319845147,0.5286567949567408,0.9329829936108687,0.7864142991192171,0.6561999549209517,78.55,0.08321571243288062,0.05862131709309605,0.002191371495400358
sys - mean,0.617571893801402,0.589570319845147,0.5286567949567408,0.9329829936108687,0.7864142991192171,0.6561999549209517,78.55,0.08321571243288062,0.05862131709309605,0.002191371495400358
