user_id,Precision@5 - macro,Recall@5 - macro,F1@5 - macro,NDCG@5,MRR@5,Gini - Top 5,CatalogCoverage - Top 5,DeltaGap - Top 5 | Blockbuster,DeltaGap - Top 5 | Niche,DeltaGap - Top 5 | Diverse
sys - fold1,0.6712479991168515,0.39749019154926996,0.42207651487720016,0.8688095900669025,0.8331925815532373,0.6542325777358795,68.97,0.22281498438495045,0.17102006330370512,-0.016224184708621938
sys - mean,0.6712479991168515,0.39749019154926996,0.42207651487720016,0.8688095900669025,0.8331925815532373,0.6542325777358795,68.97,0.22281498438495045,0.17102006330370512,-0.016224184708621938
