user_id,Precision@10 - macro,Recall@10 - macro,F1@10 - macro,NDCG@10,MRR@10,Gini - Top 10,CatalogCoverage - Top 10,DeltaGap - Top 10 | Blockbuster,DeltaGap - Top 10 | Niche,DeltaGap - Top 10 | Diverse
sys - fold1,0.015783371977475986,0.009449651378982927,0.00939030390916607,0.07640097096090324,0.036982575960714414,0.7224351671821181,25.31,-0.486665093319591,-0.5780465874271891,-0.6551350947455493
sys - mean,0.015783371977475986,0.009449651378982927,0.00939030390916607,0.07640097096090324,0.036982575960714414,0.7224351671821181,25.31,-0.486665093319591,-0.5780465874271891,-0.6551350947455493
