user_id,Precision@10 - macro,Recall@10 - macro,F1@10 - macro,NDCG@10,MRR@10,Gini - Top 10,CatalogCoverage - Top 10,DeltaGap - Top 10 | Blockbuster,DeltaGap - Top 10 | Niche,DeltaGap - Top 10 | Diverse
sys - fold1,0.6345226263438951,0.6024793827375541,0.5409658957463986,0.941505174761321,0.836498208139752,0.669958655217614,78.55,0.1015082128654005,0.07145589365549594,0.012939805545975066
sys - mean,0.6345226263438951,0.6024793827375541,0.5409658957463986,0.941505174761321,0.836498208139752,0.669958655217614,78.55,0.1015082128654005,0.07145589365549594,0.012939805545975066
