user_id,Precision@10 - macro,Recall@10 - macro,F1@10 - macro,NDCG@10,MRR@10,Gini - Top 10,CatalogCoverage - Top 10,DeltaGap - Top 10 | Blockbuster,DeltaGap - Top 10 | Niche,DeltaGap - Top 10 | Diverse
sys - fold1,0.5746125711972706,0.5739246533921424,0.5059239672661782,0.9276780218951539,0.7642168497359755,0.6588213965268396,77.74,0.06464469880667105,0.04940692173318997,-0.004374076745189776
sys - mean,0.5746125711972706,0.5739246533921424,0.5059239672661782,0.9276780218951539,0.7642168497359755,0.6588213965268396,77.74,0.06464469880667105,0.04940692173318997,-0.004374076745189776
