user_id,Precision@5 - macro,Recall@5 - macro,F1@5 - macro,NDCG@5,MRR@5,Gini - Top 5,CatalogCoverage - Top 5,DeltaGap - Top 5 | Blockbuster,DeltaGap - Top 5 | Niche,DeltaGap - Top 5 | Diverse
sys - fold1,0.6731368002649883,0.40137576276325837,0.423875268839477,0.8728354872317913,0.8417936402782378,0.6700557486531329,68.4,0.27514729350135186,0.2359658879233115,0.016930053137306073
sys - mean,0.6731368002649883,0.40137576276325837,0.423875268839477,0.8728354872317913,0.8417936402782378,0.6700557486531329,68.4,0.27514729350135186,0.2359658879233115,0.016930053137306073
