user_id,Precision@5 - macro,Recall@5 - macro,F1@5 - macro,NDCG@5,MRR@5,Gini - Top 5,CatalogCoverage - Top 5,DeltaGap - Top 5 | Blockbuster,DeltaGap - Top 5 | Niche,DeltaGap - Top 5 | Diverse
sys - fold1,0.6537251655629139,0.38207613569995424,0.40506969500271717,0.8610997073232937,0.8090121412803534,0.6741234581736972,69.32,0.2924484008377989,0.24527486336596693,0.019228267503091118
sys - mean,0.6537251655629139,0.38207613569995424,0.40506969500271717,0.8610997073232937,0.8090121412803534,0.6741234581736972,69.32,0.2924484008377989,0.24527486336596693,0.019228267503091118
