user_id,Precision@10 - macro,Recall@10 - macro,F1@10 - macro,NDCG@10,MRR@10,Gini - Top 10,CatalogCoverage - Top 10,DeltaGap - Top 10 | Blockbuster,DeltaGap - Top 10 | Niche,DeltaGap - Top 10 | Diverse
sys - fold1,0.6349828524124882,0.5992162045984615,0.5385587468520412,0.9372449889484443,0.8105137706296647,0.682023596553367,78.06,0.1681225353134768,0.11947576547489026,0.040285393431374314
sys - mean,0.6349828524124882,0.5992162045984615,0.5385587468520412,0.9372449889484443,0.8105137706296647,0.682023596553367,78.06,0.1681225353134768,0.11947576547489026,0.040285393431374314
