user_id,Precision@10 - macro,Recall@10 - macro,F1@10 - macro,NDCG@10,MRR@10,Gini - Top 10,CatalogCoverage - Top 10,DeltaGap - Top 10 | Blockbuster,DeltaGap - Top 10 | Niche,DeltaGap - Top 10 | Diverse
sys - fold1,0.0007423117709437965,0.0013262826094215278,0.0006792812377149443,0.005413421971159036,0.001232557356629467,0.7865708199213581,6.72,-0.9692932403049473,-0.9773736979655041,-0.9766182786058921
sys - mean,0.0007423117709437965,0.0013262826094215278,0.0006792812377149443,0.005413421971159036,0.001232557356629467,0.7865708199213581,6.72,-0.9692932403049473,-0.9773736979655041,-0.9766182786058921
