user_id,Precision@20 - macro,Recall@20 - macro,F1@20 - macro,NDCG@20,MRR@20,Gini - Top 20,CatalogCoverage - Top 20,DeltaGap - Top 20 | Blockbuster,DeltaGap - Top 20 | Niche,DeltaGap - Top 20 | Diverse
sys - fold1,0.0006362672322375398,0.0016628171718309577,0.0006810381348737712,0.00896540983391682,0.0015158626193496132,0.7647351250582569,9.33,-0.9494322601897626,-0.9700774370534972,-0.9696474100844311
sys - mean,0.0006362672322375398,0.0016628171718309577,0.0006810381348737712,0.00896540983391682,0.0015158626193496132,0.7647351250582569,9.33,-0.9494322601897626,-0.9700774370534972,-0.9696474100844311
