user_id,Precision@10 - macro,Recall@10 - macro,F1@10 - macro,NDCG@10,MRR@10,Gini - Top 10,CatalogCoverage - Top 10,DeltaGap - Top 10 | Blockbuster,DeltaGap - Top 10 | Niche,DeltaGap - Top 10 | Diverse
sys - fold1,0.5682724839670756,0.6740162727347974,0.5625479142430629,0.9238917766123054,0.7515700483091788,0.617668544631053,57.43,0.047944712644167574,0.08246588208098929,0.03672291747725284
sys - mean,0.5682724839670756,0.6740162727347974,0.5625479142430629,0.9238917766123054,0.7515700483091788,0.617668544631053,57.43,0.047944712644167574,0.08246588208098929,0.03672291747725284
