user_id,Precision@5 - macro,Recall@5 - macro,F1@5 - macro,NDCG@5,MRR@5,Gini - Top 5,CatalogCoverage - Top 5,DeltaGap - Top 5 | Blockbuster,DeltaGap - Top 5 | Niche,DeltaGap - Top 5 | Diverse
sys - fold1,0.5676033934252386,0.4571139572794304,0.43871443312038994,0.840944119240295,0.7483739837398374,0.626360480932769,42.27,0.1822172776966613,0.13929359692946927,0.01028583084360973
sys - mean,0.5676033934252386,0.4571139572794304,0.43871443312038994,0.840944119240295,0.7483739837398374,0.626360480932769,42.27,0.1822172776966613,0.13929359692946927,0.01028583084360973
