user_id,Precision@20 - macro,Recall@20 - macro,F1@20 - macro,NDCG@20,MRR@20,Gini - Top 20,CatalogCoverage - Top 20,DeltaGap - Top 20 | Blockbuster,DeltaGap - Top 20 | Niche,DeltaGap - Top 20 | Diverse
sys - fold1,0.003220731909256499,0.0022254552031913113,0.0021189701567156443,0.024401462821990037,0.00669711455822708,0.8233169819995914,31.41,-0.7872049870098948,-0.8380628723437287,-0.9124585371814244
sys - mean,0.003220731909256499,0.0022254552031913113,0.0021189701567156443,0.024401462821990037,0.00669711455822708,0.8233169819995914,31.41,-0.7872049870098948,-0.8380628723437287,-0.9124585371814244
