user_id,Precision@10 - macro,Recall@10 - macro,F1@10 - macro,NDCG@10,MRR@10,Gini - Top 10,CatalogCoverage - Top 10,DeltaGap - Top 10 | Blockbuster,DeltaGap - Top 10 | Niche,DeltaGap - Top 10 | Diverse
sys - fold1,0.0025505134150380923,0.0012642939697594447,0.0013521150618909484,0.02300483214271349,0.007921326309037472,0.8804974171758819,35.19,-0.7268181569859247,-0.8459044304237232,-0.9183197679896903
sys - mean,0.0025505134150380923,0.0012642939697594447,0.0013521150618909484,0.02300483214271349,0.007921326309037472,0.8804974171758819,35.19,-0.7268181569859247,-0.8459044304237232,-0.9183197679896903
