user_id,Precision@10 - macro,Recall@10 - macro,F1@10 - macro,NDCG@10,MRR@10,Gini - Top 10,CatalogCoverage - Top 10,DeltaGap - Top 10 | Blockbuster,DeltaGap - Top 10 | Niche,DeltaGap - Top 10 | Diverse
sys - fold1,0.002533532041728763,0.000867138783313782,0.0010847586914621782,0.015110130479401922,0.004930977745185396,0.8219923908250987,17.92,-0.8157464852218209,-0.8625940049960765,-0.9290192710432933
sys - mean,0.002533532041728763,0.000867138783313782,0.0010847586914621782,0.015110130479401922,0.004930977745185396,0.8219923908250987,17.92,-0.8157464852218209,-0.8625940049960765,-0.9290192710432933
