user_id,Precision@10 - macro,Recall@10 - macro,F1@10 - macro,NDCG@10,MRR@10,Gini - Top 10,CatalogCoverage - Top 10,DeltaGap - Top 10 | Blockbuster,DeltaGap - Top 10 | Niche,DeltaGap - Top 10 | Diverse
sys - fold1,0.0021364690294799604,0.0010136065234263266,0.001075408697178841,0.020640209024774432,0.006280461836937491,0.884308409364752,37.16,-0.7214197267225337,-0.8356050032665852,-0.9321843915672358
sys - mean,0.0021364690294799604,0.0010136065234263266,0.001075408697178841,0.020640209024774432,0.006280461836937491,0.884308409364752,37.16,-0.7214197267225337,-0.8356050032665852,-0.9321843915672358
