user_id,Precision@20 - macro,Recall@20 - macro,F1@20 - macro,NDCG@20,MRR@20,Gini - Top 20,CatalogCoverage - Top 20,DeltaGap - Top 20 | Blockbuster,DeltaGap - Top 20 | Niche,DeltaGap - Top 20 | Diverse
sys - fold1,0.01869205298013245,0.014792797344048859,0.013429945272612811,0.10326497494959838,0.05463345823625204,0.6070945141454144,96.65,-0.26725979173809206,-0.551381600726772,-0.8084675224090395
sys - mean,0.01869205298013245,0.014792797344048859,0.013429945272612811,0.10326497494959838,0.05463345823625204,0.6070945141454144,96.65,-0.26725979173809206,-0.551381600726772,-0.8084675224090395
