user_id,Precision@20 - macro,Recall@20 - macro,F1@20 - macro,NDCG@20,MRR@20,Gini - Top 20,CatalogCoverage - Top 20,DeltaGap - Top 20 | Blockbuster,DeltaGap - Top 20 | Niche,DeltaGap - Top 20 | Diverse
sys - fold1,0.03998344370860927,0.04611118302835406,0.03466542895460079,0.21522289917087437,0.13789484384269152,0.7059421983593321,94.95,-0.14347435114758042,-0.3188093903564023,-0.5722975046333074
sys - mean,0.03998344370860927,0.04611118302835406,0.03466542895460079,0.21522289917087437,0.13789484384269152,0.7059421983593321,94.95,-0.14347435114758042,-0.3188093903564023,-0.5722975046333074
