user_id,Precision@20 - macro,Recall@20 - macro,F1@20 - macro,NDCG@20,MRR@20,Gini - Top 20,CatalogCoverage - Top 20,DeltaGap - Top 20 | Blockbuster,DeltaGap - Top 20 | Niche,DeltaGap - Top 20 | Diverse
sys - fold1,0.019428807947019868,0.02490966551802542,0.01772317496790434,0.1453998808264902,0.055362335951551545,0.8397119903875709,31.98,-0.45097334172090986,-0.5569292008381298,-0.6957177605442924
sys - mean,0.019428807947019868,0.02490966551802542,0.01772317496790434,0.1453998808264902,0.055362335951551545,0.8397119903875709,31.98,-0.45097334172090986,-0.5569292008381298,-0.6957177605442924
