user_id,Precision@10 - macro,Recall@10 - macro,F1@10 - macro,NDCG@10,MRR@10,Gini - Top 10,CatalogCoverage - Top 10,DeltaGap - Top 10 | Blockbuster,DeltaGap - Top 10 | Niche,DeltaGap - Top 10 | Diverse
sys - fold1,0.04652317880794702,0.027591804060987424,0.028254274323654755,0.15070159256578275,0.12989028171975192,0.7148199983391809,86.08,-0.05775523521514872,-0.27347780431021634,-0.5595456485285389
sys - mean,0.04652317880794702,0.027591804060987424,0.028254274323654755,0.15070159256578275,0.12989028171975192,0.7148199983391809,86.08,-0.05775523521514872,-0.27347780431021634,-0.5595456485285389
