user_id,Precision@20 - macro,Recall@20 - macro,F1@20 - macro,NDCG@20,MRR@20,Gini - Top 20,CatalogCoverage - Top 20,DeltaGap - Top 20 | Blockbuster,DeltaGap - Top 20 | Niche,DeltaGap - Top 20 | Diverse
sys - fold1,0.04736754966887417,0.06120184947057104,0.04272867903983781,0.2696113703382668,0.1802133237937371,0.884171732247305,29.57,0.026081605241141156,-0.08344373852021908,-0.22563690365603714
sys - mean,0.04736754966887417,0.06120184947057104,0.04272867903983781,0.2696113703382668,0.1802133237937371,0.884171732247305,29.57,0.026081605241141156,-0.08344373852021908,-0.22563690365603714
