user_id,Precision@10 - macro,Recall@10 - macro,F1@10 - macro,NDCG@10,MRR@10,Gini - Top 10,CatalogCoverage - Top 10,DeltaGap - Top 10 | Blockbuster,DeltaGap - Top 10 | Niche,DeltaGap - Top 10 | Diverse
sys - fold1,0.005729425401556549,0.002177004920036145,0.002608488009799579,0.026705876240445636,0.01256495477806953,0.8429385921260291,31.11,-0.6663717889818092,-0.8129454783508931,-0.905099208544881
sys - mean,0.005729425401556549,0.002177004920036145,0.002608488009799579,0.026705876240445636,0.01256495477806953,0.8429385921260291,31.11,-0.6663717889818092,-0.8129454783508931,-0.905099208544881
