user_id,Precision@10 - macro,Recall@10 - macro,F1@10 - macro,NDCG@10,MRR@10,Gini - Top 10,CatalogCoverage - Top 10,DeltaGap - Top 10 | Blockbuster,DeltaGap - Top 10 | Niche,DeltaGap - Top 10 | Diverse
sys - fold1,0.0019039735099337749,0.0011050372088064267,0.0011316487375221866,0.015134280426114437,0.003363358036371281,0.8572128472959666,9.26,-0.8633902182999615,-0.9179360891367916,-0.9614932919817679
sys - mean,0.0019039735099337749,0.0011050372088064267,0.0011316487375221866,0.015134280426114437,0.003363358036371281,0.8572128472959666,9.26,-0.8633902182999615,-0.9179360891367916,-0.9614932919817679
