user_id,Precision@20 - macro,Recall@20 - macro,F1@20 - macro,NDCG@20,MRR@20,Gini - Top 20,CatalogCoverage - Top 20,DeltaGap - Top 20 | Blockbuster,DeltaGap - Top 20 | Niche,DeltaGap - Top 20 | Diverse
sys - fold1,0.006507699950322902,0.005074337808106995,0.0045695719228194655,0.04324775579198454,0.01569190317896483,0.820156553828685,47.22,-0.6419584633183113,-0.7754607232542309,-0.882581536642578
sys - mean,0.006507699950322902,0.005074337808106995,0.0045695719228194655,0.04324775579198454,0.01569190317896483,0.820156553828685,47.22,-0.6419584633183113,-0.7754607232542309,-0.882581536642578
