user_id,Precision@10 - macro,Recall@10 - macro,F1@10 - macro,NDCG@10,MRR@10,Gini - Top 10,CatalogCoverage - Top 10,DeltaGap - Top 10 | Blockbuster,DeltaGap - Top 10 | Niche,DeltaGap - Top 10 | Diverse
sys - fold1,0.05756622516556291,0.03798211493822476,0.03705264975574793,0.191633840023322,0.17192992483969305,0.8801918022582262,20.67,0.260881049351229,0.06890597449532022,-0.19702139546526598
sys - mean,0.05756622516556291,0.03798211493822476,0.03705264975574793,0.191633840023322,0.17192992483969305,0.8801918022582262,20.67,0.260881049351229,0.06890597449532022,-0.19702139546526598
