user_id,Precision@10 - macro,Recall@10 - macro,F1@10 - macro,NDCG@10,MRR@10,Gini - Top 10,CatalogCoverage - Top 10,DeltaGap - Top 10 | Blockbuster,DeltaGap - Top 10 | Niche,DeltaGap - Top 10 | Diverse
sys - fold1,0.019056291390728477,0.007716661596033559,0.009100847075750108,0.06854690843159104,0.04930378166719227,0.6268014833642781,89.99,-0.22888974869683942,-0.5583947846480081,-0.8230551041967848
sys - mean,0.019056291390728477,0.007716661596033559,0.009100847075750108,0.06854690843159104,0.04930378166719227,0.6268014833642781,89.99,-0.22888974869683942,-0.5583947846480081,-0.8230551041967848
