user_id,Precision@20 - macro,Recall@20 - macro,F1@20 - macro,NDCG@20,MRR@20,Gini - Top 20,CatalogCoverage - Top 20,DeltaGap - Top 20 | Blockbuster,DeltaGap - Top 20 | Niche,DeltaGap - Top 20 | Diverse
sys - fold1,0.017301324503311257,0.017833375784562327,0.014117047865244465,0.13714468492624327,0.049053563503771616,0.8621309024857408,25.28,-0.4825309940352623,-0.5263049372830373,-0.5933993397604495
sys - mean,0.017301324503311257,0.017833375784562327,0.014117047865244465,0.13714468492624327,0.049053563503771616,0.8621309024857408,25.28,-0.4825309940352623,-0.5263049372830373,-0.5933993397604495
