user_id,Precision@10 - macro,Recall@10 - macro,F1@10 - macro,NDCG@10,MRR@10,Gini - Top 10,CatalogCoverage - Top 10,DeltaGap - Top 10 | Blockbuster,DeltaGap - Top 10 | Niche,DeltaGap - Top 10 | Diverse
sys - fold1,0.0602317880794702,0.04409071655413535,0.04121479172100024,0.19525388175100677,0.1731651424366656,0.8346902869757175,24.28,0.26443628507291034,0.03916968411512436,-0.2937453176473943
sys - mean,0.0602317880794702,0.04409071655413535,0.04121479172100024,0.19525388175100677,0.1731651424366656,0.8346902869757175,24.28,0.26443628507291034,0.03916968411512436,-0.2937453176473943
