user_id,Precision@10 - macro,Recall@10 - macro,F1@10 - macro,NDCG@10,MRR@10,Gini - Top 10,CatalogCoverage - Top 10,DeltaGap - Top 10 | Blockbuster,DeltaGap - Top 10 | Niche,DeltaGap - Top 10 | Diverse
sys - fold1,0.05500910746812386,0.03266352643587141,0.033381136028316494,0.16298749665898787,0.15014134317413005,0.7411819181972751,81.08,0.15957285073878064,-0.09103372921583475,-0.4608470971187534
sys - mean,0.05500910746812386,0.03266352643587141,0.033381136028316494,0.16298749665898787,0.15014134317413005,0.7411819181972751,81.08,0.15957285073878064,-0.09103372921583475,-0.4608470971187534
