user_id,Precision@20 - macro,Recall@20 - macro,F1@20 - macro,NDCG@20,MRR@20,Gini - Top 20,CatalogCoverage - Top 20,DeltaGap - Top 20 | Blockbuster,DeltaGap - Top 20 | Niche,DeltaGap - Top 20 | Diverse
sys - fold1,0.018744825302202353,0.015072982215640981,0.01359722124009255,0.10116299000832221,0.05699686047781401,0.577208707954018,91.61,-0.29345097929884817,-0.5532374467074862,-0.8252024443907588
sys - mean,0.018744825302202353,0.015072982215640981,0.01359722124009255,0.10116299000832221,0.05699686047781401,0.577208707954018,91.61,-0.29345097929884817,-0.5532374467074862,-0.8252024443907588
