user_id,Precision@10 - macro,Recall@10 - macro,F1@10 - macro,NDCG@10,MRR@10,Gini - Top 10,CatalogCoverage - Top 10,DeltaGap - Top 10 | Blockbuster,DeltaGap - Top 10 | Niche,DeltaGap - Top 10 | Diverse
sys - fold1,0.019705249213445936,0.008141938914822002,0.009474460279416052,0.06705137160424442,0.052222261648491156,0.596113630064289,85.29,-0.25922357067520385,-0.5682214401803962,-0.8380479618927327
sys - mean,0.019705249213445936,0.008141938914822002,0.009474460279416052,0.06705137160424442,0.052222261648491156,0.596113630064289,85.29,-0.25922357067520385,-0.5682214401803962,-0.8380479618927327
