user_id,Precision@20 - macro,Recall@20 - macro,F1@20 - macro,NDCG@20,MRR@20,Gini - Top 20,CatalogCoverage - Top 20,DeltaGap - Top 20 | Blockbuster,DeltaGap - Top 20 | Niche,DeltaGap - Top 20 | Diverse
sys - fold1,0.046878622288458356,0.05276337239027404,0.040148591200503576,0.23391983881256123,0.15795639750357843,0.7362645109093197,89.85,0.04819048080468879,-0.16378842107970984,-0.4863000351108505
sys - mean,0.046878622288458356,0.05276337239027404,0.040148591200503576,0.23391983881256123,0.15795639750357843,0.7362645109093197,89.85,0.04819048080468879,-0.16378842107970984,-0.4863000351108505
