user_id,Precision@20 - macro,Recall@20 - macro,F1@20 - macro,NDCG@20,MRR@20,Gini - Top 20,CatalogCoverage - Top 20,DeltaGap - Top 20 | Blockbuster,DeltaGap - Top 20 | Niche,DeltaGap - Top 20 | Diverse
sys - fold1,0.003013743997350555,0.0019973161941057725,0.0019368416356299765,0.025335485085772293,0.006068999875050022,0.8043167351874333,24.45,-0.7805195161845709,-0.8455027099132121,-0.9128162369500877
sys - mean,0.003013743997350555,0.0019973161941057725,0.0019368416356299765,0.025335485085772293,0.006068999875050022,0.8043167351874333,24.45,-0.7805195161845709,-0.8455027099132121,-0.9128162369500877
