user_id,Precision@10 - macro,Recall@10 - macro,F1@10 - macro,NDCG@10,MRR@10,Gini - Top 10,CatalogCoverage - Top 10,DeltaGap - Top 10 | Blockbuster,DeltaGap - Top 10 | Niche,DeltaGap - Top 10 | Diverse
sys - fold1,0.002169233316774301,0.0008652404118036458,0.0009991434537518682,0.015647682853448485,0.004272427633083371,0.8125533800187016,13.68,-0.8167012721315381,-0.8907505056670769,-0.9232595488048607
sys - mean,0.002169233316774301,0.0008652404118036458,0.0009991434537518682,0.015647682853448485,0.004272427633083371,0.8125533800187016,13.68,-0.8167012721315381,-0.8907505056670769,-0.9232595488048607
