user_id,Precision@10 - macro,Recall@10 - macro,F1@10 - macro,NDCG@10,MRR@10,Gini - Top 10,CatalogCoverage - Top 10,DeltaGap - Top 10 | Blockbuster,DeltaGap - Top 10 | Niche,DeltaGap - Top 10 | Diverse
sys - fold1,0.07846026490066224,0.0638893429726462,0.05719266177553295,0.24101617657422375,0.22109251813308106,0.8405876631977295,23.61,0.2813985545014822,-0.03758172425558581,-0.3083469081192304
sys - mean,0.07846026490066224,0.0638893429726462,0.05719266177553295,0.24101617657422375,0.22109251813308106,0.8405876631977295,23.61,0.2813985545014822,-0.03758172425558581,-0.3083469081192304
