user_id,Precision@5 - macro,Recall@5 - macro,F1@5 - macro,NDCG@5,MRR@5,Gini - Top 5,CatalogCoverage - Top 5,DeltaGap - Top 5 | Blockbuster,DeltaGap - Top 5 | Niche,DeltaGap - Top 5 | Diverse
sys - fold1,0.6364133134624937,0.3839750663241125,0.4045358373627536,0.8580476773347688,0.8044598995418667,0.6322205423917148,71.42,0.15593547715460315,0.07765259016191085,-0.08189510566298273
sys - mean,0.6364133134624937,0.3839750663241125,0.4045358373627536,0.8580476773347688,0.8044598995418667,0.6322205423917148,71.42,0.15593547715460315,0.07765259016191085,-0.08189510566298273
