user_id,Precision@10 - macro,Recall@10 - macro,F1@10 - macro,NDCG@10,MRR@10,Gini - Top 10,CatalogCoverage - Top 10,DeltaGap - Top 10 | Blockbuster,DeltaGap - Top 10 | Niche,DeltaGap - Top 10 | Diverse
sys - fold1,0.5865676771978529,0.5813563050655847,0.5153266937293831,0.9298806524100705,0.7747454612848784,0.6373209178740442,81.84,0.04530709508066699,0.02192952083169225,-0.040638381740039385
sys - mean,0.5865676771978529,0.5813563050655847,0.5153266937293831,0.9298806524100705,0.7747454612848784,0.6373209178740442,81.84,0.04530709508066699,0.02192952083169225,-0.040638381740039385
