user_id,Precision@10 - macro,Recall@10 - macro,F1@10 - macro,NDCG@10,MRR@10,Gini - Top 10,CatalogCoverage - Top 10,DeltaGap - Top 10 | Blockbuster,DeltaGap - Top 10 | Niche,DeltaGap - Top 10 | Diverse
sys - fold1,0.6390385525070956,0.609510103340035,0.5472960761601443,0.9460146669851148,0.8560628876274572,0.7321440946704395,67.16,0.2181472462209231,0.23766025583797004,0.11146684320101263
sys - mean,0.6390385525070956,0.609510103340035,0.5472960761601443,0.9460146669851148,0.8560628876274572,0.7321440946704395,67.16,0.2181472462209231,0.23766025583797004,0.11146684320101263
