user_id,Precision@10 - macro,Recall@10 - macro,F1@10 - macro,NDCG@10,MRR@10,Gini - Top 10,CatalogCoverage - Top 10,DeltaGap - Top 10 | Blockbuster,DeltaGap - Top 10 | Niche,DeltaGap - Top 10 | Diverse
sys - fold1,0.6642709927075611,0.6194255809454695,0.5614308864009642,0.9474003565103213,0.8626296681861438,0.702419157842318,74.96,0.19822407873294517,0.16075461483203077,0.07188197287442631
sys - mean,0.6642709927075611,0.6194255809454695,0.5614308864009642,0.9474003565103213,0.8626296681861438,0.702419157842318,74.96,0.19822407873294517,0.16075461483203077,0.07188197287442631
