user_id,Precision@10 - macro,Recall@10 - macro,F1@10 - macro,NDCG@10,MRR@10,Gini - Top 10,CatalogCoverage - Top 10,DeltaGap - Top 10 | Blockbuster,DeltaGap - Top 10 | Niche,DeltaGap - Top 10 | Diverse
sys - fold1,0.582578905182382,0.5788002023683038,0.5118180492419829,0.9316120455007095,0.7849396877956479,0.6836742340351596,74.74,0.06478370814984394,0.036103991992315405,-0.03558718838429557
sys - mean,0.582578905182382,0.5788002023683038,0.5118180492419829,0.9316120455007095,0.7849396877956479,0.6836742340351596,74.74,0.06478370814984394,0.036103991992315405,-0.03558718838429557
