user_id,Precision@10 - macro,Recall@10 - macro,F1@10 - macro,NDCG@10,MRR@10,Gini - Top 10,CatalogCoverage - Top 10,DeltaGap - Top 10 | Blockbuster,DeltaGap - Top 10 | Niche,DeltaGap - Top 10 | Diverse
sys - fold1,0.5794328380573827,0.5783023539439849,0.5090474859370103,0.9298164939857715,0.771678246765196,0.6472155692943946,81.0,0.05835976955249741,0.03368381929377905,-0.01823659983575792
sys - mean,0.5794328380573827,0.5783023539439849,0.5090474859370103,0.9298164939857715,0.771678246765196,0.6472155692943946,81.0,0.05835976955249741,0.03368381929377905,-0.01823659983575792
