user_id,Precision@10 - macro,Recall@10 - macro,F1@10 - macro,NDCG@10,MRR@10,Gini - Top 10,CatalogCoverage - Top 10,DeltaGap - Top 10 | Blockbuster,DeltaGap - Top 10 | Niche,DeltaGap - Top 10 | Diverse
sys - fold1,0.6584729254404644,0.6166895397646903,0.5571795065737303,0.9474539575360896,0.8620064985252133,0.696328103433887,73.39,0.2102507586786949,0.14421362143342903,0.061218750501256594
sys - mean,0.6584729254404644,0.6166895397646903,0.5571795065737303,0.9474539575360896,0.8620064985252133,0.696328103433887,73.39,0.2102507586786949,0.14421362143342903,0.061218750501256594
