user_id,Precision@5 - macro,Recall@5 - macro,F1@5 - macro,NDCG@5,MRR@5,Gini - Top 5,CatalogCoverage - Top 5,DeltaGap - Top 5 | Blockbuster,DeltaGap - Top 5 | Niche,DeltaGap - Top 5 | Diverse
sys - fold1,0.5968708609271524,0.37566385250128925,0.3910362350578951,0.8480568541811765,0.7827621412803532,0.694468504975657,60.87,0.1503449146719046,0.08986844727870705,-0.04506834569197788
sys - mean,0.5968708609271524,0.37566385250128925,0.3910362350578951,0.8480568541811765,0.7827621412803532,0.694468504975657,60.87,0.1503449146719046,0.08986844727870705,-0.04506834569197788
