user_id,Precision@5 - macro,Recall@5 - macro,F1@5 - macro,NDCG@5,MRR@5,Gini - Top 5,CatalogCoverage - Top 5,DeltaGap - Top 5 | Blockbuster,DeltaGap - Top 5 | Niche,DeltaGap - Top 5 | Diverse
sys - fold1,0.681183774834437,0.40942606288493194,0.43285937545669867,0.8778090315188483,0.8552593818984547,0.7445143054077596,50.7,0.3844052544434659,0.3769142385175967,0.1905161168960283
sys - mean,0.681183774834437,0.40942606288493194,0.43285937545669867,0.8778090315188483,0.8552593818984547,0.7445143054077596,50.7,0.3844052544434659,0.3769142385175967,0.1905161168960283
