user_id,Precision@20 - macro,Recall@20 - macro,F1@20 - macro,NDCG@20,MRR@20,Gini - Top 20,CatalogCoverage - Top 20,DeltaGap - Top 20 | Blockbuster,DeltaGap - Top 20 | Niche,DeltaGap - Top 20 | Diverse
sys - fold1,0.008545876117919841,0.009839661686534953,0.007118020320492415,0.0784129779943968,0.031248529398244514,0.29861869849164246,99.43,-0.5664822783820408,-0.6631902986822413,-0.766526205198956
sys - mean,0.008545876117919841,0.009839661686534953,0.007118020320492415,0.0784129779943968,0.031248529398244514,0.29861869849164246,99.43,-0.5664822783820408,-0.6631902986822413,-0.766526205198956
