user_id,Precision@10 - macro,Recall@10 - macro,F1@10 - macro,NDCG@10,MRR@10,Gini - Top 10,CatalogCoverage - Top 10,DeltaGap - Top 10 | Blockbuster,DeltaGap - Top 10 | Niche,DeltaGap - Top 10 | Diverse
sys - fold1,0.5690919662567013,0.5739549789868051,0.5032371326338467,0.9278806717350648,0.7711076290339536,0.718450937092382,72.05,0.06626764612140731,0.05774853154509816,0.017972871549892334
sys - mean,0.5690919662567013,0.5739549789868051,0.5032371326338467,0.9278806717350648,0.7711076290339536,0.718450937092382,72.05,0.06626764612140731,0.05774853154509816,0.017972871549892334
