user_id,Precision@20 - macro,Recall@20 - macro,F1@20 - macro,NDCG@20,MRR@20,Gini - Top 20,CatalogCoverage - Top 20,DeltaGap - Top 20 | Blockbuster,DeltaGap - Top 20 | Niche,DeltaGap - Top 20 | Diverse
sys - fold1,0.008487909903941703,0.008913845486576378,0.006756713053923403,0.07981533697516094,0.03107529193091401,0.298752158985853,99.43,-0.5640840737417765,-0.6634260050792173,-0.766893258602416
sys - mean,0.008487909903941703,0.008913845486576378,0.006756713053923403,0.07981533697516094,0.03107529193091401,0.298752158985853,99.43,-0.5640840737417765,-0.6634260050792173,-0.766893258602416
