user_id,Precision@10 - macro,Recall@10 - macro,F1@10 - macro,NDCG@10,MRR@10,Gini - Top 10,CatalogCoverage - Top 10,DeltaGap - Top 10 | Blockbuster,DeltaGap - Top 10 | Niche,DeltaGap - Top 10 | Diverse
sys - fold1,0.6643924634068745,0.6202824802824333,0.5612923242057473,0.9473066405061372,0.8684220455340216,0.7017478347540027,74.72,0.20577823790169056,0.17143321446843587,0.0657143654910594
sys - mean,0.6643924634068745,0.6202824802824333,0.5612923242057473,0.9473066405061372,0.8684220455340216,0.7017478347540027,74.72,0.20577823790169056,0.17143321446843587,0.0657143654910594
