user_id,Precision@5 - macro,Recall@5 - macro,F1@5 - macro,NDCG@5,MRR@5,Gini - Top 5,CatalogCoverage - Top 5,DeltaGap - Top 5 | Blockbuster,DeltaGap - Top 5 | Niche,DeltaGap - Top 5 | Diverse
sys - fold1,0.6883581677704192,0.3949811220088009,0.42202410923098926,0.8716618774618491,0.8255877483443708,0.6866468571584038,64.3,0.32475582594338925,0.30452512209820026,0.036900300804595894
sys - mean,0.6883581677704192,0.3949811220088009,0.42202410923098926,0.8716618774618491,0.8255877483443708,0.6866468571584038,64.3,0.32475582594338925,0.30452512209820026,0.036900300804595894
