user_id,Precision@5 - macro,Recall@5 - macro,F1@5 - macro,NDCG@5,MRR@5,Gini - Top 5,CatalogCoverage - Top 5,DeltaGap - Top 5 | Blockbuster,DeltaGap - Top 5 | Niche,DeltaGap - Top 5 | Diverse
sys - fold1,0.5674229877442862,0.358034121113129,0.37010086640729384,0.8348619935230215,0.7412333002097823,0.615610365448505,74.2,0.11614224333693596,0.05866861697099361,-0.06711449255636985
sys - mean,0.5674229877442862,0.358034121113129,0.37010086640729384,0.8348619935230215,0.7412333002097823,0.615610365448505,74.2,0.11614224333693596,0.05866861697099361,-0.06711449255636985
