user_id,Precision@10 - macro,Recall@10 - macro,F1@10 - macro,NDCG@10,MRR@10,Gini - Top 10,CatalogCoverage - Top 10,DeltaGap - Top 10 | Blockbuster,DeltaGap - Top 10 | Niche,DeltaGap - Top 10 | Diverse
sys - fold1,0.6618141471966609,0.6200439319238762,0.561177046684721,0.9480785192489558,0.8703333753880201,0.6886760925380039,75.88,0.17397181994843666,0.14803821371240794,0.06273098919027513
sys - mean,0.6618141471966609,0.6200439319238762,0.561177046684721,0.9480785192489558,0.8703333753880201,0.6886760925380039,75.88,0.17397181994843666,0.14803821371240794,0.06273098919027513
