user_id,Precision@10 - macro,Recall@10 - macro,F1@10 - macro,NDCG@10,MRR@10,Gini - Top 10,CatalogCoverage - Top 10,DeltaGap - Top 10 | Blockbuster,DeltaGap - Top 10 | Niche,DeltaGap - Top 10 | Diverse
sys - fold1,0.010298013245033112,0.006954199071553768,0.006509262806053707,0.05515028650520335,0.017243508882581728,0.913147485233578,6.99,-0.60486113149914,-0.6511604844314244,-0.7288176885913673
sys - mean,0.010298013245033112,0.006954199071553768,0.006509262806053707,0.05515028650520335,0.017243508882581728,0.913147485233578,6.99,-0.60486113149914,-0.6511604844314244,-0.7288176885913673
