user_id,Precision@5 - macro,Recall@5 - macro,F1@5 - macro,NDCG@5,MRR@5,Gini - Top 5,CatalogCoverage - Top 5,DeltaGap - Top 5 | Blockbuster,DeltaGap - Top 5 | Niche,DeltaGap - Top 5 | Diverse
sys - fold1,0.6307170061268421,0.3843643111750246,0.40371195850528035,0.8555119773951286,0.8032842082022409,0.6327124393195435,71.59,0.14416544578040713,0.07423164800353549,-0.057526139356650303
sys - mean,0.6307170061268421,0.3843643111750246,0.40371195850528035,0.8555119773951286,0.8032842082022409,0.6327124393195435,71.59,0.14416544578040713,0.07423164800353549,-0.057526139356650303
