user_id,Precision@10 - macro,Recall@10 - macro,F1@10 - macro,NDCG@10,MRR@10,Gini - Top 10,CatalogCoverage - Top 10,DeltaGap - Top 10 | Blockbuster,DeltaGap - Top 10 | Niche,DeltaGap - Top 10 | Diverse
sys - fold1,0.009059291156011924,0.005266583850937179,0.0050495311846129026,0.053518030984109025,0.027326798004174622,0.3424906206271843,99.16,-0.5174062766694864,-0.6347388083018953,-0.7739149214108118
sys - mean,0.009059291156011924,0.005266583850937179,0.0050495311846129026,0.053518030984109025,0.027326798004174622,0.3424906206271843,99.16,-0.5174062766694864,-0.6347388083018953,-0.7739149214108118
