user_id,Precision@5 - macro,Recall@5 - macro,F1@5 - macro,NDCG@5,MRR@5,Gini - Top 5,CatalogCoverage - Top 5,DeltaGap - Top 5 | Blockbuster,DeltaGap - Top 5 | Niche,DeltaGap - Top 5 | Diverse
sys - fold1,0.6967124875786684,0.4121344680811819,0.4378836525268972,0.8817153094688814,0.8594926576128962,0.682911503796484,64.17,0.3047898217660547,0.26677654374542525,0.07118812421366276
sys - mean,0.6967124875786684,0.4121344680811819,0.4378836525268972,0.8817153094688814,0.8594926576128962,0.682911503796484,64.17,0.3047898217660547,0.26677654374542525,0.07118812421366276
