user_id,Precision@5 - macro,Recall@5 - macro,F1@5 - macro,NDCG@5,MRR@5,Gini - Top 5,CatalogCoverage - Top 5,DeltaGap - Top 5 | Blockbuster,DeltaGap - Top 5 | Niche,DeltaGap - Top 5 | Diverse
sys - fold1,0.6817737661477311,0.3896489648567629,0.41686068614193295,0.8712752744833966,0.8231257590813734,0.6855644876564513,64.46,0.3360170520677242,0.29606749018037753,0.04095482428151971
sys - mean,0.6817737661477311,0.3896489648567629,0.41686068614193295,0.8712752744833966,0.8231257590813734,0.6855644876564513,64.46,0.3360170520677242,0.29606749018037753,0.04095482428151971
