user_id,Precision@10 - macro,Recall@10 - macro,F1@10 - macro,NDCG@10,MRR@10,Gini - Top 10,CatalogCoverage - Top 10,DeltaGap - Top 10 | Blockbuster,DeltaGap - Top 10 | Niche,DeltaGap - Top 10 | Diverse
sys - fold1,0.00935740311361378,0.005112051156561637,0.005269384027478755,0.05142994099616591,0.027255884687981406,0.5266135102626429,98.73,-0.5287655927882918,-0.6459381167413448,-0.781788900183302
sys - mean,0.00935740311361378,0.005112051156561637,0.005269384027478755,0.05142994099616591,0.027255884687981406,0.5266135102626429,98.73,-0.5287655927882918,-0.6459381167413448,-0.781788900183302
