user_id,Precision@5 - macro,Recall@5 - macro,F1@5 - macro,NDCG@5,MRR@5,Gini - Top 5,CatalogCoverage - Top 5,DeltaGap - Top 5 | Blockbuster,DeltaGap - Top 5 | Niche,DeltaGap - Top 5 | Diverse
sys - fold1,0.7058692052980133,0.4157650783758665,0.44273769342653785,0.8823380958808434,0.8628532008830022,0.6893421540190782,65.11,0.3320206358745391,0.26969870325412487,0.08653708253869986
sys - mean,0.7058692052980133,0.4157650783758665,0.44273769342653785,0.8823380958808434,0.8628532008830022,0.6893421540190782,65.11,0.3320206358745391,0.26969870325412487,0.08653708253869986
