user_id,Precision@10 - macro,Recall@10 - macro,F1@10 - macro,NDCG@10,MRR@10,Gini - Top 10,CatalogCoverage - Top 10,DeltaGap - Top 10 | Blockbuster,DeltaGap - Top 10 | Niche,DeltaGap - Top 10 | Diverse
sys - fold1,0.6645498702875752,0.6191981110076028,0.5613217273001434,0.9476187385825028,0.8611373295799525,0.6983997845964708,73.93,0.20780614160161748,0.16221617344553188,0.059957828122824026
sys - mean,0.6645498702875752,0.6191981110076028,0.5613217273001434,0.9476187385825028,0.8611373295799525,0.6983997845964708,73.93,0.20780614160161748,0.16221617344553188,0.059957828122824026
