user_id,Precision@10 - macro,Recall@10 - macro,F1@10 - macro,NDCG@10,MRR@10,Gini - Top 10,CatalogCoverage - Top 10,DeltaGap - Top 10 | Blockbuster,DeltaGap - Top 10 | Niche,DeltaGap - Top 10 | Diverse
sys - fold1,0.6583092753417418,0.6191511519899413,0.5584660068627362,0.9473555835034644,0.8609370521992686,0.6882157319915458,76.93,0.179959471077567,0.14021668550394958,0.059977240233367965
sys - mean,0.6583092753417418,0.6191511519899413,0.5584660068627362,0.9473555835034644,0.8609370521992686,0.6882157319915458,76.93,0.179959471077567,0.14021668550394958,0.059977240233367965
