user_id,Precision@5 - macro,Recall@5 - macro,F1@5 - macro,NDCG@5,MRR@5,Gini - Top 5,CatalogCoverage - Top 5,DeltaGap - Top 5 | Blockbuster,DeltaGap - Top 5 | Niche,DeltaGap - Top 5 | Diverse
sys - fold1,0.7019484462107412,0.40989881825111135,0.4372266039578464,0.8811540580768529,0.8604542694706628,0.6954100925131589,63.33,0.3305280526483186,0.28903372022101625,0.048143900725683884
sys - mean,0.7019484462107412,0.40989881825111135,0.4372266039578464,0.8811540580768529,0.8604542694706628,0.6954100925131589,63.33,0.3305280526483186,0.28903372022101625,0.048143900725683884
