user_id,Precision@5 - macro,Recall@5 - macro,F1@5 - macro,NDCG@5,MRR@5,Gini - Top 5,CatalogCoverage - Top 5,DeltaGap - Top 5 | Blockbuster,DeltaGap - Top 5 | Niche,DeltaGap - Top 5 | Diverse
sys - fold1,0.6826710816777042,0.4110524685190162,0.4336965899561559,0.8762169942713407,0.857397902869757,0.7436897125156123,52.64,0.4173406013166734,0.3931474891069006,0.1756463352730278
sys - mean,0.6826710816777042,0.4110524685190162,0.4336965899561559,0.8762169942713407,0.857397902869757,0.7436897125156123,52.64,0.4173406013166734,0.3931474891069006,0.1756463352730278
