user_id,Precision@20 - macro,Recall@20 - macro,F1@20 - macro,NDCG@20,MRR@20,Gini - Top 20,CatalogCoverage - Top 20,DeltaGap - Top 20 | Blockbuster,DeltaGap - Top 20 | Niche,DeltaGap - Top 20 | Diverse
sys - fold1,0.012230871149387213,0.014939929271772224,0.010592758504382255,0.10206792217410399,0.04012611393105749,0.36538213953139553,52.91,-0.3840634146589388,-0.596106920944889,-0.7619671908700725
sys - mean,0.012230871149387213,0.014939929271772224,0.010592758504382255,0.10206792217410399,0.04012611393105749,0.36538213953139553,52.91,-0.3840634146589388,-0.596106920944889,-0.7619671908700725
