user_id,Precision@20 - macro,Recall@20 - macro,F1@20 - macro,NDCG@20,MRR@20,Gini - Top 20,CatalogCoverage - Top 20,DeltaGap - Top 20 | Blockbuster,DeltaGap - Top 20 | Niche,DeltaGap - Top 20 | Diverse
sys - fold1,0.0074196753892017235,0.009968006434406991,0.006683611874661173,0.06407726006307328,0.029698945725911682,0.5300286926255877,51.54,-0.5135556602214505,-0.6536811789782658,-0.7988237504440944
sys - mean,0.0074196753892017235,0.009968006434406991,0.006683611874661173,0.06407726006307328,0.029698945725911682,0.5300286926255877,51.54,-0.5135556602214505,-0.6536811789782658,-0.7988237504440944
