user_id,Precision@5 - macro,Recall@5 - macro,F1@5 - macro,NDCG@5,MRR@5,Gini - Top 5,CatalogCoverage - Top 5,DeltaGap - Top 5 | Blockbuster,DeltaGap - Top 5 | Niche,DeltaGap - Top 5 | Diverse
sys - fold1,0.6432521940718662,0.38398316076698036,0.4042595712495736,0.8591292023756255,0.8148368935254181,0.67046504906548,66.24,0.19353641482707726,0.13713078928467162,-0.008890466027708427
sys - mean,0.6432521940718662,0.38398316076698036,0.4042595712495736,0.8591292023756255,0.8148368935254181,0.67046504906548,66.24,0.19353641482707726,0.13713078928467162,-0.008890466027708427
