user_id,Precision@5 - macro,Recall@5 - macro,F1@5 - macro,NDCG@5,MRR@5,Gini - Top 5,CatalogCoverage - Top 5,DeltaGap - Top 5 | Blockbuster,DeltaGap - Top 5 | Niche,DeltaGap - Top 5 | Diverse
sys - fold1,0.5978473257161782,0.3634546906961636,0.3789902283263906,0.8437392417129285,0.7594386487829111,0.639364608498715,70.62,0.15962213511726503,0.08888307860502694,-0.048535067755161296
sys - mean,0.5978473257161782,0.3634546906961636,0.3789902283263906,0.8437392417129285,0.7594386487829111,0.639364608498715,70.62,0.15962213511726503,0.08888307860502694,-0.048535067755161296
