user_id,Precision@10 - macro,Recall@10 - macro,F1@10 - macro,NDCG@10,MRR@10,Gini - Top 10,CatalogCoverage - Top 10,DeltaGap - Top 10 | Blockbuster,DeltaGap - Top 10 | Niche,DeltaGap - Top 10 | Diverse
sys - fold1,0.5898137634476432,0.5740455310072525,0.508619760480086,0.9292856142231443,0.7619410997826299,0.6540302843066652,79.74,0.085978959334622,0.05842092675273784,-0.01886875627223579
sys - mean,0.5898137634476432,0.5740455310072525,0.508619760480086,0.9292856142231443,0.7619410997826299,0.6540302843066652,79.74,0.085978959334622,0.05842092675273784,-0.01886875627223579
