user_id,Precision@10 - macro,Recall@10 - macro,F1@10 - macro,NDCG@10,MRR@10,Gini - Top 10,CatalogCoverage - Top 10,DeltaGap - Top 10 | Blockbuster,DeltaGap - Top 10 | Niche,DeltaGap - Top 10 | Diverse
sys - fold1,0.6731854340499587,0.627896947622108,0.5668821015806634,0.9509808903194241,0.8821000068350184,0.722436182559746,72.21,0.2668285372494992,0.23969047014122744,0.10121304672336906
sys - mean,0.6731854340499587,0.627896947622108,0.5668821015806634,0.9509808903194241,0.8821000068350184,0.722436182559746,72.21,0.2668285372494992,0.23969047014122744,0.10121304672336906
