user_id,Precision@10 - macro,Recall@10 - macro,F1@10 - macro,NDCG@10,MRR@10,Gini - Top 10,CatalogCoverage - Top 10,DeltaGap - Top 10 | Blockbuster,DeltaGap - Top 10 | Niche,DeltaGap - Top 10 | Diverse
sys - fold1,0.6727477530747399,0.6207372016503458,0.5633134907965217,0.9451334034775724,0.8416606880058867,0.7127742453232839,73.69,0.25308859289837143,0.21554027743179643,0.08218928196726906
sys - mean,0.6727477530747399,0.6207372016503458,0.5633134907965217,0.9451334034775724,0.8416606880058867,0.7127742453232839,73.69,0.25308859289837143,0.21554027743179643,0.08218928196726906
