user_id,Precision@5 - macro,Recall@5 - macro,F1@5 - macro,NDCG@5,MRR@5,Gini - Top 5,CatalogCoverage - Top 5,DeltaGap - Top 5 | Blockbuster,DeltaGap - Top 5 | Niche,DeltaGap - Top 5 | Diverse
sys - fold1,0.7044205298013245,0.4024329267811428,0.43078413957020606,0.8784458238865395,0.8407974613686535,0.7054431235062606,63.28,0.37591875420979365,0.36539092887746566,0.07417010103474275
sys - mean,0.7044205298013245,0.4024329267811428,0.43078413957020606,0.8784458238865395,0.8407974613686535,0.7054431235062606,63.28,0.37591875420979365,0.36539092887746566,0.07417010103474275
