user_id,Precision@5 - macro,Recall@5 - macro,F1@5 - macro,NDCG@5,MRR@5,Gini - Top 5,CatalogCoverage - Top 5,DeltaGap - Top 5 | Blockbuster,DeltaGap - Top 5 | Niche,DeltaGap - Top 5 | Diverse
sys - fold1,0.7179860881086452,0.42099490386048566,0.44726000011857786,0.8887694957040329,0.881517058628685,0.7237456808172105,58.88,0.40178651389372777,0.4010481938027873,0.13806313458095676
sys - mean,0.7179860881086452,0.42099490386048566,0.44726000011857786,0.8887694957040329,0.881517058628685,0.7237456808172105,58.88,0.40178651389372777,0.4010481938027873,0.13806313458095676
