user_id,Precision@5 - macro,Recall@5 - macro,F1@5 - macro,NDCG@5,MRR@5,Gini - Top 5,CatalogCoverage - Top 5,DeltaGap - Top 5 | Blockbuster,DeltaGap - Top 5 | Niche,DeltaGap - Top 5 | Diverse
sys - fold1,0.6973832394832725,0.41636500860470294,0.44002682628647616,0.8820502746190311,0.8616815722645467,0.6834492124072128,65.81,0.31468822223568294,0.2699935320740559,0.06347393297896793
sys - mean,0.6973832394832725,0.41636500860470294,0.44002682628647616,0.8820502746190311,0.8616815722645467,0.6834492124072128,65.81,0.31468822223568294,0.2699935320740559,0.06347393297896793
