user_id,Precision@10 - macro,Recall@10 - macro,F1@10 - macro,NDCG@10,MRR@10,Gini - Top 10,CatalogCoverage - Top 10,DeltaGap - Top 10 | Blockbuster,DeltaGap - Top 10 | Niche,DeltaGap - Top 10 | Diverse
sys - fold1,0.009437963944856841,0.0062962931368037295,0.0066025987964017365,0.012493035686946558,0.02748405123802791,0.4385710649517763,93.88,-0.5532990170587979,-0.6868309874186701,-0.8036606711984912
sys - mean,0.009437963944856841,0.0062962931368037295,0.0066025987964017365,0.012493035686946558,0.02748405123802791,0.4385710649517763,93.88,-0.5532990170587979,-0.6868309874186701,-0.8036606711984912
