user_id,Precision@5 - macro,Recall@5 - macro,F1@5 - macro,NDCG@5,MRR@5,Gini - Top 5,CatalogCoverage - Top 5,DeltaGap - Top 5 | Blockbuster,DeltaGap - Top 5 | Niche,DeltaGap - Top 5 | Diverse
sys - fold1,0.009544008483563097,0.0028143835241401637,0.0039569534231119596,0.011314415931701242,0.022021915871332624,0.4410847066153541,80.14,-0.5004960897525156,-0.683508659084304,-0.8275760780815298
sys - mean,0.009544008483563097,0.0028143835241401637,0.0039569534231119596,0.011314415931701242,0.022021915871332624,0.4410847066153541,80.14,-0.5004960897525156,-0.683508659084304,-0.8275760780815298
