user_id,Precision@5 - macro,Recall@5 - macro,F1@5 - macro,NDCG@5,MRR@5,Gini - Top 5,CatalogCoverage - Top 5,DeltaGap - Top 5 | Blockbuster,DeltaGap - Top 5 | Niche,DeltaGap - Top 5 | Diverse
sys - fold1,0.006786850477200425,0.0019352865903272886,0.00273263670406877,0.010403066304789599,0.02119123365146695,0.8281643324679123,34.48,-0.6113240090427479,-0.8284491968912789,-0.8248072739128604
sys - mean,0.006786850477200425,0.0019352865903272886,0.00273263670406877,0.010403066304789599,0.02119123365146695,0.8281643324679123,34.48,-0.6113240090427479,-0.8284491968912789,-0.8248072739128604
