user_id,Precision@10 - macro,Recall@10 - macro,F1@10 - macro,NDCG@10,MRR@10,Gini - Top 10,CatalogCoverage - Top 10,DeltaGap - Top 10 | Blockbuster,DeltaGap - Top 10 | Niche,DeltaGap - Top 10 | Diverse
sys - fold1,0.002969247083775186,0.0019854874080633563,0.0019491260926398227,0.00864426632182963,0.009374421383965393,0.37089590531248934,1.84,-0.8791330871651566,-0.880868813505662,-0.8837122736586837
sys - mean,0.002969247083775186,0.0019854874080633563,0.0019491260926398227,0.00864426632182963,0.009374421383965393,0.37089590531248934,1.84,-0.8791330871651566,-0.880868813505662,-0.8837122736586837
