user_id,Precision@10 - macro,Recall@10 - macro,F1@10 - macro,NDCG@10,MRR@10,Gini - Top 10,CatalogCoverage - Top 10,DeltaGap - Top 10 | Blockbuster,DeltaGap - Top 10 | Niche,DeltaGap - Top 10 | Diverse
sys - fold1,0.006574761399787911,0.003958545930694524,0.004263021439743591,0.011371566623597694,0.01501119359019677,0.5156868323720353,2.44,-0.7175795879735043,-0.728020652611369,-0.7936303747875201
sys - mean,0.006574761399787911,0.003958545930694524,0.004263021439743591,0.011371566623597694,0.01501119359019677,0.5156868323720353,2.44,-0.7175795879735043,-0.728020652611369,-0.7936303747875201
