user_id,Precision@10 - macro,Recall@10 - macro,F1@10 - macro,NDCG@10,MRR@10,Gini - Top 10,CatalogCoverage - Top 10,DeltaGap - Top 10 | Blockbuster,DeltaGap - Top 10 | Niche,DeltaGap - Top 10 | Diverse
sys - fold1,0.011876988335100744,0.00812367622776571,0.008310185283787346,0.014988158982426551,0.033747832819943105,0.43228806687043847,80.86,-0.5202384619338135,-0.6215457392437265,-0.7423353383786933
sys - mean,0.011876988335100744,0.00812367622776571,0.008310185283787346,0.014988158982426551,0.033747832819943105,0.43228806687043847,80.86,-0.5202384619338135,-0.6215457392437265,-0.7423353383786933
