user_id,Precision@5 - macro,Recall@5 - macro,F1@5 - macro,NDCG@5,MRR@5,Gini - Top 5,CatalogCoverage - Top 5,DeltaGap - Top 5 | Blockbuster,DeltaGap - Top 5 | Niche,DeltaGap - Top 5 | Diverse
sys - fold1,0.005514316012725346,0.0015764357114794398,0.0022148032134684968,0.007942654092511556,0.01606574761399788,0.8311606107725867,34.42,-0.6732578066957929,-0.8851241613667674,-0.883557713247095
sys - mean,0.005514316012725346,0.0015764357114794398,0.0022148032134684968,0.007942654092511556,0.01606574761399788,0.8311606107725867,34.42,-0.6732578066957929,-0.8851241613667674,-0.883557713247095
