user_id,Precision@5 - macro,Recall@5 - macro,F1@5 - macro,NDCG@5,MRR@5,Gini - Top 5,CatalogCoverage - Top 5,DeltaGap - Top 5 | Blockbuster,DeltaGap - Top 5 | Niche,DeltaGap - Top 5 | Diverse
sys - fold1,0.0042417815482502655,0.0015970514553973235,0.0018787057636606766,0.010236553919897336,0.010321668434075644,0.38286055143160125,0.95,-0.8403795439951592,-0.8462272670713317,-0.8512226233678685
sys - mean,0.0042417815482502655,0.0015970514553973235,0.0018787057636606766,0.010236553919897336,0.010321668434075644,0.38286055143160125,0.95,-0.8403795439951592,-0.8462272670713317,-0.8512226233678685
