user_id,Precision@5 - macro,Recall@5 - macro,F1@5 - macro,NDCG@5,MRR@5,Gini - Top 5,CatalogCoverage - Top 5,DeltaGap - Top 5 | Blockbuster,DeltaGap - Top 5 | Niche,DeltaGap - Top 5 | Diverse
sys - fold1,0.011452810180275717,0.0034138878412058567,0.004749905048848025,0.013492408567189994,0.026511134676564158,0.4387513255567338,71.34,-0.4459493212698949,-0.6304459621742777,-0.7729174010325414
sys - mean,0.011452810180275717,0.0034138878412058567,0.004749905048848025,0.013492408567189994,0.026511134676564158,0.4387513255567338,71.34,-0.4459493212698949,-0.6304459621742777,-0.7729174010325414
