user_id,Precision@10 - macro,Recall@10 - macro,F1@10 - macro,NDCG@10,MRR@10,Gini - Top 10,CatalogCoverage - Top 10,DeltaGap - Top 10 | Blockbuster,DeltaGap - Top 10 | Niche,DeltaGap - Top 10 | Diverse
sys - fold1,0.007847295864262992,0.0050062738037889,0.00547455772862329,0.01181041990087018,0.026329764850443537,0.8235414406189693,56.42,-0.5886199882686056,-0.7191438040898422,-0.77240016308165
sys - mean,0.007847295864262992,0.0050062738037889,0.00547455772862329,0.01181041990087018,0.026329764850443537,0.8235414406189693,56.42,-0.5886199882686056,-0.7191438040898422,-0.77240016308165
