user_id,Precision@10 - macro,Recall@10 - macro,F1@10 - macro,NDCG@10,MRR@10,Gini - Top 10,CatalogCoverage - Top 10,DeltaGap - Top 10 | Blockbuster,DeltaGap - Top 10 | Niche,DeltaGap - Top 10 | Diverse
sys - fold1,0.004772004241781549,0.0029940663871770748,0.0032772260642592544,0.008961441809908825,0.018442491878334934,0.8317254115394442,57.49,-0.6384085805947716,-0.8620194618024738,-0.9058744359266836
sys - mean,0.004772004241781549,0.0029940663871770748,0.0032772260642592544,0.008961441809908825,0.018442491878334934,0.8317254115394442,57.49,-0.6384085805947716,-0.8620194618024738,-0.9058744359266836
