user_id,Precision@5 - macro,Recall@5 - macro,F1@5 - macro,NDCG@5,MRR@5,Gini - Top 5,CatalogCoverage - Top 5,DeltaGap - Top 5 | Blockbuster,DeltaGap - Top 5 | Niche,DeltaGap - Top 5 | Diverse
sys - fold1,0.0019088016967126196,0.0011789404275045798,0.0011242744382092928,0.00368731096541778,0.004453870625662779,0.8228135290506223,4.52,-0.9330704991448351,-0.9339951616619074,-0.9330429708610853
sys - mean,0.0019088016967126196,0.0011789404275045798,0.0011242744382092928,0.00368731096541778,0.004453870625662779,0.8228135290506223,4.52,-0.9330704991448351,-0.9339951616619074,-0.9330429708610853
