user_id,Precision@5 - macro,Recall@5 - macro,F1@5 - macro,NDCG@5,MRR@5,Gini - Top 5,CatalogCoverage - Top 5,DeltaGap - Top 5 | Blockbuster,DeltaGap - Top 5 | Niche,DeltaGap - Top 5 | Diverse
sys - fold1,0.0012725344644750798,0.000890225618897868,0.0007825753690446882,0.0018835008130534613,0.002562743018734535,0.8121373749251913,6.0,-0.9631470504543195,-0.9595510036266874,-0.9590396121999503
sys - mean,0.0012725344644750798,0.000890225618897868,0.0007825753690446882,0.0018835008130534613,0.002562743018734535,0.8121373749251913,6.0,-0.9631470504543195,-0.9595510036266874,-0.9590396121999503
