user_id,Precision@10 - macro,Recall@10 - macro,F1@10 - macro,NDCG@10,MRR@10,Gini - Top 10,CatalogCoverage - Top 10,DeltaGap - Top 10 | Blockbuster,DeltaGap - Top 10 | Niche,DeltaGap - Top 10 | Diverse
sys - fold1,0.0009544008483563098,0.0011789404275045798,0.0008011319494330307,0.0022874185964701995,0.003042468312881886,0.8027121694141842,7.85,-0.9588903442314897,-0.9574890579404727,-0.958221282151937
sys - mean,0.0009544008483563098,0.0011789404275045798,0.0008011319494330307,0.0022874185964701995,0.003042468312881886,0.8027121694141842,7.85,-0.9588903442314897,-0.9574890579404727,-0.958221282151937
