user_id,Precision@10 - macro,Recall@10 - macro,F1@10 - macro,NDCG@10,MRR@10,Gini - Top 10,CatalogCoverage - Top 10,DeltaGap - Top 10 | Blockbuster,DeltaGap - Top 10 | Niche,DeltaGap - Top 10 | Diverse
sys - fold1,0.0018027571580063629,0.001595831710270962,0.0012812736293792647,0.004324406303536347,0.0054549815684492246,0.8153638765569675,7.02,-0.914459646207069,-0.9255182094388562,-0.9241458659554084
sys - mean,0.0018027571580063629,0.001595831710270962,0.0012812736293792647,0.004324406303536347,0.0054549815684492246,0.8153638765569675,7.02,-0.914459646207069,-0.9255182094388562,-0.9241458659554084
