user_id,Precision@5 - macro,Recall@5 - macro,F1@5 - macro,NDCG@5,MRR@5,Gini - Top 5,CatalogCoverage - Top 5,DeltaGap - Top 5 | Blockbuster,DeltaGap - Top 5 | Niche,DeltaGap - Top 5 | Diverse
sys - fold1,0.0038176033934252387,0.0014991641888992405,0.0017305800588011437,0.007845051555348894,0.00825379992930364,0.30518103317679135,0.83,-0.8572593248175855,-0.8588872341613961,-0.8660260687016261
sys - mean,0.0038176033934252387,0.0014991641888992405,0.0017305800588011437,0.007845051555348894,0.00825379992930364,0.30518103317679135,0.83,-0.8572593248175855,-0.8588872341613961,-0.8660260687016261
