user_id,Precision@20 - macro,Recall@20 - macro,F1@20 - macro,NDCG@20,MRR@20,Gini - Top 20,CatalogCoverage - Top 20,DeltaGap - Top 20 | Blockbuster,DeltaGap - Top 20 | Niche,DeltaGap - Top 20 | Diverse
sys - fold1,0.03932119205298013,0.04477074201126586,0.03372958944452491,0.2131687120857515,0.13359634347622706,0.6994672964330835,95.9,-0.143698171072746,-0.32538459714075124,-0.5756845768725292
sys - mean,0.03932119205298013,0.04477074201126586,0.03372958944452491,0.2131687120857515,0.13359634347622706,0.6994672964330835,95.9,-0.143698171072746,-0.32538459714075124,-0.5756845768725292
