user_id,Precision@5 - macro,Recall@5 - macro,F1@5 - macro,NDCG@5,MRR@5,Gini - Top 5,CatalogCoverage - Top 5,DeltaGap - Top 5 | Blockbuster,DeltaGap - Top 5 | Niche,DeltaGap - Top 5 | Diverse
sys - fold1,0.6972424643921828,0.40983680777688275,0.4356679153193954,0.8810519149806915,0.8590178867174562,0.6893058701236785,63.36,0.31072850427289816,0.2547466583444674,0.05817963581765966
sys - mean,0.6972424643921828,0.40983680777688275,0.4356679153193954,0.8810519149806915,0.8590178867174562,0.6893058701236785,63.36,0.31072850427289816,0.2547466583444674,0.05817963581765966
