user_id,Precision@5 - macro,Recall@5 - macro,F1@5 - macro,NDCG@5,MRR@5,Gini - Top 5,CatalogCoverage - Top 5,DeltaGap - Top 5 | Blockbuster,DeltaGap - Top 5 | Niche,DeltaGap - Top 5 | Diverse
sys - fold1,0.6258486504388143,0.380681804727037,0.4001746016331879,0.8549723353263006,0.7928161395374511,0.628138663108249,71.96,0.14267685207557507,0.06948327991157695,-0.08928717815171423
sys - mean,0.6258486504388143,0.380681804727037,0.4001746016331879,0.8549723353263006,0.7928161395374511,0.628138663108249,71.96,0.14267685207557507,0.06948327991157695,-0.08928717815171423
