user_id,Precision@10 - macro,Recall@10 - macro,F1@10 - macro,NDCG@10,MRR@10,Gini - Top 10,CatalogCoverage - Top 10,DeltaGap - Top 10 | Blockbuster,DeltaGap - Top 10 | Niche,DeltaGap - Top 10 | Diverse
sys - fold1,0.5830065552743148,0.5725351807922702,0.5062590036290783,0.9267789267112267,0.7476783184433459,0.6491809687499046,80.22,0.08184391084899802,0.048378645212042326,-0.020258906932447803
sys - mean,0.5830065552743148,0.5725351807922702,0.5062590036290783,0.9267789267112267,0.7476783184433459,0.6491809687499046,80.22,0.08184391084899802,0.048378645212042326,-0.020258906932447803
