user_id,Precision@10 - macro,Recall@10 - macro,F1@10 - macro,NDCG@10,MRR@10,Gini - Top 10,CatalogCoverage - Top 10,DeltaGap - Top 10 | Blockbuster,DeltaGap - Top 10 | Niche,DeltaGap - Top 10 | Diverse
sys - fold1,0.054834437086092716,0.04113132157643167,0.03835224059597328,0.1903517400608634,0.16404170608640808,0.8463112052373952,23.58,0.18664968203557852,0.01386650223915205,-0.2335457641991833
sys - mean,0.054834437086092716,0.04113132157643167,0.03835224059597328,0.1903517400608634,0.16404170608640808,0.8463112052373952,23.58,0.18664968203557852,0.01386650223915205,-0.2335457641991833
