user_id,Precision@5 - macro,Recall@5 - macro,F1@5 - macro,NDCG@5,MRR@5,Gini - Top 5,CatalogCoverage - Top 5,DeltaGap - Top 5 | Blockbuster,DeltaGap - Top 5 | Niche,DeltaGap - Top 5 | Diverse
sys - fold1,0.6734475906607054,0.4052981240188221,0.42743454308221496,0.8712848274182293,0.8176740078379421,0.6748207284524187,66.73,0.20462432680162734,0.12911057011185148,-0.05791794280202792
sys - mean,0.6734475906607054,0.4052981240188221,0.42743454308221496,0.8712848274182293,0.8176740078379421,0.6748207284524187,66.73,0.20462432680162734,0.12911057011185148,-0.05791794280202792
