user_id,Precision@5 - macro,Recall@5 - macro,F1@5 - macro,NDCG@5,MRR@5,Gini - Top 5,CatalogCoverage - Top 5,DeltaGap - Top 5 | Blockbuster,DeltaGap - Top 5 | Niche,DeltaGap - Top 5 | Diverse
sys - fold1,0.6817737661477309,0.40733257676283285,0.4307176451270988,0.873506767164162,0.8281853814728939,0.6809037976285939,66.06,0.233074018375509,0.17489899852522725,-0.01640449231417387
sys - mean,0.6817737661477309,0.40733257676283285,0.4307176451270988,0.873506767164162,0.8281853814728939,0.6809037976285939,66.06,0.233074018375509,0.17489899852522725,-0.01640449231417387
