user_id,Precision@10 - macro,Recall@10 - macro,F1@10 - macro,NDCG@10,MRR@10,Gini - Top 10,CatalogCoverage - Top 10,DeltaGap - Top 10 | Blockbuster,DeltaGap - Top 10 | Niche,DeltaGap - Top 10 | Diverse
sys - fold1,0.6634760274872895,0.6187722008221209,0.5604213316703589,0.9471348183240069,0.8648583442430743,0.6966888742498752,74.72,0.18510448032656512,0.16205469895732738,0.07614909135736796
sys - mean,0.6634760274872895,0.6187722008221209,0.5604213316703589,0.9471348183240069,0.8648583442430743,0.6966888742498752,74.72,0.18510448032656512,0.16205469895732738,0.07614909135736796
