user_id,Precision@5 - macro,Recall@5 - macro,F1@5 - macro,NDCG@5,MRR@5,Gini - Top 5,CatalogCoverage - Top 5,DeltaGap - Top 5 | Blockbuster,DeltaGap - Top 5 | Niche,DeltaGap - Top 5 | Diverse
sys - fold1,0.6482858562437893,0.3805375854851857,0.40259234938308197,0.8587607727940971,0.7875207022192778,0.6655690788103332,68.0,0.25350403455800735,0.1856132277245343,-0.02935959248598622
sys - mean,0.6482858562437893,0.3805375854851857,0.40259234938308197,0.8587607727940971,0.7875207022192778,0.6655690788103332,68.0,0.25350403455800735,0.1856132277245343,-0.02935959248598622
