user_id,Precision@10 - macro,Recall@10 - macro,F1@10 - macro,NDCG@10,MRR@10,Gini - Top 10,CatalogCoverage - Top 10,DeltaGap - Top 10 | Blockbuster,DeltaGap - Top 10 | Niche,DeltaGap - Top 10 | Diverse
sys - fold1,0.5634563886260906,0.5721337985378693,0.5026010577362965,0.9239595855053333,0.7272467281614633,0.6945783837651399,72.77,0.03451414730376265,0.01267366370810423,-0.08895298951361494
sys - mean,0.5634563886260906,0.5721337985378693,0.5026010577362965,0.9239595855053333,0.7272467281614633,0.6945783837651399,72.77,0.03451414730376265,0.01267366370810423,-0.08895298951361494
