user_id,Precision@20 - macro,Recall@20 - macro,F1@20 - macro,NDCG@20,MRR@20,Gini - Top 20,CatalogCoverage - Top 20,DeltaGap - Top 20 | Blockbuster,DeltaGap - Top 20 | Niche,DeltaGap - Top 20 | Diverse
sys - fold1,0.0027161311692613446,0.0028966833340611253,0.0021608849108079335,0.032319257496684115,0.008222437525723884,0.8754042304531501,54.8,-0.7211537071976902,-0.8131204777538253,-0.9076476446381099
sys - mean,0.0027161311692613446,0.0028966833340611253,0.0021608849108079335,0.032319257496684115,0.008222437525723884,0.8754042304531501,54.8,-0.7211537071976902,-0.8131204777538253,-0.9076476446381099
