user_id,Precision@10 - macro,Recall@10 - macro,F1@10 - macro,NDCG@10,MRR@10,Gini - Top 10,CatalogCoverage - Top 10,DeltaGap - Top 10 | Blockbuster,DeltaGap - Top 10 | Niche,DeltaGap - Top 10 | Diverse
sys - fold1,0.6453450541364448,0.6147706282426083,0.5521204381880972,0.9467080007821929,0.8594393855776306,0.7358917189842085,69.4,0.22919188665834644,0.2713766920851035,0.14025528223770098
sys - mean,0.6453450541364448,0.6147706282426083,0.5521204381880972,0.9467080007821929,0.8594393855776306,0.7358917189842085,69.4,0.22919188665834644,0.2713766920851035,0.14025528223770098
