user_id,Precision@10 - macro,Recall@10 - macro,F1@10 - macro,NDCG@10,MRR@10,Gini - Top 10,CatalogCoverage - Top 10,DeltaGap - Top 10 | Blockbuster,DeltaGap - Top 10 | Niche,DeltaGap - Top 10 | Diverse
sys - fold1,0.6324171528434773,0.6039275669044958,0.5404807301213995,0.9430002481271718,0.8396963365920319,0.7380141489974102,69.4,0.1795891854062569,0.17467864679644804,0.122085938804701
sys - mean,0.6324171528434773,0.6039275669044958,0.5404807301213995,0.9430002481271718,0.8396963365920319,0.7380141489974102,69.4,0.1795891854062569,0.17467864679644804,0.122085938804701
