user_id,Precision@10 - macro,Recall@10 - macro,F1@10 - macro,NDCG@10,MRR@10,Gini - Top 10,CatalogCoverage - Top 10,DeltaGap - Top 10 | Blockbuster,DeltaGap - Top 10 | Niche,DeltaGap - Top 10 | Diverse
sys - fold1,0.04678807947019868,0.027778843836298434,0.028319226805924955,0.14839905279402438,0.12607964101755492,0.7118830515032849,88.21,-0.0488037599705335,-0.26750480135662136,-0.5646866327108601
sys - mean,0.04678807947019868,0.027778843836298434,0.028319226805924955,0.14839905279402438,0.12607964101755492,0.7118830515032849,88.21,-0.0488037599705335,-0.26750480135662136,-0.5646866327108601
