user_id,Precision@10 - macro,Recall@10 - macro,F1@10 - macro,NDCG@10,MRR@10,Gini - Top 10,CatalogCoverage - Top 10,DeltaGap - Top 10 | Blockbuster,DeltaGap - Top 10 | Niche,DeltaGap - Top 10 | Diverse
sys - fold1,0.5533778792515128,0.5640875158659938,0.4948349517732066,0.9224431289637859,0.7312818419848892,0.6395602914929022,81.33,0.039974002044821225,0.024453660714485417,-0.031421076872767725
sys - mean,0.5533778792515128,0.5640875158659938,0.4948349517732066,0.9224431289637859,0.7312818419848892,0.6395602914929022,81.33,0.039974002044821225,0.024453660714485417,-0.031421076872767725
