user_id,Precision@20 - macro,Recall@20 - macro,F1@20 - macro,NDCG@20,MRR@20,Gini - Top 20,CatalogCoverage - Top 20,DeltaGap - Top 20 | Blockbuster,DeltaGap - Top 20 | Niche,DeltaGap - Top 20 | Diverse
sys - fold1,0.002028817489234846,0.001725318482317879,0.0015470856679753303,0.02339790048403509,0.00676497852677328,0.8208010930771779,10.79,-0.8033401706975888,-0.8842412578427845,-0.9327550379800553
sys - mean,0.002028817489234846,0.001725318482317879,0.0015470856679753303,0.02339790048403509,0.00676497852677328,0.8208010930771779,10.79,-0.8033401706975888,-0.8842412578427845,-0.9327550379800553
