user_id,Precision@10 - macro,Recall@10 - macro,F1@10 - macro,NDCG@10,MRR@10,Gini - Top 10,CatalogCoverage - Top 10,DeltaGap - Top 10 | Blockbuster,DeltaGap - Top 10 | Niche,DeltaGap - Top 10 | Diverse
sys - fold1,0.001523683338853925,0.0005305784286514103,0.0006977789992548036,0.015496852742495617,0.0053321687513472864,0.8286289622406112,6.13,-0.8293307850593963,-0.9480916517963144,-0.9546268235447746
sys - mean,0.001523683338853925,0.0005305784286514103,0.0006977789992548036,0.015496852742495617,0.0053321687513472864,0.8286289622406112,6.13,-0.8293307850593963,-0.9480916517963144,-0.9546268235447746
