user_id,Precision@5 - macro,Recall@5 - macro,F1@5 - macro,NDCG@5,MRR@5,Gini - Top 5,CatalogCoverage - Top 5,DeltaGap - Top 5 | Blockbuster,DeltaGap - Top 5 | Niche,DeltaGap - Top 5 | Diverse
sys - fold1,0.6698261589403973,0.401648214660306,0.4243346588412217,0.8711178079138064,0.836832229580574,0.7532142584464971,52.35,0.31966729532743526,0.28607375612860503,0.14280316822664832
sys - mean,0.6698261589403973,0.401648214660306,0.4243346588412217,0.8711178079138064,0.836832229580574,0.7532142584464971,52.35,0.31966729532743526,0.28607375612860503,0.14280316822664832
