user_id,Precision@10 - macro,Recall@10 - macro,F1@10 - macro,NDCG@10,MRR@10,Gini - Top 10,CatalogCoverage - Top 10,DeltaGap - Top 10 | Blockbuster,DeltaGap - Top 10 | Niche,DeltaGap - Top 10 | Diverse
sys - fold1,0.6622312887627457,0.6184283035178472,0.5598472271128238,0.9474542543953067,0.86035733995585,0.6997933660609024,75.34,0.19360902698294907,0.15730315424588595,0.07317614094274573
sys - mean,0.6622312887627457,0.6184283035178472,0.5598472271128238,0.9474542543953067,0.86035733995585,0.6997933660609024,75.34,0.19360902698294907,0.15730315424588595,0.07317614094274573
