user_id,Precision@10 - macro,Recall@10 - macro,F1@10 - macro,NDCG@10,MRR@10,Gini - Top 10,CatalogCoverage - Top 10,DeltaGap - Top 10 | Blockbuster,DeltaGap - Top 10 | Niche,DeltaGap - Top 10 | Diverse
sys - fold1,0.006641271944352436,0.0033756170571126115,0.003714232538683896,0.04458615333339898,0.020005704611534357,0.47703096345793466,98.08,-0.5583119205147781,-0.6664829965231879,-0.7808083243709113
sys - mean,0.006641271944352436,0.0033756170571126115,0.003714232538683896,0.04458615333339898,0.020005704611534357,0.47703096345793466,98.08,-0.5583119205147781,-0.6664829965231879,-0.7808083243709113
