user_id,Precision@5 - macro,Recall@5 - macro,F1@5 - macro,NDCG@5,MRR@5,Gini - Top 5,CatalogCoverage - Top 5,DeltaGap - Top 5 | Blockbuster,DeltaGap - Top 5 | Niche,DeltaGap - Top 5 | Diverse
sys - fold1,0.6843460264900662,0.4066987396365787,0.4309869776739309,0.8742073672714954,0.8320171081677704,0.6845012381735675,65.92,0.2490074708658637,0.16865219922656655,-0.011937162629248316
sys - mean,0.6843460264900662,0.4066987396365787,0.4309869776739309,0.8742073672714954,0.8320171081677704,0.6845012381735675,65.92,0.2490074708658637,0.16865219922656655,-0.011937162629248316
