user_id,Precision@5 - macro,Recall@5 - macro,F1@5 - macro,NDCG@5,MRR@5,Gini - Top 5,CatalogCoverage - Top 5,DeltaGap - Top 5 | Blockbuster,DeltaGap - Top 5 | Niche,DeltaGap - Top 5 | Diverse
sys - fold1,0.5863387978142076,0.3600799829308697,0.37523202588353055,0.8383351444572127,0.7448142628470498,0.6356800863946823,71.91,0.16143331965652097,0.09325813089052842,-0.04859110709077013
sys - mean,0.5863387978142076,0.3600799829308697,0.37523202588353055,0.8383351444572127,0.7448142628470498,0.6356800863946823,71.91,0.16143331965652097,0.09325813089052842,-0.04859110709077013
