user_id,Precision@20 - macro,Recall@20 - macro,F1@20 - macro,NDCG@20,MRR@20,Gini - Top 20,CatalogCoverage - Top 20,DeltaGap - Top 20 | Blockbuster,DeltaGap - Top 20 | Niche,DeltaGap - Top 20 | Diverse
sys - fold1,0.01583609271523179,0.02186391141050831,0.014897482111735848,0.12333150789948087,0.0541750033550889,0.6565699028195348,52.19,-0.3667253762783415,-0.5902794855253042,-0.7630131898072283
sys - mean,0.01583609271523179,0.02186391141050831,0.014897482111735848,0.12333150789948087,0.0541750033550889,0.6565699028195348,52.19,-0.3667253762783415,-0.5902794855253042,-0.7630131898072283
