user_id,Precision@20 - macro,Recall@20 - macro,F1@20 - macro,NDCG@20,MRR@20,Gini - Top 20,CatalogCoverage - Top 20,DeltaGap - Top 20 | Blockbuster,DeltaGap - Top 20 | Niche,DeltaGap - Top 20 | Diverse
sys - fold1,0.005753311258278146,0.005448134452403434,0.004395186338086347,0.04556527234746104,0.015487880417900612,0.6780179006862587,52.1,-0.6647522311623126,-0.8030334731487684,-0.8845762515182213
sys - mean,0.005753311258278146,0.005448134452403434,0.004395186338086347,0.04556527234746104,0.015487880417900612,0.6780179006862587,52.1,-0.6647522311623126,-0.8030334731487684,-0.8845762515182213
