user_id,Precision@10 - macro,Recall@10 - macro,F1@10 - macro,NDCG@10,MRR@10,Gini - Top 10,CatalogCoverage - Top 10,DeltaGap - Top 10 | Blockbuster,DeltaGap - Top 10 | Niche,DeltaGap - Top 10 | Diverse
sys - fold1,0.6544331779423712,0.6168537262065429,0.5561848046548855,0.9448397910541334,0.8340562562609937,0.6908202656267071,76.44,0.13980316372292942,0.11121862248309672,0.01424728894273952
sys - mean,0.6544331779423712,0.6168537262065429,0.5561848046548855,0.9448397910541334,0.8340562562609937,0.6908202656267071,76.44,0.13980316372292942,0.11121862248309672,0.01424728894273952
