user_id,Precision@10 - macro,Recall@10 - macro,F1@10 - macro,NDCG@10,MRR@10,Gini - Top 10,CatalogCoverage - Top 10,DeltaGap - Top 10 | Blockbuster,DeltaGap - Top 10 | Niche,DeltaGap - Top 10 | Diverse
sys - fold1,0.6442981729866977,0.6037136501182435,0.5453238575902035,0.9378807551853598,0.7995019148024612,0.6889124418121962,76.31,0.16892683515509985,0.13447995434058405,0.028961426333156584
sys - mean,0.6442981729866977,0.6037136501182435,0.5453238575902035,0.9378807551853598,0.7995019148024612,0.6889124418121962,76.31,0.16892683515509985,0.13447995434058405,0.028961426333156584
