user_id,Precision@10 - macro,Recall@10 - macro,F1@10 - macro,NDCG@10,MRR@10,Gini - Top 10,CatalogCoverage - Top 10,DeltaGap - Top 10 | Blockbuster,DeltaGap - Top 10 | Niche,DeltaGap - Top 10 | Diverse
sys - fold1,0.020132450331125828,0.013357395783255949,0.013005518636270481,0.09272900092323237,0.04845435193945127,0.8467334517068177,22.34,-0.4210438645389886,-0.5743970890311373,-0.7308144491753827
sys - mean,0.020132450331125828,0.013357395783255949,0.013005518636270481,0.09272900092323237,0.04845435193945127,0.8467334517068177,22.34,-0.4210438645389886,-0.5743970890311373,-0.7308144491753827
