user_id,Precision@5 - macro,Recall@5 - macro,F1@5 - macro,NDCG@5,MRR@5,Gini - Top 5,CatalogCoverage - Top 5,DeltaGap - Top 5 | Blockbuster,DeltaGap - Top 5 | Niche,DeltaGap - Top 5 | Diverse
sys - fold1,0.621614238410596,0.38195272033522315,0.4004513237750807,0.8527951810965471,0.7961534216335541,0.639940999732325,69.75,0.1692531870575715,0.09710506086535083,-0.035145532080124726
sys - mean,0.621614238410596,0.38195272033522315,0.4004513237750807,0.8527951810965471,0.7961534216335541,0.639940999732325,69.75,0.1692531870575715,0.09710506086535083,-0.035145532080124726
