user_id,Precision@20 - macro,Recall@20 - macro,F1@20 - macro,NDCG@20,MRR@20,Gini - Top 20,CatalogCoverage - Top 20,DeltaGap - Top 20 | Blockbuster,DeltaGap - Top 20 | Niche,DeltaGap - Top 20 | Diverse
sys - fold1,0.0030049668874172182,0.003281205011164766,0.002489636479865078,0.025467780229031817,0.005737738532349536,0.863844201170406,19.48,-0.8487066001988819,-0.8765757285995021,-0.9231310751373543
sys - mean,0.0030049668874172182,0.003281205011164766,0.002489636479865078,0.025467780229031817,0.005737738532349536,0.863844201170406,19.48,-0.8487066001988819,-0.8765757285995021,-0.9231310751373543
