user_id,Precision@10 - macro,Recall@10 - macro,F1@10 - macro,NDCG@10,MRR@10,Gini - Top 10,CatalogCoverage - Top 10,DeltaGap - Top 10 | Blockbuster,DeltaGap - Top 10 | Niche,DeltaGap - Top 10 | Diverse
sys - fold1,0.6114429488746429,0.5888096210721876,0.5258646743727012,0.9335406059110665,0.7998225817897949,0.6745371279800431,76.88,0.10451805862841129,0.07483703515636171,0.00749937384919724
sys - mean,0.6114429488746429,0.5888096210721876,0.5258646743727012,0.9335406059110665,0.7998225817897949,0.6745371279800431,76.88,0.10451805862841129,0.07483703515636171,0.00749937384919724
