user_id,Precision@10 - macro,Recall@10 - macro,F1@10 - macro,NDCG@10,MRR@10,Gini - Top 10,CatalogCoverage - Top 10,DeltaGap - Top 10 | Blockbuster,DeltaGap - Top 10 | Niche,DeltaGap - Top 10 | Diverse
sys - fold1,0.6033784032376748,0.5858775693058639,0.5218268445306685,0.9331783949999604,0.7971147377273207,0.6668151267275876,77.74,0.0915686684297476,0.056857839297717074,-0.003538781149481299
sys - mean,0.6033784032376748,0.5858775693058639,0.5218268445306685,0.9331783949999604,0.7971147377273207,0.6668151267275876,77.74,0.0915686684297476,0.056857839297717074,-0.003538781149481299
