user_id,Precision@10 - macro,Recall@10 - macro,F1@10 - macro,NDCG@10,MRR@10,Gini - Top 10,CatalogCoverage - Top 10,DeltaGap - Top 10 | Blockbuster,DeltaGap - Top 10 | Niche,DeltaGap - Top 10 | Diverse
sys - fold1,0.6550434274151161,0.6180438348966737,0.5579870071460219,0.9473135777895971,0.8638793624513824,0.7392993706604942,68.27,0.2740237472417688,0.3507192649313648,0.1521714426460175
sys - mean,0.6550434274151161,0.6180438348966737,0.5579870071460219,0.9473135777895971,0.8638793624513824,0.7392993706604942,68.27,0.2740237472417688,0.3507192649313648,0.1521714426460175
