user_id,Precision@5 - macro,Recall@5 - macro,F1@5 - macro,NDCG@5,MRR@5,Gini - Top 5,CatalogCoverage - Top 5,DeltaGap - Top 5 | Blockbuster,DeltaGap - Top 5 | Niche,DeltaGap - Top 5 | Diverse
sys - fold1,0.6657781456953642,0.3877405258492503,0.41178872672504246,0.8651053751959114,0.79969646799117,0.6747355921427164,68.05,0.27805718464668655,0.21297607897029425,-0.011507712167497863
sys - mean,0.6657781456953642,0.3877405258492503,0.41178872672504246,0.8651053751959114,0.79969646799117,0.6747355921427164,68.05,0.27805718464668655,0.21297607897029425,-0.011507712167497863
