user_id,Precision@10 - macro,Recall@10 - macro,F1@10 - macro,NDCG@10,MRR@10,Gini - Top 10,CatalogCoverage - Top 10,DeltaGap - Top 10 | Blockbuster,DeltaGap - Top 10 | Niche,DeltaGap - Top 10 | Diverse
sys - fold1,0.6461137390938716,0.6164098249409109,0.5519605428828143,0.9472824914440948,0.8564327762009881,0.7397347738432665,68.24,0.26598415483429777,0.32271299506654333,0.1573120215581475
sys - mean,0.6461137390938716,0.6164098249409109,0.5519605428828143,0.9472824914440948,0.8564327762009881,0.7397347738432665,68.24,0.26598415483429777,0.32271299506654333,0.1573120215581475
