user_id,Precision@5 - macro,Recall@5 - macro,F1@5 - macro,NDCG@5,MRR@5,Gini - Top 5,CatalogCoverage - Top 5,DeltaGap - Top 5 | Blockbuster,DeltaGap - Top 5 | Niche,DeltaGap - Top 5 | Diverse
sys - fold1,0.6875165562913907,0.41502110254457736,0.43704480356720965,0.8795935599552808,0.8557119205298013,0.755486135814536,51.11,0.49580758269230135,0.46950471659176557,0.2996427612700746
sys - mean,0.6875165562913907,0.41502110254457736,0.43704480356720965,0.8795935599552808,0.8557119205298013,0.755486135814536,51.11,0.49580758269230135,0.46950471659176557,0.2996427612700746
