user_id,Precision@5 - macro,Recall@5 - macro,F1@5 - macro,NDCG@5,MRR@5,Gini - Top 5,CatalogCoverage - Top 5,DeltaGap - Top 5 | Blockbuster,DeltaGap - Top 5 | Niche,DeltaGap - Top 5 | Diverse
sys - fold1,0.7074196753892017,0.4160687048435596,0.4414714260970668,0.8866453213606228,0.8718532626697582,0.7112443864569384,61.31,0.4105426900905907,0.3787663446080156,0.12132155581240407
sys - mean,0.7074196753892017,0.4160687048435596,0.4414714260970668,0.8866453213606228,0.8718532626697582,0.7112443864569384,61.31,0.4105426900905907,0.3787663446080156,0.12132155581240407
