user_id,Precision@10 - macro,Recall@10 - macro,F1@10 - macro,NDCG@10,MRR@10,Gini - Top 10,CatalogCoverage - Top 10,DeltaGap - Top 10 | Blockbuster,DeltaGap - Top 10 | Niche,DeltaGap - Top 10 | Diverse
sys - fold1,0.6468853346793062,0.6159993745690728,0.5519103877232038,0.9435710791292609,0.8138702897522042,0.6827914632438502,75.47,0.12254958520989817,0.09180427487825264,-0.00953163146811407
sys - mean,0.6468853346793062,0.6159993745690728,0.5519103877232038,0.9435710791292609,0.8138702897522042,0.6827914632438502,75.47,0.12254958520989817,0.09180427487825264,-0.00953163146811407
