user_id,Precision@10 - macro,Recall@10 - macro,F1@10 - macro,NDCG@10,MRR@10,Gini - Top 10,CatalogCoverage - Top 10,DeltaGap - Top 10 | Blockbuster,DeltaGap - Top 10 | Niche,DeltaGap - Top 10 | Diverse
sys - fold1,0.649508880109973,0.6157873674191466,0.5540122601326796,0.943367498470837,0.8188832115061622,0.686195807487844,76.85,0.13044547844777662,0.089946246387269,-0.0020725070489250614
sys - mean,0.649508880109973,0.6157873674191466,0.5540122601326796,0.943367498470837,0.8188832115061622,0.686195807487844,76.85,0.13044547844777662,0.089946246387269,-0.0020725070489250614
