user_id,Precision@20 - macro,Recall@20 - macro,F1@20 - macro,NDCG@20,MRR@20,Gini - Top 20,CatalogCoverage - Top 20,DeltaGap - Top 20 | Blockbuster,DeltaGap - Top 20 | Niche,DeltaGap - Top 20 | Diverse
sys - fold1,0.006564569536423842,0.0070527111778386055,0.00525527318899664,0.06961360691569506,0.028273851971998228,0.8916800569062205,32.41,-0.6282430430243137,-0.6812907912552871,-0.7354186904346087
sys - mean,0.006564569536423842,0.0070527111778386055,0.00525527318899664,0.06961360691569506,0.028273851971998228,0.8916800569062205,32.41,-0.6282430430243137,-0.6812907912552871,-0.7354186904346087
