user_id,Precision@10 - macro,Recall@10 - macro,F1@10 - macro,NDCG@10,MRR@10,Gini - Top 10,CatalogCoverage - Top 10,DeltaGap - Top 10 | Blockbuster,DeltaGap - Top 10 | Niche,DeltaGap - Top 10 | Diverse
sys - fold1,0.5643442062703408,0.5704938489432374,0.5003723809828666,0.9252582766625193,0.749436965356972,0.6504619879643222,80.11,0.059100340056582205,0.0312387231187332,-0.02182888286081339
sys - mean,0.5643442062703408,0.5704938489432374,0.5003723809828666,0.9252582766625193,0.749436965356972,0.6504619879643222,80.11,0.059100340056582205,0.0312387231187332,-0.02182888286081339
