user_id,Precision@20 - macro,Recall@20 - macro,F1@20 - macro,NDCG@20,MRR@20,Gini - Top 20,CatalogCoverage - Top 20,DeltaGap - Top 20 | Blockbuster,DeltaGap - Top 20 | Niche,DeltaGap - Top 20 | Diverse
sys - fold1,0.0471274834437086,0.06793013877224184,0.04509814388266297,0.27111489428518687,0.17361415783776776,0.8510483738771227,32.7,0.026552610695828347,-0.10306835527090416,-0.2919276909243124
sys - mean,0.0471274834437086,0.06793013877224184,0.04509814388266297,0.27111489428518687,0.17361415783776776,0.8510483738771227,32.7,0.026552610695828347,-0.10306835527090416,-0.2919276909243124
