user_id,Precision@5 - macro,Recall@5 - macro,F1@5 - macro,NDCG@5,MRR@5,Gini - Top 5,CatalogCoverage - Top 5,DeltaGap - Top 5 | Blockbuster,DeltaGap - Top 5 | Niche,DeltaGap - Top 5 | Diverse
sys - fold1,0.6835347682119206,0.4102601845318923,0.4332936617739539,0.8788369930498195,0.8585540838852096,0.7498429656425073,52.62,0.4141234177873848,0.4205087218269974,0.24563812070335747
sys - mean,0.6835347682119206,0.4102601845318923,0.4332936617739539,0.8788369930498195,0.8585540838852096,0.7498429656425073,52.62,0.4141234177873848,0.4205087218269974,0.24563812070335747
