user_id,Precision@5 - macro,Recall@5 - macro,F1@5 - macro,NDCG@5,MRR@5,Gini - Top 5,CatalogCoverage - Top 5,DeltaGap - Top 5 | Blockbuster,DeltaGap - Top 5 | Niche,DeltaGap - Top 5 | Diverse
sys - fold1,0.551929446836701,0.35618074840224084,0.3678532211290346,0.8291090654702227,0.7277023296897428,0.6325991449977418,72.45,0.11444586207790756,0.055805956173630274,-0.0664486037377692
sys - mean,0.551929446836701,0.35618074840224084,0.3678532211290346,0.8291090654702227,0.7277023296897428,0.6325991449977418,72.45,0.11444586207790756,0.055805956173630274,-0.0664486037377692
