user_id,Precision@5 - macro,Recall@5 - macro,F1@5 - macro,NDCG@5,MRR@5,Gini - Top 5,CatalogCoverage - Top 5,DeltaGap - Top 5 | Blockbuster,DeltaGap - Top 5 | Niche,DeltaGap - Top 5 | Diverse
sys - fold1,0.7030794701986754,0.40952790751427937,0.43729942929559373,0.8815758283886881,0.8595474613686535,0.698748469473858,63.9,0.33872918270139485,0.2925122239472885,0.08247038310613973
sys - mean,0.7030794701986754,0.40952790751427937,0.43729942929559373,0.8815758283886881,0.8595474613686535,0.698748469473858,63.9,0.33872918270139485,0.2925122239472885,0.08247038310613973
