user_id,Precision@10 - macro,Recall@10 - macro,F1@10 - macro,NDCG@10,MRR@10,Gini - Top 10,CatalogCoverage - Top 10,DeltaGap - Top 10 | Blockbuster,DeltaGap - Top 10 | Niche,DeltaGap - Top 10 | Diverse
sys - fold1,0.007516556291390729,0.003968063382185772,0.004074931952405911,0.047014746261380504,0.025336381793335434,0.893145842042346,24.37,-0.5493094830094344,-0.6056719851533864,-0.7380863208766487
sys - mean,0.007516556291390729,0.003968063382185772,0.004074931952405911,0.047014746261380504,0.025336381793335434,0.893145842042346,24.37,-0.5493094830094344,-0.6056719851533864,-0.7380863208766487
