user_id,Precision@10 - macro,Recall@10 - macro,F1@10 - macro,NDCG@10,MRR@10,Gini - Top 10,CatalogCoverage - Top 10,DeltaGap - Top 10 | Blockbuster,DeltaGap - Top 10 | Niche,DeltaGap - Top 10 | Diverse
sys - fold1,0.017367549668874174,0.011889402841281269,0.01151060179334776,0.08148177395924643,0.04810791811205718,0.7064605763241856,42.17,-0.32761153344457367,-0.572363823463435,-0.7765324235094694
sys - mean,0.017367549668874174,0.011889402841281269,0.01151060179334776,0.08148177395924643,0.04810791811205718,0.7064605763241856,42.17,-0.32761153344457367,-0.572363823463435,-0.7765324235094694
