user_id,Precision@10 - macro,Recall@10 - macro,F1@10 - macro,NDCG@10,MRR@10,Gini - Top 10,CatalogCoverage - Top 10,DeltaGap - Top 10 | Blockbuster,DeltaGap - Top 10 | Niche,DeltaGap - Top 10 | Diverse
sys - fold1,0.0051158940397351,0.002511627286239386,0.0026646249264490295,0.02854897673811757,0.012547500788394828,0.7385171867972946,40.53,-0.6619029972502483,-0.8249437238439468,-0.9272870674454154
sys - mean,0.0051158940397351,0.002511627286239386,0.0026646249264490295,0.02854897673811757,0.012547500788394828,0.7385171867972946,40.53,-0.6619029972502483,-0.8249437238439468,-0.9272870674454154
