user_id,Precision@5 - macro,Recall@5 - macro,F1@5 - macro,NDCG@5,MRR@5,Gini - Top 5,CatalogCoverage - Top 5,DeltaGap - Top 5 | Blockbuster,DeltaGap - Top 5 | Niche,DeltaGap - Top 5 | Diverse
sys - fold1,0.5779387417218543,0.3597075290239332,0.37399147320875076,0.837586037038543,0.7374613686534216,0.610916077475864,72.96,0.1358116725512717,0.05377697562724902,-0.09831634810503771
sys - mean,0.5779387417218543,0.3597075290239332,0.37399147320875076,0.837586037038543,0.7374613686534216,0.610916077475864,72.96,0.1358116725512717,0.05377697562724902,-0.09831634810503771
