user_id,Precision@10 - macro,Recall@10 - macro,F1@10 - macro,NDCG@10,MRR@10,Gini - Top 10,CatalogCoverage - Top 10,DeltaGap - Top 10 | Blockbuster,DeltaGap - Top 10 | Niche,DeltaGap - Top 10 | Diverse
sys - fold1,0.6664376000441574,0.621091739691684,0.563005942414084,0.9484473625222335,0.8650863303868768,0.697746998075286,74.1,0.20125725962769686,0.16143323850358374,0.07221640642942087
sys - mean,0.6664376000441574,0.621091739691684,0.563005942414084,0.9484473625222335,0.8650863303868768,0.697746998075286,74.1,0.20125725962769686,0.16143323850358374,0.07221640642942087
