user_id,Precision@10 - macro,Recall@10 - macro,F1@10 - macro,NDCG@10,MRR@10,Gini - Top 10,CatalogCoverage - Top 10,DeltaGap - Top 10 | Blockbuster,DeltaGap - Top 10 | Niche,DeltaGap - Top 10 | Diverse
sys - fold1,0.5958088930936614,0.5877148694017725,0.5216214033623922,0.9329023516478713,0.7755533874697783,0.6381298623418935,81.6,0.04751007168816315,0.01710902015970303,-0.10033816276177131
sys - mean,0.5958088930936614,0.5877148694017725,0.5216214033623922,0.9329023516478713,0.7755533874697783,0.6381298623418935,81.6,0.04751007168816315,0.01710902015970303,-0.10033816276177131
