user_id,Precision@5 - macro,Recall@5 - macro,F1@5 - macro,NDCG@5,MRR@5,Gini - Top 5,CatalogCoverage - Top 5,DeltaGap - Top 5 | Blockbuster,DeltaGap - Top 5 | Niche,DeltaGap - Top 5 | Diverse
sys - fold1,0.6312717337307501,0.37920180427383393,0.3991485607558116,0.853108983265889,0.7986725175249764,0.6723154168654938,66.97,0.20150259075674556,0.1419528584165988,-0.02263753278120569
sys - mean,0.6312717337307501,0.37920180427383393,0.3991485607558116,0.853108983265889,0.7986725175249764,0.6723154168654938,66.97,0.20150259075674556,0.1419528584165988,-0.02263753278120569
