user_id,Precision@10 - macro,Recall@10 - macro,F1@10 - macro,NDCG@10,MRR@10,Gini - Top 10,CatalogCoverage - Top 10,DeltaGap - Top 10 | Blockbuster,DeltaGap - Top 10 | Niche,DeltaGap - Top 10 | Diverse
sys - fold1,0.018013245033112586,0.009929470787460159,0.010464214745533605,0.08699048868436238,0.04261024387680017,0.8681649677376689,18.92,-0.42991793185287924,-0.5062816999420651,-0.6198861155379524
sys - mean,0.018013245033112586,0.009929470787460159,0.010464214745533605,0.08699048868436238,0.04261024387680017,0.8681649677376689,18.92,-0.42991793185287924,-0.5062816999420651,-0.6198861155379524
