user_id,Precision@5 - macro,Recall@5 - macro,F1@5 - macro,NDCG@5,MRR@5,Gini - Top 5,CatalogCoverage - Top 5,DeltaGap - Top 5 | Blockbuster,DeltaGap - Top 5 | Niche,DeltaGap - Top 5 | Diverse
sys - fold1,0.6966804635761589,0.41469489420933403,0.44034844334723433,0.8797207758685333,0.8633471302428256,0.755241844329894,51.38,0.49826008401377453,0.5078930380672628,0.2960785036277905
sys - mean,0.6966804635761589,0.41469489420933403,0.44034844334723433,0.8797207758685333,0.8633471302428256,0.755241844329894,51.38,0.49826008401377453,0.5078930380672628,0.2960785036277905
