user_id,Precision@10 - macro,Recall@10 - macro,F1@10 - macro,NDCG@10,MRR@10,Gini - Top 10,CatalogCoverage - Top 10,DeltaGap - Top 10 | Blockbuster,DeltaGap - Top 10 | Niche,DeltaGap - Top 10 | Diverse
sys - fold1,0.012513255567338283,0.010900473091940907,0.00967078484204979,0.01786335445738778,0.04047156154791362,0.45793316378719773,94.05,-0.5800638118937193,-0.673159874907867,-0.815802003135311
sys - mean,0.012513255567338283,0.010900473091940907,0.00967078484204979,0.01786335445738778,0.04047156154791362,0.45793316378719773,94.05,-0.5800638118937193,-0.673159874907867,-0.815802003135311
