user_id,Precision@5 - macro,Recall@5 - macro,F1@5 - macro,NDCG@5,MRR@5,Gini - Top 5,CatalogCoverage - Top 5,DeltaGap - Top 5 | Blockbuster,DeltaGap - Top 5 | Niche,DeltaGap - Top 5 | Diverse
sys - fold1,0.012513255567338283,0.006604021805009933,0.0070960647943898135,0.017757040436656504,0.033881230116648994,0.451198082689529,80.02,-0.5504234639687566,-0.6567252399358429,-0.8377004677231208
sys - mean,0.012513255567338283,0.006604021805009933,0.0070960647943898135,0.017757040436656504,0.033881230116648994,0.451198082689529,80.02,-0.5504234639687566,-0.6567252399358429,-0.8377004677231208
