user_id,Precision@5 - macro,Recall@5 - macro,F1@5 - macro,NDCG@5,MRR@5,Gini - Top 5,CatalogCoverage - Top 5,DeltaGap - Top 5 | Blockbuster,DeltaGap - Top 5 | Niche,DeltaGap - Top 5 | Diverse
sys - fold1,0.013149522799575823,0.00431744735667173,0.005835608189371651,0.015892564676328495,0.022163308589607633,0.5032743324667684,57.02,-0.4729250453991391,-0.6438573899773572,-0.7905247808153489
sys - mean,0.013149522799575823,0.00431744735667173,0.005835608189371651,0.015892564676328495,0.022163308589607633,0.5032743324667684,57.02,-0.4729250453991391,-0.6438573899773572,-0.7905247808153489
