user_id,Precision@10 - macro,Recall@10 - macro,F1@10 - macro,NDCG@10,MRR@10,Gini - Top 10,CatalogCoverage - Top 10,DeltaGap - Top 10 | Blockbuster,DeltaGap - Top 10 | Niche,DeltaGap - Top 10 | Diverse
sys - fold1,0.015588547189819725,0.013642377768413568,0.01197361161451271,0.022009807716419878,0.048535575417865975,0.44512029065317416,81.63,-0.499316510166607,-0.6135828263799702,-0.7438500660046883
sys - mean,0.015588547189819725,0.013642377768413568,0.01197361161451271,0.022009807716419878,0.048535575417865975,0.44512029065317416,81.63,-0.499316510166607,-0.6135828263799702,-0.7438500660046883
