user_id,Precision@5 - macro,Recall@5 - macro,F1@5 - macro,NDCG@5,MRR@5,Gini - Top 5,CatalogCoverage - Top 5,DeltaGap - Top 5 | Blockbuster,DeltaGap - Top 5 | Niche,DeltaGap - Top 5 | Diverse
sys - fold1,0.012725344644750796,0.003924206748739624,0.005323522500581121,0.02046537499993983,0.026793920113114173,0.6218879190798597,38.64,-0.439568983350844,-0.6426881036419344,-0.7874005069992642
sys - mean,0.012725344644750796,0.003924206748739624,0.005323522500581121,0.02046537499993983,0.026793920113114173,0.6218879190798597,38.64,-0.439568983350844,-0.6426881036419344,-0.7874005069992642
