user_id,Precision@10 - macro,Recall@10 - macro,F1@10 - macro,NDCG@10,MRR@10,Gini - Top 10,CatalogCoverage - Top 10,DeltaGap - Top 10 | Blockbuster,DeltaGap - Top 10 | Niche,DeltaGap - Top 10 | Diverse
sys - fold1,0.010816542948038178,0.007573354531885717,0.007409219281295509,0.015121289943591307,0.025392196468548536,0.5229837414514704,78.12,-0.5514307132061461,-0.6686128503188341,-0.8022704064833276
sys - mean,0.010816542948038178,0.007573354531885717,0.007409219281295509,0.015121289943591307,0.025392196468548536,0.5229837414514704,78.12,-0.5514307132061461,-0.6686128503188341,-0.8022704064833276
