user_id,Precision@10 - macro,Recall@10 - macro,F1@10 - macro,NDCG@10,MRR@10,Gini - Top 10,CatalogCoverage - Top 10,DeltaGap - Top 10 | Blockbuster,DeltaGap - Top 10 | Niche,DeltaGap - Top 10 | Diverse
sys - fold1,0.01071049840933192,0.007508016009956414,0.007429416613743923,0.016895516095830364,0.028597518894443605,0.639109762243451,56.42,-0.5446506391001742,-0.6896691613859296,-0.8172440394129917
sys - mean,0.01071049840933192,0.007508016009956414,0.007429416613743923,0.016895516095830364,0.028597518894443605,0.639109762243451,56.42,-0.5446506391001742,-0.6896691613859296,-0.8172440394129917
