user_id,Precision@10 - macro,Recall@10 - macro,F1@10 - macro,NDCG@10,MRR@10,Gini - Top 10,CatalogCoverage - Top 10,DeltaGap - Top 10 | Blockbuster,DeltaGap - Top 10 | Niche,DeltaGap - Top 10 | Diverse
sys - fold1,0.013043478260869566,0.009277110229727345,0.008949894452880391,0.02048917103454511,0.03411099328384589,0.6260029302093636,52.97,-0.5110951009191321,-0.6347152481458233,-0.7489234887659502
sys - mean,0.013043478260869566,0.009277110229727345,0.008949894452880391,0.02048917103454511,0.03411099328384589,0.6260029302093636,52.97,-0.5110951009191321,-0.6347152481458233,-0.7489234887659502
