user_id,Precision@5 - macro,Recall@5 - macro,F1@5 - macro,NDCG@5,MRR@5,Gini - Top 5,CatalogCoverage - Top 5,DeltaGap - Top 5 | Blockbuster,DeltaGap - Top 5 | Niche,DeltaGap - Top 5 | Diverse
sys - fold1,0.010604453870625663,0.003191612229343708,0.0043909429875629786,0.016925973430492146,0.022799575821845174,0.6201541687867649,39.77,-0.5005674349679295,-0.6647146793368778,-0.837490017865699
sys - mean,0.010604453870625663,0.003191612229343708,0.0043909429875629786,0.016925973430492146,0.022799575821845174,0.6201541687867649,39.77,-0.5005674349679295,-0.6647146793368778,-0.837490017865699
