user_id,Precision@5 - macro,Recall@5 - macro,F1@5 - macro,NDCG@5,MRR@5,Gini - Top 5,CatalogCoverage - Top 5,DeltaGap - Top 5 | Blockbuster,DeltaGap - Top 5 | Niche,DeltaGap - Top 5 | Diverse
sys - fold1,0.0010604453870625664,0.0002162971940278409,0.0003505617286796687,0.006174363146903671,0.0022799575821845176,0.8731375927889714,5.71,-0.86842645317042,-0.9280346082429808,-0.9262033264426777
sys - mean,0.0010604453870625664,0.0002162971940278409,0.0003505617286796687,0.006174363146903671,0.0022799575821845176,0.8731375927889714,5.71,-0.86842645317042,-0.9280346082429808,-0.9262033264426777
