user_id,Precision@5 - macro,Recall@5 - macro,F1@5 - macro,NDCG@5,MRR@5,Gini - Top 5,CatalogCoverage - Top 5,DeltaGap - Top 5 | Blockbuster,DeltaGap - Top 5 | Niche,DeltaGap - Top 5 | Diverse
sys - fold1,0.016967126193001062,0.008206140009135802,0.00909880819251205,0.021863333554041055,0.04116295510781195,0.45097920943309955,71.28,-0.45684608957491096,-0.6169238583674286,-0.7591273371823367
sys - mean,0.016967126193001062,0.008206140009135802,0.00909880819251205,0.021863333554041055,0.04116295510781195,0.45097920943309955,71.28,-0.45684608957491096,-0.6169238583674286,-0.7591273371823367
