user_id,Precision@10 - macro,Recall@10 - macro,F1@10 - macro,NDCG@10,MRR@10,Gini - Top 10,CatalogCoverage - Top 10,DeltaGap - Top 10 | Blockbuster,DeltaGap - Top 10 | Niche,DeltaGap - Top 10 | Diverse
sys - fold1,0.011558854718981975,0.008269361624512316,0.007966938683280795,0.01675731562234875,0.027396943224090625,0.5180930146832954,70.81,-0.5143038535758919,-0.643808804471552,-0.7701897068654205
sys - mean,0.011558854718981975,0.008269361624512316,0.007966938683280795,0.01675731562234875,0.027396943224090625,0.5180930146832954,70.81,-0.5143038535758919,-0.643808804471552,-0.7701897068654205
