user_id,Precision@5 - macro,Recall@5 - macro,F1@5 - macro,NDCG@5,MRR@5,Gini - Top 5,CatalogCoverage - Top 5,DeltaGap - Top 5 | Blockbuster,DeltaGap - Top 5 | Niche,DeltaGap - Top 5 | Diverse
sys - fold1,0.01166489925768823,0.003956445074074137,0.005302340820826269,0.014448288491556709,0.020024743725698128,0.5077478469042518,61.18,-0.5310036991497286,-0.6615786140761176,-0.8170365686125752
sys - mean,0.01166489925768823,0.003956445074074137,0.005302340820826269,0.014448288491556709,0.020024743725698128,0.5077478469042518,61.18,-0.5310036991497286,-0.6615786140761176,-0.8170365686125752
