user_id,Precision@10 - macro,Recall@10 - macro,F1@10 - macro,NDCG@10,MRR@10,Gini - Top 10,CatalogCoverage - Top 10,DeltaGap - Top 10 | Blockbuster,DeltaGap - Top 10 | Niche,DeltaGap - Top 10 | Diverse
sys - fold1,0.002439024390243903,0.002485727038998004,0.0020293143708828105,0.0071598836735584015,0.004675638371290545,0.8494223363286265,9.04,-0.7990586782802199,-0.9140891968730137,-0.9153000438753208
sys - mean,0.002439024390243903,0.002485727038998004,0.0020293143708828105,0.0071598836735584015,0.004675638371290545,0.8494223363286265,9.04,-0.7990586782802199,-0.9140891968730137,-0.9153000438753208
