user_id,Precision@5 - macro,Recall@5 - macro,F1@5 - macro,NDCG@5,MRR@5,Gini - Top 5,CatalogCoverage - Top 5,DeltaGap - Top 5 | Blockbuster,DeltaGap - Top 5 | Niche,DeltaGap - Top 5 | Diverse
sys - fold1,0.0006362672322375399,0.00010436129206012557,0.0001735134553613967,0.00247578204976761,0.0010957935666313183,0.8484132594949138,6.42,-0.9324992029185823,-0.955347004113882,-0.952932440952581
sys - mean,0.0006362672322375399,0.00010436129206012557,0.0001735134553613967,0.00247578204976761,0.0010957935666313183,0.8484132594949138,6.42,-0.9324992029185823,-0.955347004113882,-0.952932440952581
