user_id,Precision@10 - macro,Recall@10 - macro,F1@10 - macro,NDCG@10,MRR@10,Gini - Top 10,CatalogCoverage - Top 10,DeltaGap - Top 10 | Blockbuster,DeltaGap - Top 10 | Niche,DeltaGap - Top 10 | Diverse
sys - fold1,0.0006362672322375399,0.000272110109136397,0.000368964762682538,0.0031628494349992967,0.0015818310357016612,0.842833050122015,9.87,-0.9215586928514796,-0.955542051076058,-0.9556508152011122
sys - mean,0.0006362672322375399,0.000272110109136397,0.000368964762682538,0.0031628494349992967,0.0015818310357016612,0.842833050122015,9.87,-0.9215586928514796,-0.955542051076058,-0.9556508152011122
