user_id,Precision@5 - macro,Recall@5 - macro,F1@5 - macro,NDCG@5,MRR@5,Gini - Top 5,CatalogCoverage - Top 5,DeltaGap - Top 5 | Blockbuster,DeltaGap - Top 5 | Niche,DeltaGap - Top 5 | Diverse
sys - fold1,0.6577152317880794,0.3851954276714609,0.4086489138668799,0.8627291115924128,0.7836810154525387,0.6656968272320216,69.02,0.2460784965992341,0.1883774416829805,-0.03912596819991432
sys - mean,0.6577152317880794,0.3851954276714609,0.4086489138668799,0.8627291115924128,0.7836810154525387,0.6656968272320216,69.02,0.2460784965992341,0.1883774416829805,-0.03912596819991432
