user_id,Precision@10 - macro,Recall@10 - macro,F1@10 - macro,NDCG@10,MRR@10,Gini - Top 10,CatalogCoverage - Top 10,DeltaGap - Top 10 | Blockbuster,DeltaGap - Top 10 | Niche,DeltaGap - Top 10 | Diverse
sys - fold1,0.66007941765643,0.6187772818004061,0.5590144425225392,0.9474105829859268,0.8596902159340053,0.6930764304921889,73.58,0.18167539931524598,0.14920381372550082,0.06308415747381799
sys - mean,0.66007941765643,0.6187772818004061,0.5590144425225392,0.9474105829859268,0.8596902159340053,0.6930764304921889,73.58,0.18167539931524598,0.14920381372550082,0.06308415747381799
