user_id,Precision@10 - macro,Recall@10 - macro,F1@10 - macro,NDCG@10,MRR@10,Gini - Top 10,CatalogCoverage - Top 10,DeltaGap - Top 10 | Blockbuster,DeltaGap - Top 10 | Niche,DeltaGap - Top 10 | Diverse
sys - fold1,0.6523616303096262,0.6158611652575589,0.5550504855848228,0.9440837858489777,0.8290091326361615,0.6869733504912756,75.01,0.1465276687812063,0.10047625851606357,0.02044724600390779
sys - mean,0.6523616303096262,0.6158611652575589,0.5550504855848228,0.9440837858489777,0.8290091326361615,0.6869733504912756,75.01,0.1465276687812063,0.10047625851606357,0.02044724600390779
