user_id,Precision@10 - macro,Recall@10 - macro,F1@10 - macro,NDCG@10,MRR@10,Gini - Top 10,CatalogCoverage - Top 10,DeltaGap - Top 10 | Blockbuster,DeltaGap - Top 10 | Niche,DeltaGap - Top 10 | Diverse
sys - fold1,0.6072324204837866,0.5902970905982217,0.5259224114470896,0.9350597349324472,0.7943859621455249,0.6456634768317949,80.71,0.0635620949376455,0.03833951875772172,-0.0382821063246674
sys - mean,0.6072324204837866,0.5902970905982217,0.5259224114470896,0.9350597349324472,0.7943859621455249,0.6456634768317949,80.71,0.0635620949376455,0.03833951875772172,-0.0382821063246674
