user_id,Precision@5 - macro,Recall@5 - macro,F1@5 - macro,NDCG@5,MRR@5,Gini - Top 5,CatalogCoverage - Top 5,DeltaGap - Top 5 | Blockbuster,DeltaGap - Top 5 | Niche,DeltaGap - Top 5 | Diverse
sys - fold1,0.6318430203676105,0.3792406002620295,0.39895956162167084,0.854062178307195,0.7982999392835458,0.667184231433574,67.54,0.19902303636859336,0.14218683138031027,-0.011858722384711846
sys - mean,0.6318430203676105,0.3792406002620295,0.39895956162167084,0.854062178307195,0.7982999392835458,0.667184231433574,67.54,0.19902303636859336,0.14218683138031027,-0.011858722384711846
