user_id,Precision@10 - macro,Recall@10 - macro,F1@10 - macro,NDCG@10,MRR@10,Gini - Top 10,CatalogCoverage - Top 10,DeltaGap - Top 10 | Blockbuster,DeltaGap - Top 10 | Niche,DeltaGap - Top 10 | Diverse
sys - fold1,0.5688427677914433,0.57262582044705,0.5032797065464334,0.9261943535868122,0.7562635998107852,0.7053933705772811,72.45,0.06965102120982872,0.05051116975361347,-0.00017442710821568126
sys - mean,0.5688427677914433,0.57262582044705,0.5032797065464334,0.9261943535868122,0.7562635998107852,0.7053933705772811,72.45,0.06965102120982872,0.05051116975361347,-0.00017442710821568126
