user_id,Precision@10 - macro,Recall@10 - macro,F1@10 - macro,NDCG@10,MRR@10,Gini - Top 10,CatalogCoverage - Top 10,DeltaGap - Top 10 | Blockbuster,DeltaGap - Top 10 | Niche,DeltaGap - Top 10 | Diverse
sys - fold1,0.6119683039081947,0.5886675511185351,0.5254234157077128,0.9344585450045092,0.7995395668892935,0.6759611203720856,77.9,0.10240103603904804,0.08266996222000986,0.011181349508595631
sys - mean,0.6119683039081947,0.5886675511185351,0.5254234157077128,0.9344585450045092,0.7995395668892935,0.6759611203720856,77.9,0.10240103603904804,0.08266996222000986,0.011181349508595631
