user_id,Precision@10 - macro,Recall@10 - macro,F1@10 - macro,NDCG@10,MRR@10,Gini - Top 10,CatalogCoverage - Top 10,DeltaGap - Top 10 | Blockbuster,DeltaGap - Top 10 | Niche,DeltaGap - Top 10 | Diverse
sys - fold1,0.6435412067696836,0.60482423772569,0.5449875669493591,0.9382246878744721,0.78583221644066,0.6876394418826395,77.15,0.15956269775345425,0.12827511235974776,0.02426311412264014
sys - mean,0.6435412067696836,0.60482423772569,0.5449875669493591,0.9382246878744721,0.78583221644066,0.6876394418826395,77.15,0.15956269775345425,0.12827511235974776,0.02426311412264014
