user_id,Precision@10 - macro,Recall@10 - macro,F1@10 - macro,NDCG@10,MRR@10,Gini - Top 10,CatalogCoverage - Top 10,DeltaGap - Top 10 | Blockbuster,DeltaGap - Top 10 | Niche,DeltaGap - Top 10 | Diverse
sys - fold1,0.5545396352203242,0.5667163260646011,0.49534626865064935,0.9221439257632231,0.7233840439123645,0.6419468393604286,82.16,0.05326515662359614,0.025370188101650117,-0.03673157874633782
sys - mean,0.5545396352203242,0.5667163260646011,0.49534626865064935,0.9221439257632231,0.7233840439123645,0.6419468393604286,82.16,0.05326515662359614,0.025370188101650117,-0.03673157874633782
