user_id,Precision@10 - macro,Recall@10 - macro,F1@10 - macro,NDCG@10,MRR@10,Gini - Top 10,CatalogCoverage - Top 10,DeltaGap - Top 10 | Blockbuster,DeltaGap - Top 10 | Niche,DeltaGap - Top 10 | Diverse
sys - fold1,0.6386153567090964,0.600532261529353,0.5407338796260321,0.9362509755197648,0.7895432761820639,0.6841517454008648,76.28,0.16561499414536002,0.11322779628334466,0.023639470734849653
sys - mean,0.6386153567090964,0.600532261529353,0.5407338796260321,0.9362509755197648,0.7895432761820639,0.6841517454008648,76.28,0.16561499414536002,0.11322779628334466,0.023639470734849653
