user_id,Precision@5 - macro,Recall@5 - macro,F1@5 - macro,NDCG@5,MRR@5,Gini - Top 5,CatalogCoverage - Top 5,DeltaGap - Top 5 | Blockbuster,DeltaGap - Top 5 | Niche,DeltaGap - Top 5 | Diverse
sys - fold1,0.6900496688741721,0.41427485186024776,0.4387614279308752,0.8772997516057939,0.858617549668874,0.7486280880526784,52.21,0.4187577180716635,0.41741424629459845,0.23755193728488674
sys - mean,0.6900496688741721,0.41427485186024776,0.4387614279308752,0.8772997516057939,0.858617549668874,0.7486280880526784,52.21,0.4187577180716635,0.41741424629459845,0.23755193728488674
