user_id,Precision@5 - macro,Recall@5 - macro,F1@5 - macro,NDCG@5,MRR@5,Gini - Top 5,CatalogCoverage - Top 5,DeltaGap - Top 5 | Blockbuster,DeltaGap - Top 5 | Niche,DeltaGap - Top 5 | Diverse
sys - fold1,0.5687644915534945,0.3635313754466235,0.3756749627844221,0.8364042376150257,0.7470216407198851,0.6213043256991608,72.56,0.12898181269799977,0.07732052044648938,-0.04843851032399758
sys - mean,0.5687644915534945,0.3635313754466235,0.3756749627844221,0.8364042376150257,0.7470216407198851,0.6213043256991608,72.56,0.12898181269799977,0.07732052044648938,-0.04843851032399758
