user_id,Precision@10 - macro,Recall@10 - macro,F1@10 - macro,NDCG@10,MRR@10,Gini - Top 10,CatalogCoverage - Top 10,DeltaGap - Top 10 | Blockbuster,DeltaGap - Top 10 | Niche,DeltaGap - Top 10 | Diverse
sys - fold1,0.5633836232958459,0.5687486052448772,0.49931286243444173,0.9258810262188565,0.7496299889062393,0.6358421126094018,80.3,0.05320961149451506,0.030596105295398083,-0.02163578556600575
sys - mean,0.5633836232958459,0.5687486052448772,0.49931286243444173,0.9258810262188565,0.7496299889062393,0.6358421126094018,80.3,0.05320961149451506,0.030596105295398083,-0.02163578556600575
