user_id,Precision@10 - macro,Recall@10 - macro,F1@10 - macro,NDCG@10,MRR@10,Gini - Top 10,CatalogCoverage - Top 10,DeltaGap - Top 10 | Blockbuster,DeltaGap - Top 10 | Niche,DeltaGap - Top 10 | Diverse
sys - fold1,0.6568066824897426,0.6159915792375401,0.5554771252216212,0.9460586135159503,0.8547224784929702,0.6984385889802335,74.12,0.18462462143477626,0.1607930449962824,0.07507924904930026
sys - mean,0.6568066824897426,0.6159915792375401,0.5554771252216212,0.9460586135159503,0.8547224784929702,0.6984385889802335,74.12,0.18462462143477626,0.1607930449962824,0.07507924904930026
