user_id,Precision@10 - macro,Recall@10 - macro,F1@10 - macro,NDCG@10,MRR@10,Gini - Top 10,CatalogCoverage - Top 10,DeltaGap - Top 10 | Blockbuster,DeltaGap - Top 10 | Niche,DeltaGap - Top 10 | Diverse
sys - fold1,0.6427358614527489,0.6021620222274634,0.5429530774873784,0.9368851242544137,0.7909080337432988,0.6868207287690038,77.63,0.15727909599144754,0.1165772904153933,0.02088102294417566
sys - mean,0.6427358614527489,0.6021620222274634,0.5429530774873784,0.9368851242544137,0.7909080337432988,0.6868207287690038,77.63,0.15727909599144754,0.1165772904153933,0.02088102294417566
