user_id,Precision@5 - macro,Recall@5 - macro,F1@5 - macro,NDCG@5,MRR@5,Gini - Top 5,CatalogCoverage - Top 5,DeltaGap - Top 5 | Blockbuster,DeltaGap - Top 5 | Niche,DeltaGap - Top 5 | Diverse
sys - fold1,0.66807119205298,0.40168245087640064,0.4228492199609527,0.8718603717817545,0.8388107064017659,0.7499009780625355,51.57,0.31475782041803585,0.3101499952064566,0.15315428201518827
sys - mean,0.66807119205298,0.40168245087640064,0.4228492199609527,0.8718603717817545,0.8388107064017659,0.7499009780625355,51.57,0.31475782041803585,0.3101499952064566,0.15315428201518827
