user_id,Precision@5 - macro,Recall@5 - macro,F1@5 - macro,NDCG@5,MRR@5,Gini - Top 5,CatalogCoverage - Top 5,DeltaGap - Top 5 | Blockbuster,DeltaGap - Top 5 | Niche,DeltaGap - Top 5 | Diverse
sys - fold1,0.5612086092715232,0.3645483347054879,0.3758339497667867,0.8316840485852481,0.7242025386313464,0.7027686973276588,56.8,0.05202882596906828,-0.00808240106060649,-0.16782645222790457
sys - mean,0.5612086092715232,0.3645483347054879,0.3758339497667867,0.8316840485852481,0.7242025386313464,0.7027686973276588,56.8,0.05202882596906828,-0.00808240106060649,-0.16782645222790457
