user_id,Precision@5 - macro,Recall@5 - macro,F1@5 - macro,NDCG@5,MRR@5,Gini - Top 5,CatalogCoverage - Top 5,DeltaGap - Top 5 | Blockbuster,DeltaGap - Top 5 | Niche,DeltaGap - Top 5 | Diverse
sys - fold1,0.6935419771485344,0.40666532117691556,0.4320773045925221,0.8780471643975551,0.853805817740244,0.6970397903539786,63.71,0.3206374289347272,0.27829159563471867,0.07506067705396346
sys - mean,0.6935419771485344,0.40666532117691556,0.4320773045925221,0.8780471643975551,0.853805817740244,0.6970397903539786,63.71,0.3206374289347272,0.27829159563471867,0.07506067705396346
