user_id,Precision@5 - macro,Recall@5 - macro,F1@5 - macro,NDCG@5,MRR@5,Gini - Top 5,CatalogCoverage - Top 5,DeltaGap - Top 5 | Blockbuster,DeltaGap - Top 5 | Niche,DeltaGap - Top 5 | Diverse
sys - fold1,0.6826792515317105,0.40825094968877973,0.4326417086016204,0.8745681504078997,0.8233896340453717,0.6758298394153313,66.95,0.20654007304728744,0.11592164162048828,-0.07136463322265535
sys - mean,0.6826792515317105,0.40825094968877973,0.4326417086016204,0.8745681504078997,0.8233896340453717,0.6758298394153313,66.95,0.20654007304728744,0.11592164162048828,-0.07136463322265535
