user_id,Precision@5 - macro,Recall@5 - macro,F1@5 - macro,NDCG@5,MRR@5,Gini - Top 5,CatalogCoverage - Top 5,DeltaGap - Top 5 | Blockbuster,DeltaGap - Top 5 | Niche,DeltaGap - Top 5 | Diverse
sys - fold1,0.6538493377483444,0.3810650838763346,0.40413076926303954,0.8605728881537716,0.7891915011037528,0.6673742463728202,69.59,0.26718970633101,0.1624931779566644,-0.032658533190683334
sys - mean,0.6538493377483444,0.3810650838763346,0.40413076926303954,0.8605728881537716,0.7891915011037528,0.6673742463728202,69.59,0.26718970633101,0.1624931779566644,-0.032658533190683334
