user_id,Precision@5 - macro,Recall@5 - macro,F1@5 - macro,NDCG@5,MRR@5,Gini - Top 5,CatalogCoverage - Top 5,DeltaGap - Top 5 | Blockbuster,DeltaGap - Top 5 | Niche,DeltaGap - Top 5 | Diverse
sys - fold1,0.5768543046357616,0.368342631903097,0.38058973306680227,0.8364556124129845,0.7540149006622516,0.7321980977532474,58.77,0.15686041131616735,0.10004422065292695,-0.03085665718887249
sys - mean,0.5768543046357616,0.368342631903097,0.38058973306680227,0.8364556124129845,0.7540149006622516,0.7321980977532474,58.77,0.15686041131616735,0.10004422065292695,-0.03085665718887249
