user_id,Precision@5 - macro,Recall@5 - macro,F1@5 - macro,NDCG@5,MRR@5,Gini - Top 5,CatalogCoverage - Top 5,DeltaGap - Top 5 | Blockbuster,DeltaGap - Top 5 | Niche,DeltaGap - Top 5 | Diverse
sys - fold1,0.552235839682014,0.35948801334644,0.36873642352689084,0.8287199573260892,0.7200701115159545,0.63204064236828,72.53,0.12489063083641108,0.05694539577485496,-0.07109822947552046
sys - mean,0.552235839682014,0.35948801334644,0.36873642352689084,0.8287199573260892,0.7200701115159545,0.63204064236828,72.53,0.12489063083641108,0.05694539577485496,-0.07109822947552046
