user_id,Precision@10 - macro,Recall@10 - macro,F1@10 - macro,NDCG@10,MRR@10,Gini - Top 10,CatalogCoverage - Top 10,DeltaGap - Top 10 | Blockbuster,DeltaGap - Top 10 | Niche,DeltaGap - Top 10 | Diverse
sys - fold1,0.6568583780090403,0.6169650723615295,0.5571522422512871,0.944249483537632,0.8330575922421949,0.6921043425234021,76.39,0.1435346879342599,0.10987964921207005,0.02562702272644581
sys - mean,0.6568583780090403,0.6169650723615295,0.5571522422512871,0.944249483537632,0.8330575922421949,0.6921043425234021,76.39,0.1435346879342599,0.10987964921207005,0.02562702272644581
