user_id,Precision@10 - macro,Recall@10 - macro,F1@10 - macro,NDCG@10,MRR@10,Gini - Top 10,CatalogCoverage - Top 10,DeltaGap - Top 10 | Blockbuster,DeltaGap - Top 10 | Niche,DeltaGap - Top 10 | Diverse
sys - fold1,0.6355948438978241,0.6065526185907953,0.5442011475373915,0.9428199759507521,0.8378809261011249,0.7351989192528675,68.46,0.1803121036445466,0.16007543795609355,0.11943448871669396
sys - mean,0.6355948438978241,0.6065526185907953,0.5442011475373915,0.9428199759507521,0.8378809261011249,0.7351989192528675,68.46,0.1803121036445466,0.16007543795609355,0.11943448871669396
