user_id,Precision@5 - macro,Recall@5 - macro,F1@5 - macro,NDCG@5,MRR@5,Gini - Top 5,CatalogCoverage - Top 5,DeltaGap - Top 5 | Blockbuster,DeltaGap - Top 5 | Niche,DeltaGap - Top 5 | Diverse
sys - fold1,0.7032019432483162,0.41124872773973875,0.4382657240573766,0.8809909491216843,0.8642514077509108,0.6917140886311166,63.68,0.30193836352154146,0.26853516940822636,0.08201760514728289
sys - mean,0.7032019432483162,0.41124872773973875,0.4382657240573766,0.8809909491216843,0.8642514077509108,0.6917140886311166,63.68,0.30193836352154146,0.26853516940822636,0.08201760514728289
