user_id,Precision@10 - macro,Recall@10 - macro,F1@10 - macro,NDCG@10,MRR@10,Gini - Top 10,CatalogCoverage - Top 10,DeltaGap - Top 10 | Blockbuster,DeltaGap - Top 10 | Niche,DeltaGap - Top 10 | Diverse
sys - fold1,0.6551242978838607,0.6182484507615269,0.5578527003695285,0.9446831306454441,0.8243151657086082,0.6855164404107684,76.12,0.1267223657506879,0.08708622687972387,-0.004742695639251545
sys - mean,0.6551242978838607,0.6182484507615269,0.5578527003695285,0.9446831306454441,0.8243151657086082,0.6855164404107684,76.12,0.1267223657506879,0.08708622687972387,-0.004742695639251545
