user_id,Precision@5 - macro,Recall@5 - macro,F1@5 - macro,NDCG@5,MRR@5,Gini - Top 5,CatalogCoverage - Top 5,DeltaGap - Top 5 | Blockbuster,DeltaGap - Top 5 | Niche,DeltaGap - Top 5 | Diverse
sys - fold1,0.5821771523178808,0.36943861378908427,0.38322896279114577,0.8439734715517918,0.7575165562913907,0.6958810831651621,59.42,0.15262884225192946,0.08439785641448472,-0.04098649412153241
sys - mean,0.5821771523178808,0.36943861378908427,0.38322896279114577,0.8439734715517918,0.7575165562913907,0.6958810831651621,59.42,0.15262884225192946,0.08439785641448472,-0.04098649412153241
