user_id,Precision@5 - macro,Recall@5 - macro,F1@5 - macro,NDCG@5,MRR@5,Gini - Top 5,CatalogCoverage - Top 5,DeltaGap - Top 5 | Blockbuster,DeltaGap - Top 5 | Niche,DeltaGap - Top 5 | Diverse
sys - fold1,0.6105215231788079,0.3785241884594088,0.39517030543050813,0.8505302227530444,0.7734299116997793,0.6314777847328532,73.58,0.08921241161489653,0.010319863115919327,-0.17931958710125576
sys - mean,0.6105215231788079,0.3785241884594088,0.39517030543050813,0.8505302227530444,0.7734299116997793,0.6314777847328532,73.58,0.08921241161489653,0.010319863115919327,-0.17931958710125576
