user_id,Precision@10 - macro,Recall@10 - macro,F1@10 - macro,NDCG@10,MRR@10,Gini - Top 10,CatalogCoverage - Top 10,DeltaGap - Top 10 | Blockbuster,DeltaGap - Top 10 | Niche,DeltaGap - Top 10 | Diverse
sys - fold1,0.6002459791863766,0.589031443931344,0.5235408670570547,0.9340042613486761,0.7977837564385578,0.6524806101790027,79.01,0.0799223621282382,0.044713360642829464,-0.006625009255766251
sys - mean,0.6002459791863766,0.589031443931344,0.5235408670570547,0.9340042613486761,0.7977837564385578,0.6524806101790027,79.01,0.0799223621282382,0.044713360642829464,-0.006625009255766251
