user_id,Precision@5 - macro,Recall@5 - macro,F1@5 - macro,NDCG@5,MRR@5,Gini - Top 5,CatalogCoverage - Top 5,DeltaGap - Top 5 | Blockbuster,DeltaGap - Top 5 | Niche,DeltaGap - Top 5 | Diverse
sys - fold1,0.7081084064690621,0.41461840157638963,0.4421059144928855,0.883505723045642,0.864428437379257,0.6958919901865334,63.36,0.331177991464825,0.3017070816192799,0.06539341307780674
sys - mean,0.7081084064690621,0.41461840157638963,0.4421059144928855,0.883505723045642,0.864428437379257,0.6958919901865334,63.36,0.331177991464825,0.3017070816192799,0.06539341307780674
