user_id,Precision@5 - macro,Recall@5 - macro,F1@5 - macro,NDCG@5,MRR@5,Gini - Top 5,CatalogCoverage - Top 5,DeltaGap - Top 5 | Blockbuster,DeltaGap - Top 5 | Niche,DeltaGap - Top 5 | Diverse
sys - fold1,0.6801876379690949,0.40530485704323355,0.4282544445182736,0.8756675659409014,0.8558278145695364,0.7657802883125221,51.81,0.426981654254036,0.41614625373053854,0.2142006596024362
sys - mean,0.6801876379690949,0.40530485704323355,0.4282544445182736,0.8756675659409014,0.8558278145695364,0.7657802883125221,51.81,0.426981654254036,0.41614625373053854,0.2142006596024362
