user_id,Precision@10 - macro,Recall@10 - macro,F1@10 - macro,NDCG@10,MRR@10,Gini - Top 10,CatalogCoverage - Top 10,DeltaGap - Top 10 | Blockbuster,DeltaGap - Top 10 | Niche,DeltaGap - Top 10 | Diverse
sys - fold1,0.573689687795648,0.5759795438980674,0.5077399385847517,0.9296080974148354,0.7600965126668768,0.6899660690298169,73.26,0.07482679019048927,0.052787344982557584,-0.021942295789363356
sys - mean,0.573689687795648,0.5759795438980674,0.5077399385847517,0.9296080974148354,0.7600965126668768,0.6899660690298169,73.26,0.07482679019048927,0.052787344982557584,-0.021942295789363356
