user_id,Precision@5 - macro,Recall@5 - macro,F1@5 - macro,NDCG@5,MRR@5,Gini - Top 5,CatalogCoverage - Top 5,DeltaGap - Top 5 | Blockbuster,DeltaGap - Top 5 | Niche,DeltaGap - Top 5 | Diverse
sys - fold1,0.6833747446303351,0.40567764402062567,0.4294411802324967,0.8750524673773094,0.8332063386891944,0.6850279815527742,66.62,0.23998883753391217,0.17082108520304537,-0.020862933054473412
sys - mean,0.6833747446303351,0.40567764402062567,0.4294411802324967,0.8750524673773094,0.8332063386891944,0.6850279815527742,66.62,0.23998883753391217,0.17082108520304537,-0.020862933054473412
