user_id,Precision@5 - macro,Recall@5 - macro,F1@5 - macro,NDCG@5,MRR@5,Gini - Top 5,CatalogCoverage - Top 5,DeltaGap - Top 5 | Blockbuster,DeltaGap - Top 5 | Niche,DeltaGap - Top 5 | Diverse
sys - fold1,0.6577358282276315,0.38352926640678936,0.40738911011571,0.8623418515295964,0.7978473257161781,0.6723361822861401,68.89,0.26268032540633274,0.19554233370230215,-0.020934279746917334
sys - mean,0.6577358282276315,0.38352926640678936,0.40738911011571,0.8623418515295964,0.7978473257161781,0.6723361822861401,68.89,0.26268032540633274,0.19554233370230215,-0.020934279746917334
