user_id,Precision@5 - macro,Recall@5 - macro,F1@5 - macro,NDCG@5,MRR@5,Gini - Top 5,CatalogCoverage - Top 5,DeltaGap - Top 5 | Blockbuster,DeltaGap - Top 5 | Niche,DeltaGap - Top 5 | Diverse
sys - fold1,0.578021523178808,0.3681122854931589,0.3823247631036275,0.8391416720924981,0.7580049668874173,0.7325786384905015,54.72,0.16605759593391864,0.11137064964882232,-0.009011562398849215
sys - mean,0.578021523178808,0.3681122854931589,0.3823247631036275,0.8391416720924981,0.7580049668874173,0.7325786384905015,54.72,0.16605759593391864,0.11137064964882232,-0.009011562398849215
