user_id,Precision@10 - macro,Recall@10 - macro,F1@10 - macro,NDCG@10,MRR@10,Gini - Top 10,CatalogCoverage - Top 10,DeltaGap - Top 10 | Blockbuster,DeltaGap - Top 10 | Niche,DeltaGap - Top 10 | Diverse
sys - fold1,0.5821863502575423,0.5717635986394835,0.5060268819694417,0.9271847828085706,0.7526409912750973,0.6544165982564617,79.76,0.07513158417519708,0.055551684798751895,-0.0179134149076765
sys - mean,0.5821863502575423,0.5717635986394835,0.5060268819694417,0.9271847828085706,0.7526409912750973,0.6544165982564617,79.76,0.07513158417519708,0.055551684798751895,-0.0179134149076765
