user_id,Precision@5 - macro,Recall@5 - macro,F1@5 - macro,NDCG@5,MRR@5,Gini - Top 5,CatalogCoverage - Top 5,DeltaGap - Top 5 | Blockbuster,DeltaGap - Top 5 | Niche,DeltaGap - Top 5 | Diverse
sys - fold1,0.6228973509933774,0.3791206921467866,0.39760174213417354,0.8519930214085893,0.7955463576158941,0.656897627030232,67.62,0.18100871594781573,0.10927173909754853,-0.036987231376320893
sys - mean,0.6228973509933774,0.3791206921467866,0.39760174213417354,0.8519930214085893,0.7955463576158941,0.656897627030232,67.62,0.18100871594781573,0.10927173909754853,-0.036987231376320893
