user_id,Precision@5 - macro,Recall@5 - macro,F1@5 - macro,NDCG@5,MRR@5,Gini - Top 5,CatalogCoverage - Top 5,DeltaGap - Top 5 | Blockbuster,DeltaGap - Top 5 | Niche,DeltaGap - Top 5 | Diverse
sys - fold1,0.586705298013245,0.36172576512874116,0.3764986915427127,0.840160562325671,0.7499006622516555,0.6406909123333173,70.45,0.16609144780510213,0.08801386221717153,-0.04603756564047512
sys - mean,0.586705298013245,0.36172576512874116,0.3764986915427127,0.840160562325671,0.7499006622516555,0.6406909123333173,70.45,0.16609144780510213,0.08801386221717153,-0.04603756564047512
