user_id,Precision@10 - macro,Recall@10 - macro,F1@10 - macro,NDCG@10,MRR@10,Gini - Top 10,CatalogCoverage - Top 10,DeltaGap - Top 10 | Blockbuster,DeltaGap - Top 10 | Niche,DeltaGap - Top 10 | Diverse
sys - fold1,0.5691231735519815,0.5739525875408428,0.5059136958830751,0.9273424908371015,0.7606068012193838,0.715573853980488,70.56,0.09649009477654942,0.06952585644954185,0.025272915560271846
sys - mean,0.5691231735519815,0.5739525875408428,0.5059136958830751,0.9273424908371015,0.7606068012193838,0.715573853980488,70.56,0.09649009477654942,0.06952585644954185,0.025272915560271846
