user_id,Precision@5 - macro,Recall@5 - macro,F1@5 - macro,NDCG@5,MRR@5,Gini - Top 5,CatalogCoverage - Top 5,DeltaGap - Top 5 | Blockbuster,DeltaGap - Top 5 | Niche,DeltaGap - Top 5 | Diverse
sys - fold1,0.6732030473666777,0.40758794304768914,0.42837203082764463,0.8723988958772518,0.812945787788451,0.673570686915097,66.54,0.2001561208574069,0.13352527757490468,-0.0841947002005542
sys - mean,0.6732030473666777,0.40758794304768914,0.42837203082764463,0.8723988958772518,0.812945787788451,0.673570686915097,66.54,0.2001561208574069,0.13352527757490468,-0.0841947002005542
