user_id,Precision@10 - macro,Recall@10 - macro,F1@10 - macro,NDCG@10,MRR@10,Gini - Top 10,CatalogCoverage - Top 10,DeltaGap - Top 10 | Blockbuster,DeltaGap - Top 10 | Niche,DeltaGap - Top 10 | Diverse
sys - fold1,0.6644573784023933,0.621987231289135,0.5603867725451674,0.949836894311437,0.8726671556333695,0.7087858740921908,74.1,0.2332799046636174,0.2094861956116891,0.09439934375929852
sys - mean,0.6644573784023933,0.621987231289135,0.5603867725451674,0.949836894311437,0.8726671556333695,0.7087858740921908,74.1,0.2332799046636174,0.2094861956116891,0.09439934375929852
