user_id,Precision@10 - macro,Recall@10 - macro,F1@10 - macro,NDCG@10,MRR@10,Gini - Top 10,CatalogCoverage - Top 10,DeltaGap - Top 10 | Blockbuster,DeltaGap - Top 10 | Niche,DeltaGap - Top 10 | Diverse
sys - fold1,0.6498007332071902,0.6086377408157969,0.548752810933498,0.9391462575796294,0.8016422921265636,0.6918571388768473,76.15,0.18648972808797815,0.13255969241324544,0.04442274798151782
sys - mean,0.6498007332071902,0.6086377408157969,0.548752810933498,0.9391462575796294,0.8016422921265636,0.6918571388768473,76.15,0.18648972808797815,0.13255969241324544,0.04442274798151782
