user_id,Precision@10 - macro,Recall@10 - macro,F1@10 - macro,NDCG@10,MRR@10,Gini - Top 10,CatalogCoverage - Top 10,DeltaGap - Top 10 | Blockbuster,DeltaGap - Top 10 | Niche,DeltaGap - Top 10 | Diverse
sys - fold1,0.009771447499171911,0.005076802653911345,0.005352426657803708,0.05325152600451474,0.025242051662223902,0.8163821222652017,25.47,-0.4812376719889892,-0.5807343423617048,-0.7086201043687057
sys - mean,0.009771447499171911,0.005076802653911345,0.005352426657803708,0.05325152600451474,0.025242051662223902,0.8163821222652017,25.47,-0.4812376719889892,-0.5807343423617048,-0.7086201043687057
