user_id,Precision@20 - macro,Recall@20 - macro,F1@20 - macro,NDCG@20,MRR@20,Gini - Top 20,CatalogCoverage - Top 20,DeltaGap - Top 20 | Blockbuster,DeltaGap - Top 20 | Niche,DeltaGap - Top 20 | Diverse
sys - fold1,0.009382245776747268,0.009875107397084788,0.0075810025198620005,0.0829517969724056,0.029551923711250812,0.8358359970700602,43.66,-0.5298262406687494,-0.6045298477358394,-0.6890386738486758
sys - mean,0.009382245776747268,0.009875107397084788,0.0075810025198620005,0.0829517969724056,0.029551923711250812,0.8358359970700602,43.66,-0.5298262406687494,-0.6045298477358394,-0.6890386738486758
