user_id,Precision@10 - macro,Recall@10 - macro,F1@10 - macro,NDCG@10,MRR@10,Gini - Top 10,CatalogCoverage - Top 10,DeltaGap - Top 10 | Blockbuster,DeltaGap - Top 10 | Niche,DeltaGap - Top 10 | Diverse
sys - fold1,0.5628213773087903,0.5686415153281635,0.49782787056545685,0.9237123911030108,0.7344841795611918,0.6351215721152073,81.98,0.05048402173225124,0.026845902698674474,-0.031029003071053975
sys - mean,0.5628213773087903,0.5686415153281635,0.49782787056545685,0.9237123911030108,0.7344841795611918,0.6351215721152073,81.98,0.05048402173225124,0.026845902698674474,-0.031029003071053975
