user_id,Precision@20 - macro,Recall@20 - macro,F1@20 - macro,NDCG@20,MRR@20,Gini - Top 20,CatalogCoverage - Top 20,DeltaGap - Top 20 | Blockbuster,DeltaGap - Top 20 | Niche,DeltaGap - Top 20 | Diverse
sys - fold1,0.009465054653858893,0.009907478492184476,0.007601471737681948,0.08446910795511951,0.0306906495698045,0.8490263184466162,58.07,-0.5616161711739387,-0.623943191061427,-0.7072172711954431
sys - mean,0.009465054653858893,0.009907478492184476,0.007601471737681948,0.08446910795511951,0.0306906495698045,0.8490263184466162,58.07,-0.5616161711739387,-0.623943191061427,-0.7072172711954431
