user_id,Precision@10 - macro,Recall@10 - macro,F1@10 - macro,NDCG@10,MRR@10,Gini - Top 10,CatalogCoverage - Top 10,DeltaGap - Top 10 | Blockbuster,DeltaGap - Top 10 | Niche,DeltaGap - Top 10 | Diverse
sys - fold1,0.5826425364227616,0.5793952679888957,0.512782763587545,0.92852076569327,0.7700983059669712,0.6466662836015582,78.87,0.058409957640636445,0.03739591848961337,-0.011868177536689206
sys - mean,0.5826425364227616,0.5793952679888957,0.512782763587545,0.92852076569327,0.7700983059669712,0.6466662836015582,78.87,0.058409957640636445,0.03739591848961337,-0.011868177536689206
