user_id,Precision@10 - macro,Recall@10 - macro,F1@10 - macro,NDCG@10,MRR@10,Gini - Top 10,CatalogCoverage - Top 10,DeltaGap - Top 10 | Blockbuster,DeltaGap - Top 10 | Niche,DeltaGap - Top 10 | Diverse
sys - fold1,0.009456773766147732,0.004851011755858394,0.005167910257743057,0.054854210703749566,0.02606448839887065,0.8509138032228635,38.45,-0.5259266979601549,-0.6092803176506292,-0.7249026767725559
sys - mean,0.009456773766147732,0.004851011755858394,0.005167910257743057,0.054854210703749566,0.02606448839887065,0.8509138032228635,38.45,-0.5259266979601549,-0.6092803176506292,-0.7249026767725559
