user_id,Precision@5 - macro,Recall@5 - macro,F1@5 - macro,NDCG@5,MRR@5,Gini - Top 5,CatalogCoverage - Top 5,DeltaGap - Top 5 | Blockbuster,DeltaGap - Top 5 | Niche,DeltaGap - Top 5 | Diverse
sys - fold1,0.6131043046357616,0.38593197515070604,0.40342792839654484,0.8517687040616544,0.7902014348785872,0.7345242168919334,56.93,0.20632724100135003,0.15206851632894267,-0.018334475708517744
sys - mean,0.6131043046357616,0.38593197515070604,0.40342792839654484,0.8517687040616544,0.7902014348785872,0.7345242168919334,56.93,0.20632724100135003,0.15206851632894267,-0.018334475708517744
