user_id,Precision@10 - macro,Recall@10 - macro,F1@10 - macro,NDCG@10,MRR@10,Gini - Top 10,CatalogCoverage - Top 10,DeltaGap - Top 10 | Blockbuster,DeltaGap - Top 10 | Niche,DeltaGap - Top 10 | Diverse
sys - fold1,0.007469360715468699,0.0038756410244681623,0.004158663162441997,0.04724260727094582,0.022045891891039292,0.376278098321469,98.92,-0.5541192380349442,-0.6759252934735885,-0.7977346397822653
sys - mean,0.007469360715468699,0.0038756410244681623,0.004158663162441997,0.04724260727094582,0.022045891891039292,0.376278098321469,98.92,-0.5541192380349442,-0.6759252934735885,-0.7977346397822653
