user_id,Precision@5 - macro,Recall@5 - macro,F1@5 - macro,NDCG@5,MRR@5,Gini - Top 5,CatalogCoverage - Top 5,DeltaGap - Top 5 | Blockbuster,DeltaGap - Top 5 | Niche,DeltaGap - Top 5 | Diverse
sys - fold1,0.587008830022075,0.37154362831906973,0.38502400499531503,0.8422087448684008,0.7646550772626931,0.7368648796900521,55.07,0.15126367668841853,0.10833475545316583,-0.020257712334632055
sys - mean,0.587008830022075,0.37154362831906973,0.38502400499531503,0.8422087448684008,0.7646550772626931,0.7368648796900521,55.07,0.15126367668841853,0.10833475545316583,-0.020257712334632055
