user_id,Precision@20 - macro,Recall@20 - macro,F1@20 - macro,NDCG@20,MRR@20,Gini - Top 20,CatalogCoverage - Top 20,DeltaGap - Top 20 | Blockbuster,DeltaGap - Top 20 | Niche,DeltaGap - Top 20 | Diverse
sys - fold1,0.010566412719443525,0.013250546827264002,0.009231586856762395,0.09190799072847251,0.03710792107940406,0.32808930230722794,47.11,-0.4378223441355963,-0.6121322291990806,-0.7603779914631895
sys - mean,0.010566412719443525,0.013250546827264002,0.009231586856762395,0.09190799072847251,0.03710792107940406,0.32808930230722794,47.11,-0.4378223441355963,-0.6121322291990806,-0.7603779914631895
