user_id,Precision@5 - macro,Recall@5 - macro,F1@5 - macro,NDCG@5,MRR@5,Gini - Top 5,CatalogCoverage - Top 5,DeltaGap - Top 5 | Blockbuster,DeltaGap - Top 5 | Niche,DeltaGap - Top 5 | Diverse
sys - fold1,0.595718781053329,0.36959174535197087,0.38665398564395687,0.8443796293786322,0.759037208788782,0.6252053936799169,72.23,0.14564888146833163,0.06712071848665344,-0.06591173779718766
sys - mean,0.595718781053329,0.36959174535197087,0.38665398564395687,0.8443796293786322,0.759037208788782,0.6252053936799169,72.23,0.14564888146833163,0.06712071848665344,-0.06591173779718766
