user_id,Precision@5 - macro,Recall@5 - macro,F1@5 - macro,NDCG@5,MRR@5,Gini - Top 5,CatalogCoverage - Top 5,DeltaGap - Top 5 | Blockbuster,DeltaGap - Top 5 | Niche,DeltaGap - Top 5 | Diverse
sys - fold1,0.6926753877573549,0.40492560973519764,0.43197695669426694,0.8763237733043453,0.8488132693050726,0.6869795147044258,65.65,0.35089696557710887,0.3241105713726863,0.028157815089047626
sys - mean,0.6926753877573549,0.40492560973519764,0.43197695669426694,0.8763237733043453,0.8488132693050726,0.6869795147044258,65.65,0.35089696557710887,0.3241105713726863,0.028157815089047626
