user_id,Precision@10 - macro,Recall@10 - macro,F1@10 - macro,NDCG@10,MRR@10,Gini - Top 10,CatalogCoverage - Top 10,DeltaGap - Top 10 | Blockbuster,DeltaGap - Top 10 | Niche,DeltaGap - Top 10 | Diverse
sys - fold1,0.5905258100811264,0.5791325215931784,0.5156105356386236,0.9297839777143265,0.7612656876817194,0.6395653877341307,80.01,0.06339985528037977,0.031399796751929,-0.0361294783777635
sys - mean,0.5905258100811264,0.5791325215931784,0.5156105356386236,0.9297839777143265,0.7612656876817194,0.6395653877341307,80.01,0.06339985528037977,0.031399796751929,-0.0361294783777635
