user_id,Precision@5 - macro,Recall@5 - macro,F1@5 - macro,NDCG@5,MRR@5,Gini - Top 5,CatalogCoverage - Top 5,DeltaGap - Top 5 | Blockbuster,DeltaGap - Top 5 | Niche,DeltaGap - Top 5 | Diverse
sys - fold1,0.6635635801446634,0.3993378010540373,0.42128964140222724,0.8680118688457343,0.8331179945889238,0.6867659593724522,64.71,0.2667393457718447,0.2194292958544485,0.06386325859730373
sys - mean,0.6635635801446634,0.3993378010540373,0.42128964140222724,0.8680118688457343,0.8331179945889238,0.6867659593724522,64.71,0.2667393457718447,0.2194292958544485,0.06386325859730373
