user_id,Precision@10 - macro,Recall@10 - macro,F1@10 - macro,NDCG@10,MRR@10,Gini - Top 10,CatalogCoverage - Top 10,DeltaGap - Top 10 | Blockbuster,DeltaGap - Top 10 | Niche,DeltaGap - Top 10 | Diverse
sys - fold1,0.5849950848584728,0.5738150625111006,0.5069323263255834,0.9282652890090841,0.7576534273255584,0.6453548717891158,79.38,0.06752579980121101,0.04285145051896484,-0.02882354506501795
sys - mean,0.5849950848584728,0.5738150625111006,0.5069323263255834,0.9282652890090841,0.7576534273255584,0.6453548717891158,79.38,0.06752579980121101,0.04285145051896484,-0.02882354506501795
