user_id,Precision@10 - macro,Recall@10 - macro,F1@10 - macro,NDCG@10,MRR@10,Gini - Top 10,CatalogCoverage - Top 10,DeltaGap - Top 10 | Blockbuster,DeltaGap - Top 10 | Niche,DeltaGap - Top 10 | Diverse
sys - fold1,0.5772823373278672,0.5771085563707715,0.508484160671679,0.9291639164029434,0.7746619757174394,0.7289880897400264,70.05,0.1152263702639671,0.0976448214161244,0.06690312864448147
sys - mean,0.5772823373278672,0.5771085563707715,0.508484160671679,0.9291639164029434,0.7746619757174394,0.7289880897400264,70.05,0.1152263702639671,0.0976448214161244,0.06690312864448147
