user_id,Precision@10 - macro,Recall@10 - macro,F1@10 - macro,NDCG@10,MRR@10,Gini - Top 10,CatalogCoverage - Top 10,DeltaGap - Top 10 | Blockbuster,DeltaGap - Top 10 | Niche,DeltaGap - Top 10 | Diverse
sys - fold1,0.0020148462354188756,0.002974208835820713,0.0019784273984082635,0.0035847610606087295,0.007053224258950664,0.8636723470369183,10.23,-0.8867794145959706,-0.9520505553733135,-0.952393833679072
sys - mean,0.0020148462354188756,0.002974208835820713,0.0019784273984082635,0.0035847610606087295,0.007053224258950664,0.8636723470369183,10.23,-0.8867794145959706,-0.9520505553733135,-0.952393833679072
