user_id,Precision@5 - macro,Recall@5 - macro,F1@5 - macro,NDCG@5,MRR@5,Gini - Top 5,CatalogCoverage - Top 5,DeltaGap - Top 5 | Blockbuster,DeltaGap - Top 5 | Niche,DeltaGap - Top 5 | Diverse
sys - fold1,0.01102863202545069,0.004391596876180495,0.005208672899794623,0.01627453754324782,0.024089784376104633,0.4192040837169613,66.05,-0.4825535976947848,-0.6613370611496446,-0.7858009889663987
sys - mean,0.01102863202545069,0.004391596876180495,0.005208672899794623,0.01627453754324782,0.024089784376104633,0.4192040837169613,66.05,-0.4825535976947848,-0.6613370611496446,-0.7858009889663987
