user_id,Precision@10 - macro,Recall@10 - macro,F1@10 - macro,NDCG@10,MRR@10,Gini - Top 10,CatalogCoverage - Top 10,DeltaGap - Top 10 | Blockbuster,DeltaGap - Top 10 | Niche,DeltaGap - Top 10 | Diverse
sys - fold1,0.011770943796394488,0.01050698848011691,0.009462116081169869,0.018709952757697167,0.05241125082058274,0.4970302843836532,80.74,-0.5375264471160401,-0.6583654437048045,-0.8004161680096853
sys - mean,0.011770943796394488,0.01050698848011691,0.009462116081169869,0.018709952757697167,0.05241125082058274,0.4970302843836532,80.74,-0.5375264471160401,-0.6583654437048045,-0.8004161680096853
