user_id,Precision@10 - macro,Recall@10 - macro,F1@10 - macro,NDCG@10,MRR@10,Gini - Top 10,CatalogCoverage - Top 10,DeltaGap - Top 10 | Blockbuster,DeltaGap - Top 10 | Niche,DeltaGap - Top 10 | Diverse
sys - fold1,0.011876988335100742,0.010691779966504254,0.009639993060823113,0.021222802921821757,0.03946792573515797,0.3711103827243806,81.75,-0.4660812511798264,-0.6058211445655847,-0.7414785096968242
sys - mean,0.011876988335100742,0.010691779966504254,0.009639993060823113,0.021222802921821757,0.03946792573515797,0.3711103827243806,81.75,-0.4660812511798264,-0.6058211445655847,-0.7414785096968242
