user_id,Precision@5 - macro,Recall@5 - macro,F1@5 - macro,NDCG@5,MRR@5,Gini - Top 5,CatalogCoverage - Top 5,DeltaGap - Top 5 | Blockbuster,DeltaGap - Top 5 | Niche,DeltaGap - Top 5 | Diverse
sys - fold1,0.012725344644750796,0.0051860871366340095,0.005944683852052171,0.01868280700564498,0.026970661010957932,0.414550526240784,60.17,-0.432738055625572,-0.6130218486348845,-0.7454259952745647
sys - mean,0.012725344644750796,0.0051860871366340095,0.005944683852052171,0.01868280700564498,0.026970661010957932,0.414550526240784,60.17,-0.432738055625572,-0.6130218486348845,-0.7454259952745647
