user_id,Precision@5 - macro,Recall@5 - macro,F1@5 - macro,NDCG@5,MRR@5,Gini - Top 5,CatalogCoverage - Top 5,DeltaGap - Top 5 | Blockbuster,DeltaGap - Top 5 | Niche,DeltaGap - Top 5 | Diverse
sys - fold1,0.0029692470837751855,0.0023033967917318924,0.0021180108996523457,0.003026586086787637,0.0065570873100035355,0.8674443266171792,6.0,-0.902878942205021,-0.944217474006665,-0.9427541048033578
sys - mean,0.0029692470837751855,0.0023033967917318924,0.0021180108996523457,0.003026586086787637,0.0065570873100035355,0.8674443266171792,6.0,-0.902878942205021,-0.944217474006665,-0.9427541048033578
