user_id,Precision@5 - macro,Recall@5 - macro,F1@5 - macro,NDCG@5,MRR@5,Gini - Top 5,CatalogCoverage - Top 5,DeltaGap - Top 5 | Blockbuster,DeltaGap - Top 5 | Niche,DeltaGap - Top 5 | Diverse
sys - fold1,0.004665959703075292,0.0032128845782080136,0.0031918772765684176,0.0061423815519200875,0.010162601626016258,0.8702946452463305,6.36,-0.7890974317549992,-0.9044592719021163,-0.9045361439482251
sys - mean,0.004665959703075292,0.0032128845782080136,0.0031918772765684176,0.0061423815519200875,0.010162601626016258,0.8702946452463305,6.36,-0.7890974317549992,-0.9044592719021163,-0.9045361439482251
