user_id,Precision@5 - macro,Recall@5 - macro,F1@5 - macro,NDCG@5,MRR@5,Gini - Top 5,CatalogCoverage - Top 5,DeltaGap - Top 5 | Blockbuster,DeltaGap - Top 5 | Niche,DeltaGap - Top 5 | Diverse
sys - fold1,0.014846235418875928,0.006467827563585599,0.007947807423956538,0.01824172458255718,0.04764934605867798,0.5197859169227144,69.56,-0.49393875752121996,-0.6619149614877432,-0.8228340716626419
sys - mean,0.014846235418875928,0.006467827563585599,0.007947807423956538,0.01824172458255718,0.04764934605867798,0.5197859169227144,69.56,-0.49393875752121996,-0.6619149614877432,-0.8228340716626419
