user_id,Precision@10 - macro,Recall@10 - macro,F1@10 - macro,NDCG@10,MRR@10,Gini - Top 10,CatalogCoverage - Top 10,DeltaGap - Top 10 | Blockbuster,DeltaGap - Top 10 | Niche,DeltaGap - Top 10 | Diverse
sys - fold1,0.010180275715800637,0.009345721902382554,0.00828838918017271,0.017818493745200156,0.03499301452641856,0.3722406754567424,95.3,-0.5125977743667399,-0.64284213115618,-0.8001219298114901
sys - mean,0.010180275715800637,0.009345721902382554,0.00828838918017271,0.017818493745200156,0.03499301452641856,0.3722406754567424,95.3,-0.5125977743667399,-0.64284213115618,-0.8001219298114901
