user_id,Precision@5 - macro,Recall@5 - macro,F1@5 - macro,NDCG@5,MRR@5,Gini - Top 5,CatalogCoverage - Top 5,DeltaGap - Top 5 | Blockbuster,DeltaGap - Top 5 | Niche,DeltaGap - Top 5 | Diverse
sys - fold1,0.012089077412513258,0.006064198077196945,0.006964990687052943,0.018743196298113978,0.03244962884411453,0.40164597690834875,73.07,-0.3893108956280476,-0.6036092345011945,-0.7600430456332038
sys - mean,0.012089077412513258,0.006064198077196945,0.006964990687052943,0.018743196298113978,0.03244962884411453,0.40164597690834875,73.07,-0.3893108956280476,-0.6036092345011945,-0.7600430456332038
