user_id,Precision@10 - macro,Recall@10 - macro,F1@10 - macro,NDCG@10,MRR@10,Gini - Top 10,CatalogCoverage - Top 10,DeltaGap - Top 10 | Blockbuster,DeltaGap - Top 10 | Niche,DeltaGap - Top 10 | Diverse
sys - fold1,0.01293743372216331,0.009912608738281845,0.009297248814603984,0.01706809662927576,0.031757393660893134,0.42362824045155284,78.12,-0.528922544041396,-0.6616032769057096,-0.7573804148890355
sys - mean,0.01293743372216331,0.009912608738281845,0.009297248814603984,0.01706809662927576,0.031757393660893134,0.42362824045155284,78.12,-0.528922544041396,-0.6616032769057096,-0.7573804148890355
