user_id,Precision@5 - macro,Recall@5 - macro,F1@5 - macro,NDCG@5,MRR@5,Gini - Top 5,CatalogCoverage - Top 5,DeltaGap - Top 5 | Blockbuster,DeltaGap - Top 5 | Niche,DeltaGap - Top 5 | Diverse
sys - fold1,0.010180275715800638,0.004966020892063237,0.005686431570554833,0.015506102393235377,0.028755744079179923,0.39086963392875546,82.58,-0.4399949525036324,-0.6636200913230309,-0.8098532305257283
sys - mean,0.010180275715800638,0.004966020892063237,0.005686431570554833,0.015506102393235377,0.028755744079179923,0.39086963392875546,82.58,-0.4399949525036324,-0.6636200913230309,-0.8098532305257283
