user_id,Precision@10 - macro,Recall@10 - macro,F1@10 - macro,NDCG@10,MRR@10,Gini - Top 10,CatalogCoverage - Top 10,DeltaGap - Top 10 | Blockbuster,DeltaGap - Top 10 | Niche,DeltaGap - Top 10 | Diverse
sys - fold1,0.014846235418875928,0.011006513126776103,0.01059998055618091,0.019575131754251077,0.03590407177363699,0.41193140711282256,69.98,-0.493157577450731,-0.6123046846648065,-0.7158730307909563
sys - mean,0.014846235418875928,0.011006513126776103,0.01059998055618091,0.019575131754251077,0.03590407177363699,0.41193140711282256,69.98,-0.493157577450731,-0.6123046846648065,-0.7158730307909563
