user_id,Precision@10 - macro,Recall@10 - macro,F1@10 - macro,NDCG@10,MRR@10,Gini - Top 10,CatalogCoverage - Top 10,DeltaGap - Top 10 | Blockbuster,DeltaGap - Top 10 | Niche,DeltaGap - Top 10 | Diverse
sys - fold1,0.009331919406150585,0.008891867739307223,0.007787708673348441,0.014905741754313726,0.045124055277819854,0.512930203412706,94.17,-0.595054611000861,-0.7358888761011582,-0.8675489147621479
sys - mean,0.009331919406150585,0.008891867739307223,0.007787708673348441,0.014905741754313726,0.045124055277819854,0.512930203412706,94.17,-0.595054611000861,-0.7358888761011582,-0.8675489147621479
