user_id,Precision@10 - macro,Recall@10 - macro,F1@10 - macro,NDCG@10,MRR@10,Gini - Top 10,CatalogCoverage - Top 10,DeltaGap - Top 10 | Blockbuster,DeltaGap - Top 10 | Niche,DeltaGap - Top 10 | Diverse
sys - fold1,0.0038176033934252387,0.005839253709580836,0.0037345783150338225,0.006870498666666411,0.011869413725193153,0.85551557844771,9.99,-0.8037855439152587,-0.8199089325970933,-0.9137656977550219
sys - mean,0.0038176033934252387,0.005839253709580836,0.0037345783150338225,0.006870498666666411,0.011869413725193153,0.85551557844771,9.99,-0.8037855439152587,-0.8199089325970933,-0.9137656977550219
