user_id,Precision@5 - macro,Recall@5 - macro,F1@5 - macro,NDCG@5,MRR@5,Gini - Top 5,CatalogCoverage - Top 5,DeltaGap - Top 5 | Blockbuster,DeltaGap - Top 5 | Niche,DeltaGap - Top 5 | Diverse
sys - fold1,0.013149522799575823,0.005984125230837534,0.007240977086737799,0.014524686432809731,0.042011311417462,0.5135825312483039,77.82,-0.5495638669113326,-0.694672220833431,-0.8859944945661538
sys - mean,0.013149522799575823,0.005984125230837534,0.007240977086737799,0.014524686432809731,0.042011311417462,0.5135825312483039,77.82,-0.5495638669113326,-0.694672220833431,-0.8859944945661538
