user_id,Precision@10 - macro,Recall@10 - macro,F1@10 - macro,NDCG@10,MRR@10,Gini - Top 10,CatalogCoverage - Top 10,DeltaGap - Top 10 | Blockbuster,DeltaGap - Top 10 | Niche,DeltaGap - Top 10 | Diverse
sys - fold1,0.01357370095440085,0.009996356629644364,0.009728110841547196,0.015253344013706555,0.0538234947566867,0.527735416802045,91.2,-0.5692525137432589,-0.6852974413357441,-0.8499817948539766
sys - mean,0.01357370095440085,0.009996356629644364,0.009728110841547196,0.015253344013706555,0.0538234947566867,0.527735416802045,91.2,-0.5692525137432589,-0.6852974413357441,-0.8499817948539766
