user_id,Precision@5 - macro,Recall@5 - macro,F1@5 - macro,NDCG@5,MRR@5,Gini - Top 5,CatalogCoverage - Top 5,DeltaGap - Top 5 | Blockbuster,DeltaGap - Top 5 | Niche,DeltaGap - Top 5 | Diverse
sys - fold1,0.0207847295864263,0.008324167318825347,0.010106207889964471,0.017039338781942505,0.05547896783315659,0.5252529457597654,67.24,-0.4488506147926558,-0.6325900812278833,-0.8078995500589443
sys - mean,0.0207847295864263,0.008324167318825347,0.010106207889964471,0.017039338781942505,0.05547896783315659,0.5252529457597654,67.24,-0.4488506147926558,-0.6325900812278833,-0.8078995500589443
