user_id,Precision@5 - macro,Recall@5 - macro,F1@5 - macro,NDCG@5,MRR@5,Gini - Top 5,CatalogCoverage - Top 5,DeltaGap - Top 5 | Blockbuster,DeltaGap - Top 5 | Niche,DeltaGap - Top 5 | Diverse
sys - fold1,0.001484623541887593,0.00043647051209701215,0.0005728824318480598,0.0038995055887808146,0.0036055143160127253,0.8517856821899097,3.51,-0.918448072437496,-0.9261794936599526,-0.9306045085645862
sys - mean,0.001484623541887593,0.00043647051209701215,0.0005728824318480598,0.0038995055887808146,0.0036055143160127253,0.8517856821899097,3.51,-0.918448072437496,-0.9261794936599526,-0.9306045085645862
