user_id,Precision@10 - macro,Recall@10 - macro,F1@10 - macro,NDCG@10,MRR@10,Gini - Top 10,CatalogCoverage - Top 10,DeltaGap - Top 10 | Blockbuster,DeltaGap - Top 10 | Niche,DeltaGap - Top 10 | Diverse
sys - fold1,0.5603300846673063,0.6725238244225117,0.5587829038541668,0.8488134686633577,0.7510579205170934,0.5985420092841883,59.16,0.030057977977284555,0.02815508588221533,-0.03244693969554109
sys - mean,0.5603300846673063,0.6725238244225117,0.5587829038541668,0.8488134686633577,0.7510579205170934,0.5985420092841883,59.16,0.030057977977284555,0.02815508588221533,-0.03244693969554109
