user_id,Precision@5 - macro,Recall@5 - macro,F1@5 - macro,NDCG@5,MRR@5,Gini - Top 5,CatalogCoverage - Top 5,DeltaGap - Top 5 | Blockbuster,DeltaGap - Top 5 | Niche,DeltaGap - Top 5 | Diverse
sys - fold1,0.5614528101802758,0.4601275745861435,0.4395680295309998,0.8082760984187524,0.7483032873806998,0.6024221347731918,45.36,0.12831880381913527,0.07398849101731425,-0.10601497664885409
sys - mean,0.5614528101802758,0.4601275745861435,0.4395680295309998,0.8082760984187524,0.7483032873806998,0.6024221347731918,45.36,0.12831880381913527,0.07398849101731425,-0.10601497664885409
