user_id,Precision@5 - macro,Recall@5 - macro,F1@5 - macro,NDCG@5,MRR@5,Gini - Top 5,CatalogCoverage - Top 5,DeltaGap - Top 5 | Blockbuster,DeltaGap - Top 5 | Niche,DeltaGap - Top 5 | Diverse
sys - fold1,0.014846235418875928,0.006133175070781964,0.007400666979691306,0.021612492920280422,0.03137150936726758,0.6163681917877436,39.18,-0.4206778394972097,-0.5584456781304377,-0.7327419281952616
sys - mean,0.014846235418875928,0.006133175070781964,0.007400666979691306,0.021612492920280422,0.03137150936726758,0.6163681917877436,39.18,-0.4206778394972097,-0.5584456781304377,-0.7327419281952616
