user_id,Precision@10 - macro,Recall@10 - macro,F1@10 - macro,NDCG@10,MRR@10,Gini - Top 10,CatalogCoverage - Top 10,DeltaGap - Top 10 | Blockbuster,DeltaGap - Top 10 | Niche,DeltaGap - Top 10 | Diverse
sys - fold1,0.01293743372216331,0.010455755142974477,0.009784736485483296,0.020198768814606187,0.03512388695315525,0.6282736602720647,55.95,-0.5198228774662756,-0.6263356258315027,-0.760495985461558
sys - mean,0.01293743372216331,0.010455755142974477,0.009784736485483296,0.020198768814606187,0.03512388695315525,0.6282736602720647,55.95,-0.5198228774662756,-0.6263356258315027,-0.760495985461558
