user_id,Precision@5 - macro,Recall@5 - macro,F1@5 - macro,NDCG@5,MRR@5,Gini - Top 5,CatalogCoverage - Top 5,DeltaGap - Top 5 | Blockbuster,DeltaGap - Top 5 | Niche,DeltaGap - Top 5 | Diverse
sys - fold1,0.018451749734888653,0.007181037690199055,0.008934704575737683,0.014016545084835122,0.04936373276776246,0.515090635600763,74.73,-0.5118553882674827,-0.7044435410008006,-0.8570726575774414
sys - mean,0.018451749734888653,0.007181037690199055,0.008934704575737683,0.014016545084835122,0.04936373276776246,0.515090635600763,74.73,-0.5118553882674827,-0.7044435410008006,-0.8570726575774414
