user_id,Precision@10 - macro,Recall@10 - macro,F1@10 - macro,NDCG@10,MRR@10,Gini - Top 10,CatalogCoverage - Top 10,DeltaGap - Top 10 | Blockbuster,DeltaGap - Top 10 | Niche,DeltaGap - Top 10 | Diverse
sys - fold1,0.0010604453870625664,0.0014438936298064502,0.0009159177400574367,0.0016871576034119702,0.0025787338618727803,0.8012747907312562,5.59,-0.9571339403223492,-0.9645550707763965,-0.9671569594126355
sys - mean,0.0010604453870625664,0.0014438936298064502,0.0009159177400574367,0.0016871576034119702,0.0025787338618727803,0.8012747907312562,5.59,-0.9571339403223492,-0.9645550707763965,-0.9671569594126355
