user_id,Precision@5 - macro,Recall@5 - macro,F1@5 - macro,NDCG@5,MRR@5,Gini - Top 5,CatalogCoverage - Top 5,DeltaGap - Top 5 | Blockbuster,DeltaGap - Top 5 | Niche,DeltaGap - Top 5 | Diverse
sys - fold1,0.0008483563096500531,0.0003201729341708133,0.0003796724957961301,0.0011528403498465827,0.0018027571580063627,0.7867158174687336,3.75,-0.9531417393973494,-0.9555233401912824,-0.9595735760428615
sys - mean,0.0008483563096500531,0.0003201729341708133,0.0003796724957961301,0.0011528403498465827,0.0018027571580063627,0.7867158174687336,3.75,-0.9531417393973494,-0.9555233401912824,-0.9595735760428615
