user_id,Precision@10 - macro,Recall@10 - macro,F1@10 - macro,NDCG@10,MRR@10,Gini - Top 10,CatalogCoverage - Top 10,DeltaGap - Top 10 | Blockbuster,DeltaGap - Top 10 | Niche,DeltaGap - Top 10 | Diverse
sys - fold1,0.016542948038176037,0.012802874382207655,0.011949148631718162,0.01844628168726774,0.06092048342843677,0.5217487780363652,79.73,-0.5327442313461622,-0.6310083952896172,-0.783266325366274
sys - mean,0.016542948038176037,0.012802874382207655,0.011949148631718162,0.01844628168726774,0.06092048342843677,0.5217487780363652,79.73,-0.5327442313461622,-0.6310083952896172,-0.783266325366274
