user_id,Precision@10 - macro,Recall@10 - macro,F1@10 - macro,NDCG@10,MRR@10,Gini - Top 10,CatalogCoverage - Top 10,DeltaGap - Top 10 | Blockbuster,DeltaGap - Top 10 | Niche,DeltaGap - Top 10 | Diverse
sys - fold1,0.015906680805938492,0.01205571163717507,0.011349210423894375,0.02133048882507236,0.046235418875927886,0.3985081688032763,82.22,-0.4624063042863419,-0.594313154019259,-0.7279423638564143
sys - mean,0.015906680805938492,0.01205571163717507,0.011349210423894375,0.02133048882507236,0.046235418875927886,0.3985081688032763,82.22,-0.4624063042863419,-0.594313154019259,-0.7279423638564143
