user_id,Precision@10 - macro,Recall@10 - macro,F1@10 - macro,NDCG@10,MRR@10,Gini - Top 10,CatalogCoverage - Top 10,DeltaGap - Top 10 | Blockbuster,DeltaGap - Top 10 | Niche,DeltaGap - Top 10 | Diverse
sys - fold1,0.015270413573700955,0.012513149916161183,0.011589036256052343,0.02243276446143703,0.04009956403911865,0.6298116967244943,53.09,-0.485348573300503,-0.5813888153015897,-0.71396918978773
sys - mean,0.015270413573700955,0.012513149916161183,0.011589036256052343,0.02243276446143703,0.04009956403911865,0.6298116967244943,53.09,-0.485348573300503,-0.5813888153015897,-0.71396918978773
