user_id,Precision@10 - macro,Recall@10 - macro,F1@10 - macro,NDCG@10,MRR@10,Gini - Top 10,CatalogCoverage - Top 10,DeltaGap - Top 10 | Blockbuster,DeltaGap - Top 10 | Niche,DeltaGap - Top 10 | Diverse
sys - fold1,0.002014846235418876,0.0036940573327803334,0.0021160914139789575,0.004439611912254232,0.005301806123651299,0.8499951797936951,5.89,-0.9110700790360818,-0.9309101761545323,-0.9354650486180068
sys - mean,0.002014846235418876,0.0036940573327803334,0.0021160914139789575,0.004439611912254232,0.005301806123651299,0.8499951797936951,5.89,-0.9110700790360818,-0.9309101761545323,-0.9354650486180068
