user_id,Precision@10 - macro,Recall@10 - macro,F1@10 - macro,NDCG@10,MRR@10,Gini - Top 10,CatalogCoverage - Top 10,DeltaGap - Top 10 | Blockbuster,DeltaGap - Top 10 | Niche,DeltaGap - Top 10 | Diverse
sys - fold1,0.013785790031813362,0.010767774855159118,0.009937397661744007,0.01818818047358702,0.04050143917588244,0.4088490641602723,94.77,-0.5035332874684545,-0.6462780128672094,-0.7820737927214211
sys - mean,0.013785790031813362,0.010767774855159118,0.009937397661744007,0.01818818047358702,0.04050143917588244,0.4088490641602723,94.77,-0.5035332874684545,-0.6462780128672094,-0.7820737927214211
