user_id,Precision@5 - macro,Recall@5 - macro,F1@5 - macro,NDCG@5,MRR@5,Gini - Top 5,CatalogCoverage - Top 5,DeltaGap - Top 5 | Blockbuster,DeltaGap - Top 5 | Niche,DeltaGap - Top 5 | Diverse
sys - fold1,0.011876988335100742,0.00508003121869429,0.00605706959808594,0.019588934875859047,0.02644043831742665,0.6168237811043429,40.9,-0.4463063752951515,-0.6186702320903423,-0.7743114326646217
sys - mean,0.011876988335100742,0.00508003121869429,0.00605706959808594,0.019588934875859047,0.02644043831742665,0.6168237811043429,40.9,-0.4463063752951515,-0.6186702320903423,-0.7743114326646217
