user_id,Precision@5 - macro,Recall@5 - macro,F1@5 - macro,NDCG@5,MRR@5,Gini - Top 5,CatalogCoverage - Top 5,DeltaGap - Top 5 | Blockbuster,DeltaGap - Top 5 | Niche,DeltaGap - Top 5 | Diverse
sys - fold1,0.017603393425238603,0.00677073466868405,0.008405204574592188,0.020337493170117717,0.03948391657829622,0.41381534767829875,72.95,-0.39741590472045696,-0.5876794868105898,-0.7535703218423563
sys - mean,0.017603393425238603,0.00677073466868405,0.008405204574592188,0.020337493170117717,0.03948391657829622,0.41381534767829875,72.95,-0.39741590472045696,-0.5876794868105898,-0.7535703218423563
