user_id,Precision@5 - macro,Recall@5 - macro,F1@5 - macro,NDCG@5,MRR@5,Gini - Top 5,CatalogCoverage - Top 5,DeltaGap - Top 5 | Blockbuster,DeltaGap - Top 5 | Niche,DeltaGap - Top 5 | Diverse
sys - fold1,0.015270413573700957,0.005893112499278996,0.00721533221602003,0.017232473106619184,0.03404029692470837,0.41185611951188594,81.57,-0.42063027440028194,-0.6666020696692921,-0.8002478448049549
sys - mean,0.015270413573700957,0.005893112499278996,0.00721533221602003,0.017232473106619184,0.03404029692470837,0.41185611951188594,81.57,-0.42063027440028194,-0.6666020696692921,-0.8002478448049549
