user_id,Precision@5 - macro,Recall@5 - macro,F1@5 - macro,NDCG@5,MRR@5,Gini - Top 5,CatalogCoverage - Top 5,DeltaGap - Top 5 | Blockbuster,DeltaGap - Top 5 | Niche,DeltaGap - Top 5 | Diverse
sys - fold1,0.5969112288837363,0.3736903107738457,0.3898493799979467,0.844108388924862,0.7728856133377496,0.6206597057427623,74.04,0.11144384228068711,0.045385354370018234,-0.08170039746794568
sys - mean,0.5969112288837363,0.3736903107738457,0.3898493799979467,0.844108388924862,0.7728856133377496,0.6206597057427623,74.04,0.11144384228068711,0.045385354370018234,-0.08170039746794568
