user_id,Precision@10 - macro,Recall@10 - macro,F1@10 - macro,NDCG@10,MRR@10,Gini - Top 10,CatalogCoverage - Top 10,DeltaGap - Top 10 | Blockbuster,DeltaGap - Top 10 | Niche,DeltaGap - Top 10 | Diverse
sys - fold1,0.04646347523604439,0.030541622212528412,0.029356816825934117,0.14789153042344316,0.1292978353066145,0.7405271515822728,90.31,-0.03791633787135234,-0.26910121132445436,-0.5259660274379001
sys - mean,0.04646347523604439,0.030541622212528412,0.029356816825934117,0.14789153042344316,0.1292978353066145,0.7405271515822728,90.31,-0.03791633787135234,-0.26910121132445436,-0.5259660274379001
