user_id,Precision@10 - macro,Recall@10 - macro,F1@10 - macro,NDCG@10,MRR@10,Gini - Top 10,CatalogCoverage - Top 10,DeltaGap - Top 10 | Blockbuster,DeltaGap - Top 10 | Niche,DeltaGap - Top 10 | Diverse
sys - fold1,0.5724404827626093,0.5709638927857276,0.504135358450085,0.9251449257482346,0.7406380621145443,0.6333296349291769,80.65,0.042975355378266376,0.029088409224934594,-0.02761629174721491
sys - mean,0.5724404827626093,0.5709638927857276,0.504135358450085,0.9251449257482346,0.7406380621145443,0.6333296349291769,80.65,0.042975355378266376,0.029088409224934594,-0.02761629174721491
