user_id,Precision@5 - macro,Recall@5 - macro,F1@5 - macro,NDCG@5,MRR@5,Gini - Top 5,CatalogCoverage - Top 5,DeltaGap - Top 5 | Blockbuster,DeltaGap - Top 5 | Niche,DeltaGap - Top 5 | Diverse
sys - fold1,0.7017254707084093,0.4112986397860268,0.4378026977330809,0.8812355582622602,0.8675501076693721,0.6979123972749326,63.36,0.32597511757873815,0.29014953608955635,0.07742436713342515
sys - mean,0.7017254707084093,0.4112986397860268,0.4378026977330809,0.8812355582622602,0.8675501076693721,0.6979123972749326,63.36,0.32597511757873815,0.29014953608955635,0.07742436713342515
