user_id,Precision@10 - macro,Recall@10 - macro,F1@10 - macro,NDCG@10,MRR@10,Gini - Top 10,CatalogCoverage - Top 10,DeltaGap - Top 10 | Blockbuster,DeltaGap - Top 10 | Niche,DeltaGap - Top 10 | Diverse
sys - fold1,0.004935409075852932,0.003006563080103323,0.002956658951370704,0.029567036231769178,0.012647741552180108,0.7156963740216945,68.92,-0.6858731714263285,-0.7923067593862024,-0.8752860285840972
sys - mean,0.004935409075852932,0.003006563080103323,0.002956658951370704,0.029567036231769178,0.012647741552180108,0.7156963740216945,68.92,-0.6858731714263285,-0.7923067593862024,-0.8752860285840972
