user_id,Precision@10 - macro,Recall@10 - macro,F1@10 - macro,NDCG@10,MRR@10,Gini - Top 10,CatalogCoverage - Top 10,DeltaGap - Top 10 | Blockbuster,DeltaGap - Top 10 | Niche,DeltaGap - Top 10 | Diverse
sys - fold1,0.5691479755201185,0.570948928934294,0.5012328876660969,0.9251015443914659,0.7440572800832821,0.6363954265991735,81.65,0.04178914844022866,0.030330958796453616,-0.028698542823461813
sys - mean,0.5691479755201185,0.570948928934294,0.5012328876660969,0.9251015443914659,0.7440572800832821,0.6363954265991735,81.65,0.04178914844022866,0.030330958796453616,-0.028698542823461813
