user_id,Precision@5 - macro,Recall@5 - macro,F1@5 - macro,NDCG@5,MRR@5,Gini - Top 5,CatalogCoverage - Top 5,DeltaGap - Top 5 | Blockbuster,DeltaGap - Top 5 | Niche,DeltaGap - Top 5 | Diverse
sys - fold1,0.6809850993377483,0.40897139159535856,0.4327856372925063,0.877170301533232,0.8506594922737307,0.7399011403206313,52.27,0.3762444011642516,0.3904568188672079,0.14704091801876013
sys - mean,0.6809850993377483,0.40897139159535856,0.4327856372925063,0.877170301533232,0.8506594922737307,0.7399011403206313,52.27,0.3762444011642516,0.3904568188672079,0.14704091801876013
