user_id,Precision@5 - macro,Recall@5 - macro,F1@5 - macro,NDCG@5,MRR@5,Gini - Top 5,CatalogCoverage - Top 5,DeltaGap - Top 5 | Blockbuster,DeltaGap - Top 5 | Niche,DeltaGap - Top 5 | Diverse
sys - fold1,0.5704786353097052,0.3584872545376899,0.372622015183532,0.8342038003988522,0.7378988627580877,0.6160905853915485,73.69,0.11656015735388203,0.05285465169301333,-0.07037821456152024
sys - mean,0.5704786353097052,0.3584872545376899,0.372622015183532,0.8342038003988522,0.7378988627580877,0.6160905853915485,73.69,0.11656015735388203,0.05285465169301333,-0.07037821456152024
