user_id,Precision@20 - macro,Recall@20 - macro,F1@20 - macro,NDCG@20,MRR@20,Gini - Top 20,CatalogCoverage - Top 20,DeltaGap - Top 20 | Blockbuster,DeltaGap - Top 20 | Niche,DeltaGap - Top 20 | Diverse
sys - fold1,0.004951970851275257,0.0063370108905506225,0.004293152047009335,0.04755924668187812,0.015892757128591173,0.692397447577628,85.21,-0.7086105803152848,-0.7823759033985361,-0.8566447001565981
sys - mean,0.004951970851275257,0.0063370108905506225,0.004293152047009335,0.04755924668187812,0.015892757128591173,0.692397447577628,85.21,-0.7086105803152848,-0.7823759033985361,-0.8566447001565981
