user_id,Precision@10 - macro,Recall@10 - macro,F1@10 - macro,NDCG@10,MRR@10,Gini - Top 10,CatalogCoverage - Top 10,DeltaGap - Top 10 | Blockbuster,DeltaGap - Top 10 | Niche,DeltaGap - Top 10 | Diverse
sys - fold1,0.6398723457374119,0.6097736418856718,0.5481331038674979,0.9457545100471378,0.8515344134342478,0.7261000235678972,67.81,0.2233443215863533,0.19502631058925296,0.10014024396230728
sys - mean,0.6398723457374119,0.6097736418856718,0.5481331038674979,0.9457545100471378,0.8515344134342478,0.7261000235678972,67.81,0.2233443215863533,0.19502631058925296,0.10014024396230728
