user_id,Precision@10 - macro,Recall@10 - macro,F1@10 - macro,NDCG@10,MRR@10,Gini - Top 10,CatalogCoverage - Top 10,DeltaGap - Top 10 | Blockbuster,DeltaGap - Top 10 | Niche,DeltaGap - Top 10 | Diverse
sys - fold1,0.6036580492857406,0.5907315378348622,0.5251341579313882,0.9341392457898261,0.8010057992502512,0.6545674010976141,79.14,0.062044078052573434,0.04049507943679288,-0.022989529415196813
sys - mean,0.6036580492857406,0.5907315378348622,0.5251341579313882,0.9341392457898261,0.8010057992502512,0.6545674010976141,79.14,0.062044078052573434,0.04049507943679288,-0.022989529415196813
