user_id,Precision@20 - macro,Recall@20 - macro,F1@20 - macro,NDCG@20,MRR@20,Gini - Top 20,CatalogCoverage - Top 20,DeltaGap - Top 20 | Blockbuster,DeltaGap - Top 20 | Niche,DeltaGap - Top 20 | Diverse
sys - fold1,0.01812086092715232,0.026307282649363193,0.01770462300105536,0.1346549821978772,0.05454402834534389,0.7916577234768654,40.53,-0.44980525049719916,-0.6683934458318441,-0.7954453604886802
sys - mean,0.01812086092715232,0.026307282649363193,0.01770462300105536,0.1346549821978772,0.05454402834534389,0.7916577234768654,40.53,-0.44980525049719916,-0.6683934458318441,-0.7954453604886802
