user_id,Precision@5 - macro,Recall@5 - macro,F1@5 - macro,NDCG@5,MRR@5,Gini - Top 5,CatalogCoverage - Top 5,DeltaGap - Top 5 | Blockbuster,DeltaGap - Top 5 | Niche,DeltaGap - Top 5 | Diverse
sys - fold1,0.5789679911699779,0.3706494985944641,0.3830120938671593,0.8447271252115064,0.7585927152317881,0.6602476404314347,65.43,0.10046604399179565,0.013560611569581696,-0.14877829474301452
sys - mean,0.5789679911699779,0.3706494985944641,0.3830120938671593,0.8447271252115064,0.7585927152317881,0.6602476404314347,65.43,0.10046604399179565,0.013560611569581696,-0.14877829474301452
