user_id,Precision@20 - macro,Recall@20 - macro,F1@20 - macro,NDCG@20,MRR@20,Gini - Top 20,CatalogCoverage - Top 20,DeltaGap - Top 20 | Blockbuster,DeltaGap - Top 20 | Niche,DeltaGap - Top 20 | Diverse
sys - fold1,0.014665452136469031,0.02202970218088057,0.013939714689929954,0.1196519363777244,0.05201552943974009,0.6645751271815064,49.08,-0.3557149305337798,-0.5844183988638306,-0.7861453971075976
sys - mean,0.014665452136469031,0.02202970218088057,0.013939714689929954,0.1196519363777244,0.05201552943974009,0.6645751271815064,49.08,-0.3557149305337798,-0.5844183988638306,-0.7861453971075976
