user_id,Precision@5 - macro,Recall@5 - macro,F1@5 - macro,NDCG@5,MRR@5,Gini - Top 5,CatalogCoverage - Top 5,DeltaGap - Top 5 | Blockbuster,DeltaGap - Top 5 | Niche,DeltaGap - Top 5 | Diverse
sys - fold1,0.591445842994369,0.36676777985825915,0.38359680617797226,0.8422458299914369,0.7564563321188031,0.6181308470773732,72.69,0.15032441832206972,0.04941239648328884,-0.08429921373386086
sys - mean,0.591445842994369,0.36676777985825915,0.38359680617797226,0.8422458299914369,0.7564563321188031,0.6181308470773732,72.69,0.15032441832206972,0.04941239648328884,-0.08429921373386086
