user_id,Precision@10 - macro,Recall@10 - macro,F1@10 - macro,NDCG@10,MRR@10,Gini - Top 10,CatalogCoverage - Top 10,DeltaGap - Top 10 | Blockbuster,DeltaGap - Top 10 | Niche,DeltaGap - Top 10 | Diverse
sys - fold1,0.01646240476979132,0.012521321246692415,0.011335236087265887,0.08040094069295597,0.04655534787614947,0.7038961606532814,37.43,-0.3193749952999141,-0.5622857007660172,-0.7897905784957665
sys - mean,0.01646240476979132,0.012521321246692415,0.011335236087265887,0.08040094069295597,0.04655534787614947,0.7038961606532814,37.43,-0.3193749952999141,-0.5622857007660172,-0.7897905784957665
