user_id,Precision@5 - macro,Recall@5 - macro,F1@5 - macro,NDCG@5,MRR@5,Gini - Top 5,CatalogCoverage - Top 5,DeltaGap - Top 5 | Blockbuster,DeltaGap - Top 5 | Niche,DeltaGap - Top 5 | Diverse
sys - fold1,0.618739648890361,0.3829806189566972,0.40069321463599744,0.8506024605978185,0.7907778513856685,0.6409730190410234,70.16,0.16629268804493968,0.08324513732053873,-0.04604973941249233
sys - mean,0.618739648890361,0.3829806189566972,0.40069321463599744,0.8506024605978185,0.7907778513856685,0.6409730190410234,70.16,0.16629268804493968,0.08324513732053873,-0.04604973941249233
