user_id,Precision@10 - macro,Recall@10 - macro,F1@10 - macro,NDCG@10,MRR@10,Gini - Top 10,CatalogCoverage - Top 10,DeltaGap - Top 10 | Blockbuster,DeltaGap - Top 10 | Niche,DeltaGap - Top 10 | Diverse
sys - fold1,0.01917218543046358,0.013972903306348572,0.01326528712382758,0.08789334464944928,0.04760761589403973,0.8029756577769823,29.95,-0.39319632920529585,-0.6397049222809099,-0.8293252312552023
sys - mean,0.01917218543046358,0.013972903306348572,0.01326528712382758,0.08789334464944928,0.04760761589403973,0.8029756577769823,29.95,-0.39319632920529585,-0.6397049222809099,-0.8293252312552023
