user_id,Precision@10 - macro,Recall@10 - macro,F1@10 - macro,NDCG@10,MRR@10,Gini - Top 10,CatalogCoverage - Top 10,DeltaGap - Top 10 | Blockbuster,DeltaGap - Top 10 | Niche,DeltaGap - Top 10 | Diverse
sys - fold1,0.6203486202120081,0.592992883795733,0.5301158154989676,0.9367223300482681,0.8160184330949359,0.6753425820556276,76.31,0.09514235802185558,0.0830372761415176,0.015545873492503826
sys - mean,0.6203486202120081,0.592992883795733,0.5301158154989676,0.9367223300482681,0.8160184330949359,0.6753425820556276,76.31,0.09514235802185558,0.0830372761415176,0.015545873492503826
