user_id,Precision@5 - macro,Recall@5 - macro,F1@5 - macro,NDCG@5,MRR@5,Gini - Top 5,CatalogCoverage - Top 5,DeltaGap - Top 5 | Blockbuster,DeltaGap - Top 5 | Niche,DeltaGap - Top 5 | Diverse
sys - fold1,0.585794701986755,0.36950260966217613,0.3832273642466044,0.8416211005399491,0.7594343267108168,0.7444161405376323,52.75,0.15668285877777885,0.13179502411165825,0.010740226664900729
sys - mean,0.585794701986755,0.36950260966217613,0.3832273642466044,0.8416211005399491,0.7594343267108168,0.7444161405376323,52.75,0.15668285877777885,0.13179502411165825,0.010740226664900729
