user_id,Precision@5 - macro,Recall@5 - macro,F1@5 - macro,NDCG@5,MRR@5,Gini - Top 5,CatalogCoverage - Top 5,DeltaGap - Top 5 | Blockbuster,DeltaGap - Top 5 | Niche,DeltaGap - Top 5 | Diverse
sys - fold1,0.012725344644750796,0.005019860923162564,0.0061770579203773565,0.011247222223688002,0.03715093672675857,0.4663677917138992,77.59,-0.5259449818409339,-0.6904444682229921,-0.8400648043606938
sys - mean,0.012725344644750796,0.005019860923162564,0.0061770579203773565,0.011247222223688002,0.03715093672675857,0.4663677917138992,77.59,-0.5259449818409339,-0.6904444682229921,-0.8400648043606938
