user_id,Precision@10 - macro,Recall@10 - macro,F1@10 - macro,NDCG@10,MRR@10,Gini - Top 10,CatalogCoverage - Top 10,DeltaGap - Top 10 | Blockbuster,DeltaGap - Top 10 | Niche,DeltaGap - Top 10 | Diverse
sys - fold1,0.008695652173913045,0.006815500862068242,0.006337431790112876,0.011004628773370682,0.04108342170378226,0.5694895491302236,92.57,-0.6409800531066954,-0.7729502772907181,-0.8777994458940701
sys - mean,0.008695652173913045,0.006815500862068242,0.006337431790112876,0.011004628773370682,0.04108342170378226,0.5694895491302236,92.57,-0.6409800531066954,-0.7729502772907181,-0.8777994458940701
