user_id,Precision@10 - macro,Recall@10 - macro,F1@10 - macro,NDCG@10,MRR@10,Gini - Top 10,CatalogCoverage - Top 10,DeltaGap - Top 10 | Blockbuster,DeltaGap - Top 10 | Niche,DeltaGap - Top 10 | Diverse
sys - fold1,0.009331919406150585,0.009740868046547864,0.008002196828026364,0.014238147471942034,0.030938914979211904,0.7573065249739107,44.83,-0.5838872887268957,-0.6652949180623831,-0.7595857622691419
sys - mean,0.009331919406150585,0.009740868046547864,0.008002196828026364,0.014238147471942034,0.030938914979211904,0.7573065249739107,44.83,-0.5838872887268957,-0.6652949180623831,-0.7595857622691419
