user_id,Precision@10 - macro,Recall@10 - macro,F1@10 - macro,NDCG@10,MRR@10,Gini - Top 10,CatalogCoverage - Top 10,DeltaGap - Top 10 | Blockbuster,DeltaGap - Top 10 | Niche,DeltaGap - Top 10 | Diverse
sys - fold1,0.007104984093319195,0.0076507505176585475,0.006303169518701149,0.013362547339602506,0.01397431365618004,0.7120754061653629,51.19,-0.6761274796994089,-0.7969696365655843,-0.8690928684143042
sys - mean,0.007104984093319195,0.0076507505176585475,0.006303169518701149,0.013362547339602506,0.01397431365618004,0.7120754061653629,51.19,-0.6761274796994089,-0.7969696365655843,-0.8690928684143042
