user_id,Precision@10 - macro,Recall@10 - macro,F1@10 - macro,NDCG@10,MRR@10,Gini - Top 10,CatalogCoverage - Top 10,DeltaGap - Top 10 | Blockbuster,DeltaGap - Top 10 | Niche,DeltaGap - Top 10 | Diverse
sys - fold1,0.009862142099681868,0.006791032008439647,0.006803773896435842,0.012939882641464128,0.040967698496860744,0.47451508114420715,93.94,-0.5711177346280552,-0.6866781774995038,-0.8361724178230615
sys - mean,0.009862142099681868,0.006791032008439647,0.006803773896435842,0.012939882641464128,0.040967698496860744,0.47451508114420715,93.94,-0.5711177346280552,-0.6866781774995038,-0.8361724178230615
