user_id,Precision@5 - macro,Recall@5 - macro,F1@5 - macro,NDCG@5,MRR@5,Gini - Top 5,CatalogCoverage - Top 5,DeltaGap - Top 5 | Blockbuster,DeltaGap - Top 5 | Niche,DeltaGap - Top 5 | Diverse
sys - fold1,0.010604453870625663,0.004481039529430947,0.005223758210116346,0.010312566182000205,0.03681512902085543,0.5608816311825325,74.2,-0.6260236909361321,-0.7841854134982866,-0.880046945476496
sys - mean,0.010604453870625663,0.004481039529430947,0.005223758210116346,0.010312566182000205,0.03681512902085543,0.5608816311825325,74.2,-0.6260236909361321,-0.7841854134982866,-0.880046945476496
