user_id,Precision@10 - macro,Recall@10 - macro,F1@10 - macro,NDCG@10,MRR@10,Gini - Top 10,CatalogCoverage - Top 10,DeltaGap - Top 10 | Blockbuster,DeltaGap - Top 10 | Niche,DeltaGap - Top 10 | Diverse
sys - fold1,0.0027571580063626725,0.00404614010235226,0.002829870879598424,0.007877344876751922,0.0051835580467605915,0.7360201725312081,44.53,-0.8159950564556051,-0.9044077586666126,-0.9460787387376923
sys - mean,0.0027571580063626725,0.00404614010235226,0.002829870879598424,0.007877344876751922,0.0051835580467605915,0.7360201725312081,44.53,-0.8159950564556051,-0.9044077586666126,-0.9460787387376923
