user_id,Precision@5 - macro,Recall@5 - macro,F1@5 - macro,NDCG@5,MRR@5,Gini - Top 5,CatalogCoverage - Top 5,DeltaGap - Top 5 | Blockbuster,DeltaGap - Top 5 | Niche,DeltaGap - Top 5 | Diverse
sys - fold1,0.013149522799575824,0.005469432448668251,0.006413051579406645,0.012594270815452396,0.041021562389536935,0.5579333877719932,68.25,-0.5752162653633649,-0.6688775349207735,-0.8357180774768586
sys - mean,0.013149522799575824,0.005469432448668251,0.006413051579406645,0.012594270815452396,0.041021562389536935,0.5579333877719932,68.25,-0.5752162653633649,-0.6688775349207735,-0.8357180774768586
