user_id,Precision@5 - macro,Recall@5 - macro,F1@5 - macro,NDCG@5,MRR@5,Gini - Top 5,CatalogCoverage - Top 5,DeltaGap - Top 5 | Blockbuster,DeltaGap - Top 5 | Niche,DeltaGap - Top 5 | Diverse
sys - fold1,0.010604453870625663,0.0061348716242573655,0.006550165851049756,0.01681971174997685,0.027129727819017322,0.7425340865385683,28.36,-0.4622870868260966,-0.5899006748036962,-0.7209269074976743
sys - mean,0.010604453870625663,0.0061348716242573655,0.006550165851049756,0.01681971174997685,0.027129727819017322,0.7425340865385683,28.36,-0.4622870868260966,-0.5899006748036962,-0.7209269074976743
