user_id,Precision@10 - macro,Recall@10 - macro,F1@10 - macro,NDCG@10,MRR@10,Gini - Top 10,CatalogCoverage - Top 10,DeltaGap - Top 10 | Blockbuster,DeltaGap - Top 10 | Niche,DeltaGap - Top 10 | Diverse
sys - fold1,0.01134676564156946,0.011100340295298675,0.00943677996987318,0.01741538461677518,0.034207779965998414,0.7580265468451363,40.61,-0.5306198266322811,-0.6087470754225482,-0.7076503328101075
sys - mean,0.01134676564156946,0.011100340295298675,0.00943677996987318,0.01741538461677518,0.034207779965998414,0.7580265468451363,40.61,-0.5306198266322811,-0.6087470754225482,-0.7076503328101075
