user_id,Precision@5 - macro,Recall@5 - macro,F1@5 - macro,NDCG@5,MRR@5,Gini - Top 5,CatalogCoverage - Top 5,DeltaGap - Top 5 | Blockbuster,DeltaGap - Top 5 | Niche,DeltaGap - Top 5 | Diverse
sys - fold1,0.00911983032873807,0.0056373053667357195,0.005830088874755784,0.013833305267256638,0.0252209261223047,0.7382695551179114,31.21,-0.5161312295292633,-0.6554000742685053,-0.7647108950551276
sys - mean,0.00911983032873807,0.0056373053667357195,0.005830088874755784,0.013833305267256638,0.0252209261223047,0.7382695551179114,31.21,-0.5161312295292633,-0.6554000742685053,-0.7647108950551276
