user_id,Precision@5 - macro,Recall@5 - macro,F1@5 - macro,NDCG@5,MRR@5,Gini - Top 5,CatalogCoverage - Top 5,DeltaGap - Top 5 | Blockbuster,DeltaGap - Top 5 | Niche,DeltaGap - Top 5 | Diverse
sys - fold1,0.0012725344644750798,0.0011045709017607215,0.0010327628037066002,0.007586628712582244,0.002368328031106398,0.7257250502213386,24.2,-0.8540235710426773,-0.9561158732244296,-0.9556381813378434
sys - mean,0.0012725344644750798,0.0011045709017607215,0.0010327628037066002,0.007586628712582244,0.002368328031106398,0.7257250502213386,24.2,-0.8540235710426773,-0.9561158732244296,-0.9556381813378434
