user_id,Precision@5 - macro,Recall@5 - macro,F1@5 - macro,NDCG@5,MRR@5,Gini - Top 5,CatalogCoverage - Top 5,DeltaGap - Top 5 | Blockbuster,DeltaGap - Top 5 | Niche,DeltaGap - Top 5 | Diverse
sys - fold1,0.013997879109225876,0.005221142214066579,0.006515266201441036,0.012579958387509683,0.040137857900318125,0.47379058728475487,69.92,-0.47923690433444205,-0.664472412156455,-0.8025838613263954
sys - mean,0.013997879109225876,0.005221142214066579,0.006515266201441036,0.012579958387509683,0.040137857900318125,0.47379058728475487,69.92,-0.47923690433444205,-0.664472412156455,-0.8025838613263954
