user_id,Precision@5 - macro,Recall@5 - macro,F1@5 - macro,NDCG@5,MRR@5,Gini - Top 5,CatalogCoverage - Top 5,DeltaGap - Top 5 | Blockbuster,DeltaGap - Top 5 | Niche,DeltaGap - Top 5 | Diverse
sys - fold1,0.0042417815482502655,0.0029836200843709484,0.0030420759458679525,0.012777713257921416,0.007864969954047367,0.7380563195917285,30.44,-0.6996405462245446,-0.8854571980262719,-0.9080291092007743
sys - mean,0.0042417815482502655,0.0029836200843709484,0.0030420759458679525,0.012777713257921416,0.007864969954047367,0.7380563195917285,30.44,-0.6996405462245446,-0.8854571980262719,-0.9080291092007743
