user_id,Precision@10 - macro,Recall@10 - macro,F1@10 - macro,NDCG@10,MRR@10,Gini - Top 10,CatalogCoverage - Top 10,DeltaGap - Top 10 | Blockbuster,DeltaGap - Top 10 | Niche,DeltaGap - Top 10 | Diverse
sys - fold1,0.010922587486744434,0.007425177879666934,0.007521542477517642,0.01448616798947535,0.04423530104866266,0.47192061190481344,81.57,-0.5146211334610831,-0.6601340958347967,-0.7896745869970062
sys - mean,0.010922587486744434,0.007425177879666934,0.007521542477517642,0.01448616798947535,0.04423530104866266,0.47192061190481344,81.57,-0.5146211334610831,-0.6601340958347967,-0.7896745869970062
