user_id,Precision@10 - macro,Recall@10 - macro,F1@10 - macro,NDCG@10,MRR@10,Gini - Top 10,CatalogCoverage - Top 10,DeltaGap - Top 10 | Blockbuster,DeltaGap - Top 10 | Niche,DeltaGap - Top 10 | Diverse
sys - fold1,0.010286320254506893,0.008432187258109939,0.00760211981711918,0.013555361655575289,0.04538285444966251,0.5296226555915948,81.09,-0.5876597293514151,-0.695395180045094,-0.8034299380538394
sys - mean,0.010286320254506893,0.008432187258109939,0.00760211981711918,0.013555361655575289,0.04538285444966251,0.5296226555915948,81.09,-0.5876597293514151,-0.695395180045094,-0.8034299380538394
