user_id,Precision@10 - macro,Recall@10 - macro,F1@10 - macro,NDCG@10,MRR@10,Gini - Top 10,CatalogCoverage - Top 10,DeltaGap - Top 10 | Blockbuster,DeltaGap - Top 10 | Niche,DeltaGap - Top 10 | Diverse
sys - fold1,0.016224814422057265,0.01706827176153844,0.013666783124514451,0.026047932357850127,0.057790907101617606,0.7561587656939371,38.53,-0.5289594500784384,-0.613895913097014,-0.693765788888786
sys - mean,0.016224814422057265,0.01706827176153844,0.013666783124514451,0.026047932357850127,0.057790907101617606,0.7561587656939371,38.53,-0.5289594500784384,-0.613895913097014,-0.693765788888786
