user_id,Precision@5 - macro,Recall@5 - macro,F1@5 - macro,NDCG@5,MRR@5,Gini - Top 5,CatalogCoverage - Top 5,DeltaGap - Top 5 | Blockbuster,DeltaGap - Top 5 | Niche,DeltaGap - Top 5 | Diverse
sys - fold1,0.018451749734888657,0.010713707033619789,0.011440049138087433,0.024716358274531534,0.05058324496288442,0.7526953372818331,27.23,-0.4540931926513757,-0.6227887162684757,-0.7081279259453118
sys - mean,0.018451749734888657,0.010713707033619789,0.011440049138087433,0.024716358274531534,0.05058324496288442,0.7526953372818331,27.23,-0.4540931926513757,-0.6227887162684757,-0.7081279259453118
