user_id,Precision@10 - macro,Recall@10 - macro,F1@10 - macro,NDCG@10,MRR@10,Gini - Top 10,CatalogCoverage - Top 10,DeltaGap - Top 10 | Blockbuster,DeltaGap - Top 10 | Niche,DeltaGap - Top 10 | Diverse
sys - fold1,0.5842713225268898,0.6810602644066753,0.5742247365551337,0.9258528938295368,0.7681992627379689,0.5726498122339504,66.23,0.017762191217302565,0.03643157765162138,-0.015461661219907292
sys - mean,0.5842713225268898,0.6810602644066753,0.5742247365551337,0.9258528938295368,0.7681992627379689,0.5726498122339504,66.23,0.017762191217302565,0.03643157765162138,-0.015461661219907292
