user_id,Precision@10 - macro,Recall@10 - macro,F1@10 - macro,NDCG@10,MRR@10,Gini - Top 10,CatalogCoverage - Top 10,DeltaGap - Top 10 | Blockbuster,DeltaGap - Top 10 | Niche,DeltaGap - Top 10 | Diverse
sys - fold1,0.007317073170731708,0.00919439080564758,0.006741438177515587,0.06764398954142588,0.01906150583244963,0.7297220022282777,28.18,-0.6310735657755454,-0.7456888122292218,-0.8572847011141025
sys - mean,0.007317073170731708,0.00919439080564758,0.006741438177515587,0.06764398954142588,0.01906150583244963,0.7297220022282777,28.18,-0.6310735657755454,-0.7456888122292218,-0.8572847011141025
