user_id,Precision@20 - macro,Recall@20 - macro,F1@20 - macro,NDCG@20,MRR@20,Gini - Top 20,CatalogCoverage - Top 20,DeltaGap - Top 20 | Blockbuster,DeltaGap - Top 20 | Niche,DeltaGap - Top 20 | Diverse
sys - fold1,0.01447507953340403,0.02674177647839563,0.01591303210564207,0.11730782072277081,0.051402028514136965,0.6230429074828991,62.96,-0.460863751319142,-0.676636924065584,-0.7997818647004108
sys - mean,0.01447507953340403,0.02674177647839563,0.01591303210564207,0.11730782072277081,0.051402028514136965,0.6230429074828991,62.96,-0.460863751319142,-0.676636924065584,-0.7997818647004108
