user_id,Precision@20 - macro,Recall@20 - macro,F1@20 - macro,NDCG@20,MRR@20,Gini - Top 20,CatalogCoverage - Top 20,DeltaGap - Top 20 | Blockbuster,DeltaGap - Top 20 | Niche,DeltaGap - Top 20 | Diverse
sys - fold1,0.014899257688229056,0.023573617538555705,0.015787785632031943,0.11462612848243735,0.04962738140930721,0.5119327033328144,64.39,-0.5221999867937633,-0.6326008662236567,-0.7580567265890998
sys - mean,0.014899257688229056,0.023573617538555705,0.015787785632031943,0.11462612848243735,0.04962738140930721,0.5119327033328144,64.39,-0.5221999867937633,-0.6326008662236567,-0.7580567265890998
