user_id,Precision@5 - macro,Recall@5 - macro,F1@5 - macro,NDCG@5,MRR@5,Gini - Top 5,CatalogCoverage - Top 5,DeltaGap - Top 5 | Blockbuster,DeltaGap - Top 5 | Niche,DeltaGap - Top 5 | Diverse
sys - fold1,0.6165959703075292,0.4760627403952567,0.4653414462639304,0.8558080047504505,0.804365500176741,0.5556358665722603,54.22,0.1018916035396032,0.07586176797772372,-0.042160444544490985
sys - mean,0.6165959703075292,0.4760627403952567,0.4653414462639304,0.8558080047504505,0.804365500176741,0.5556358665722603,54.22,0.1018916035396032,0.07586176797772372,-0.042160444544490985
