user_id,Precision@10 - macro,Recall@10 - macro,F1@10 - macro,NDCG@10,MRR@10,Gini - Top 10,CatalogCoverage - Top 10,DeltaGap - Top 10 | Blockbuster,DeltaGap - Top 10 | Niche,DeltaGap - Top 10 | Diverse
sys - fold1,0.602510983184366,0.6928199243092155,0.5877174838538772,0.9332243595084976,0.8052062818764832,0.5742777032349223,64.27,0.019007243028849763,0.028618480748922842,-0.02182340780037763
sys - mean,0.602510983184366,0.6928199243092155,0.5877174838538772,0.9332243595084976,0.8052062818764832,0.5742777032349223,64.27,0.019007243028849763,0.028618480748922842,-0.02182340780037763
