user_id,Precision@10 - macro,Recall@10 - macro,F1@10 - macro,NDCG@10,MRR@10,Gini - Top 10,CatalogCoverage - Top 10,DeltaGap - Top 10 | Blockbuster,DeltaGap - Top 10 | Niche,DeltaGap - Top 10 | Diverse
sys - fold1,0.01505832449628844,0.011149965830269854,0.011003352857883843,0.07865244212838869,0.04256888686899291,0.3875233538298236,61.65,-0.3744082798668113,-0.6363065417773212,-0.7966325916391643
sys - mean,0.01505832449628844,0.011149965830269854,0.011003352857883843,0.07865244212838869,0.04256888686899291,0.3875233538298236,61.65,-0.3744082798668113,-0.6363065417773212,-0.7966325916391643
