user_id,Precision@10 - macro,Recall@10 - macro,F1@10 - macro,NDCG@10,MRR@10,Gini - Top 10,CatalogCoverage - Top 10,DeltaGap - Top 10 | Blockbuster,DeltaGap - Top 10 | Niche,DeltaGap - Top 10 | Diverse
sys - fold1,0.015164369034994699,0.013350014486446024,0.011790851545747178,0.07831724415372862,0.045429985355754175,0.6552237210946427,46.02,-0.39975273715797005,-0.668833869772868,-0.8104471575017667
sys - mean,0.015164369034994699,0.013350014486446024,0.011790851545747178,0.07831724415372862,0.045429985355754175,0.6552237210946427,46.02,-0.39975273715797005,-0.668833869772868,-0.8104471575017667
