user_id,Precision@20 - macro,Recall@20 - macro,F1@20 - macro,NDCG@20,MRR@20,Gini - Top 20,CatalogCoverage - Top 20,DeltaGap - Top 20 | Blockbuster,DeltaGap - Top 20 | Niche,DeltaGap - Top 20 | Diverse
sys - fold1,0.00911983032873807,0.02069054084034882,0.010433974244990077,0.10327618380279238,0.02527159594523321,0.7150371155885472,42.51,-0.6316657922750761,-0.7512959234751393,-0.8330980980641637
sys - mean,0.00911983032873807,0.02069054084034882,0.010433974244990077,0.10327618380279238,0.02527159594523321,0.7150371155885472,42.51,-0.6316657922750761,-0.7512959234751393,-0.8330980980641637
