user_id,Precision@5 - macro,Recall@5 - macro,F1@5 - macro,NDCG@5,MRR@5,Gini - Top 5,CatalogCoverage - Top 5,DeltaGap - Top 5 | Blockbuster,DeltaGap - Top 5 | Niche,DeltaGap - Top 5 | Diverse
sys - fold1,0.5911452810180277,0.4647240580577491,0.45090040494615014,0.846498244058057,0.7665075998586074,0.5435205961716117,55.59,0.09299814160117535,0.06765442389635933,-0.05410644826047038
sys - mean,0.5911452810180277,0.4647240580577491,0.45090040494615014,0.846498244058057,0.7665075998586074,0.5435205961716117,55.59,0.09299814160117535,0.06765442389635933,-0.05410644826047038
