user_id,Precision@5 - macro,Recall@5 - macro,F1@5 - macro,NDCG@5,MRR@5,Gini - Top 5,CatalogCoverage - Top 5,DeltaGap - Top 5 | Blockbuster,DeltaGap - Top 5 | Niche,DeltaGap - Top 5 | Diverse
sys - fold1,0.621898197242842,0.48255813296586236,0.47155832217100246,0.86027696241105,0.8039943442912688,0.5522813814076245,52.73,0.10010720831564263,0.06467129653838469,-0.06061410892654689
sys - mean,0.621898197242842,0.48255813296586236,0.47155832217100246,0.86027696241105,0.8039943442912688,0.5522813814076245,52.73,0.10010720831564263,0.06467129653838469,-0.06061410892654689
