user_id,Precision@10 - macro,Recall@10 - macro,F1@10 - macro,NDCG@10,MRR@10,Gini - Top 10,CatalogCoverage - Top 10,DeltaGap - Top 10 | Blockbuster,DeltaGap - Top 10 | Niche,DeltaGap - Top 10 | Diverse
sys - fold1,0.5762119375852143,0.6804023925085634,0.5709972236059263,0.927487835801596,0.7566723897052636,0.5813713325061042,63.91,0.0038647187814702796,-0.0038486151357775174,-0.10443858475301575
sys - mean,0.5762119375852143,0.6804023925085634,0.5709972236059263,0.927487835801596,0.7566723897052636,0.5813713325061042,63.91,0.0038647187814702796,-0.0038486151357775174,-0.10443858475301575
