user_id,Precision@10 - macro,Recall@10 - macro,F1@10 - macro,NDCG@10,MRR@10,Gini - Top 10,CatalogCoverage - Top 10,DeltaGap - Top 10 | Blockbuster,DeltaGap - Top 10 | Niche,DeltaGap - Top 10 | Diverse
sys - fold1,0.015906680805938492,0.011643284268364765,0.01150144446728316,0.07629648755292176,0.043143715598646666,0.534201969398576,52.02,-0.46285015217231557,-0.6167571905882137,-0.7730121961514718
sys - mean,0.015906680805938492,0.011643284268364765,0.01150144446728316,0.07629648755292176,0.043143715598646666,0.534201969398576,52.02,-0.46285015217231557,-0.6167571905882137,-0.7730121961514718
