user_id,Precision@5 - macro,Recall@5 - macro,F1@5 - macro,NDCG@5,MRR@5,Gini - Top 5,CatalogCoverage - Top 5,DeltaGap - Top 5 | Blockbuster,DeltaGap - Top 5 | Niche,DeltaGap - Top 5 | Diverse
sys - fold1,0.5792682926829268,0.4643165508214082,0.44868142391601434,0.8475573562430739,0.7537645811240721,0.5729326788863093,50.3,0.007447987837510142,0.001865861464834427,-0.176009916876554
sys - mean,0.5792682926829268,0.4643165508214082,0.44868142391601434,0.8475573562430739,0.7537645811240721,0.5729326788863093,50.3,0.007447987837510142,0.001865861464834427,-0.176009916876554
