user_id,Precision@20 - macro,Recall@20 - macro,F1@20 - macro,NDCG@20,MRR@20,Gini - Top 20,CatalogCoverage - Top 20,DeltaGap - Top 20 | Blockbuster,DeltaGap - Top 20 | Niche,DeltaGap - Top 20 | Diverse
sys - fold1,0.013361611876988337,0.02234781103669706,0.014477591047041185,0.11577676304463626,0.04791160876586647,0.3480902108440201,73.42,-0.4496202264554335,-0.6443059327521081,-0.7777966438438365
sys - mean,0.013361611876988337,0.02234781103669706,0.014477591047041185,0.11577676304463626,0.04791160876586647,0.3480902108440201,73.42,-0.4496202264554335,-0.6443059327521081,-0.7777966438438365
