user_id,Precision@10 - macro,Recall@10 - macro,F1@10 - macro,NDCG@10,MRR@10,Gini - Top 10,CatalogCoverage - Top 10,DeltaGap - Top 10 | Blockbuster,DeltaGap - Top 10 | Niche,DeltaGap - Top 10 | Diverse
sys - fold1,0.5971027117103468,0.6904604220030637,0.5845162742179685,0.931822304703832,0.8059275530643505,0.5784379755045025,65.64,0.021741370720522013,0.03271578165218131,-0.01321699246202386
sys - mean,0.5971027117103468,0.6904604220030637,0.5845162742179685,0.931822304703832,0.8059275530643505,0.5784379755045025,65.64,0.021741370720522013,0.03271578165218131,-0.01321699246202386
