user_id,Precision@5 - macro,Recall@5 - macro,F1@5 - macro,NDCG@5,MRR@5,Gini - Top 5,CatalogCoverage - Top 5,DeltaGap - Top 5 | Blockbuster,DeltaGap - Top 5 | Niche,DeltaGap - Top 5 | Diverse
sys - fold1,0.6203476821192052,0.3846397808913257,0.40230451824915164,0.8540600828286801,0.79780353200883,0.6820976305762989,62.87,0.21640615723299406,0.1382351559600471,-0.06845972449834711
sys - mean,0.6203476821192052,0.3846397808913257,0.40230451824915164,0.8540600828286801,0.79780353200883,0.6820976305762989,62.87,0.21640615723299406,0.1382351559600471,-0.06845972449834711
