user_id,Precision@10 - macro,Recall@10 - macro,F1@10 - macro,NDCG@10,MRR@10,Gini - Top 10,CatalogCoverage - Top 10,DeltaGap - Top 10 | Blockbuster,DeltaGap - Top 10 | Niche,DeltaGap - Top 10 | Diverse
sys - fold1,0.6084312256911594,0.5841724538778069,0.521561654386393,0.930854746421394,0.7731307158625039,0.6567609652650583,79.44,0.0947733865926939,0.0705388996305274,0.0025094146012117112
sys - mean,0.6084312256911594,0.5841724538778069,0.521561654386393,0.930854746421394,0.7731307158625039,0.6567609652650583,79.44,0.0947733865926939,0.0705388996305274,0.0025094146012117112
