user_id,Precision@10 - macro,Recall@10 - macro,F1@10 - macro,NDCG@10,MRR@10,Gini - Top 10,CatalogCoverage - Top 10,DeltaGap - Top 10 | Blockbuster,DeltaGap - Top 10 | Niche,DeltaGap - Top 10 | Diverse
sys - fold1,0.5582310391043835,0.566233795385168,0.49531222865706365,0.9243376526480414,0.7479313176705561,0.7060347129112922,74.66,0.04005302459439203,0.024641198242744647,-0.023870300409642914
sys - mean,0.5582310391043835,0.566233795385168,0.49531222865706365,0.9243376526480414,0.7479313176705561,0.7060347129112922,74.66,0.04005302459439203,0.024641198242744647,-0.023870300409642914
