user_id,Precision@10 - macro,Recall@10 - macro,F1@10 - macro,NDCG@10,MRR@10,Gini - Top 10,CatalogCoverage - Top 10,DeltaGap - Top 10 | Blockbuster,DeltaGap - Top 10 | Niche,DeltaGap - Top 10 | Diverse
sys - fold1,0.5675954614737727,0.5728539699914962,0.5040577303455801,0.9259158806946173,0.7491482707873437,0.690014696143287,73.91,0.05016751020887152,0.02363065222474003,-0.05412398794369197
sys - mean,0.5675954614737727,0.5728539699914962,0.5040577303455801,0.9259158806946173,0.7491482707873437,0.690014696143287,73.91,0.05016751020887152,0.02363065222474003,-0.05412398794369197
