user_id,Precision@5 - macro,Recall@5 - macro,F1@5 - macro,NDCG@5,MRR@5,Gini - Top 5,CatalogCoverage - Top 5,DeltaGap - Top 5 | Blockbuster,DeltaGap - Top 5 | Niche,DeltaGap - Top 5 | Diverse
sys - fold1,0.6657419675389201,0.3963674461774923,0.41893932024131386,0.8685754209541969,0.8364855912553827,0.6638589342991131,67.38,0.22953866046973334,0.17774346994967802,0.0120445812316979
sys - mean,0.6657419675389201,0.3963674461774923,0.41893932024131386,0.8685754209541969,0.8364855912553827,0.6638589342991131,67.38,0.22953866046973334,0.17774346994967802,0.0120445812316979
