user_id,Precision@10 - macro,Recall@10 - macro,F1@10 - macro,NDCG@10,MRR@10,Gini - Top 10,CatalogCoverage - Top 10,DeltaGap - Top 10 | Blockbuster,DeltaGap - Top 10 | Niche,DeltaGap - Top 10 | Diverse
sys - fold1,0.5608836495843783,0.5691480551008904,0.49840641664371144,0.9249508562743703,0.7406794665531002,0.6440764073919432,81.3,0.0496000327707321,0.030598228110509936,-0.01985687751408584
sys - mean,0.5608836495843783,0.5691480551008904,0.49840641664371144,0.9249508562743703,0.7406794665531002,0.6440764073919432,81.3,0.0496000327707321,0.030598228110509936,-0.01985687751408584
