user_id,Precision@5 - macro,Recall@5 - macro,F1@5 - macro,NDCG@5,MRR@5,Gini - Top 5,CatalogCoverage - Top 5,DeltaGap - Top 5 | Blockbuster,DeltaGap - Top 5 | Niche,DeltaGap - Top 5 | Diverse
sys - fold1,0.5606657833719775,0.36095259024434984,0.3714110168215722,0.8343715521184822,0.7373192006183062,0.6328115112324,72.53,0.11592545965203079,0.06317943813057382,-0.053598603514175724
sys - mean,0.5606657833719775,0.36095259024434984,0.3714110168215722,0.8343715521184822,0.7373192006183062,0.6328115112324,72.53,0.11592545965203079,0.06317943813057382,-0.053598603514175724
