user_id,Precision@5 - macro,Recall@5 - macro,F1@5 - macro,NDCG@5,MRR@5,Gini - Top 5,CatalogCoverage - Top 5,DeltaGap - Top 5 | Blockbuster,DeltaGap - Top 5 | Niche,DeltaGap - Top 5 | Diverse
sys - fold1,0.5833029801324503,0.3708394641360541,0.38444786039362683,0.8422137329553062,0.7665976821192053,0.7276399502174973,57.26,0.18354772252528798,0.14975826637272335,-9.434136133178957e-05
sys - mean,0.5833029801324503,0.3708394641360541,0.38444786039362683,0.8422137329553062,0.7665976821192053,0.7276399502174973,57.26,0.18354772252528798,0.14975826637272335,-9.434136133178957e-05
