user_id,Precision@10 - macro,Recall@10 - macro,F1@10 - macro,NDCG@10,MRR@10,Gini - Top 10,CatalogCoverage - Top 10,DeltaGap - Top 10 | Blockbuster,DeltaGap - Top 10 | Niche,DeltaGap - Top 10 | Diverse
sys - fold1,0.60865510497011,0.585599429156311,0.5224706098115682,0.9312760523461503,0.7758993964152957,0.6530319045700198,78.58,0.08886977066718313,0.058444445268396206,-0.003517809350554678
sys - mean,0.60865510497011,0.585599429156311,0.5224706098115682,0.9312760523461503,0.7758993964152957,0.6530319045700198,78.58,0.08886977066718313,0.058444445268396206,-0.003517809350554678
