user_id,Precision@5 - macro,Recall@5 - macro,F1@5 - macro,NDCG@5,MRR@5,Gini - Top 5,CatalogCoverage - Top 5,DeltaGap - Top 5 | Blockbuster,DeltaGap - Top 5 | Niche,DeltaGap - Top 5 | Diverse
sys - fold1,0.6147433774834437,0.36686262597769315,0.38585570476423103,0.8471091383924864,0.7706401766004414,0.6395335369488147,71.4,0.19156427310396104,0.11205847165350036,-0.0391946332518567
sys - mean,0.6147433774834437,0.36686262597769315,0.38585570476423103,0.8471091383924864,0.7706401766004414,0.6395335369488147,71.4,0.19156427310396104,0.11205847165350036,-0.0391946332518567
