user_id,Precision@10 - macro,Recall@10 - macro,F1@10 - macro,NDCG@10,MRR@10,Gini - Top 10,CatalogCoverage - Top 10,DeltaGap - Top 10 | Blockbuster,DeltaGap - Top 10 | Niche,DeltaGap - Top 10 | Diverse
sys - fold1,0.6365782583321504,0.6046512137264128,0.5430422930907233,0.941174035113314,0.8382669022119172,0.6733843295772416,78.2,0.1497121392045192,0.11227774865782632,0.038030234172599826
sys - mean,0.6365782583321504,0.6046512137264128,0.5430422930907233,0.941174035113314,0.8382669022119172,0.6733843295772416,78.2,0.1497121392045192,0.11227774865782632,0.038030234172599826
