user_id,Precision@5 - macro,Recall@5 - macro,F1@5 - macro,NDCG@5,MRR@5,Gini - Top 5,CatalogCoverage - Top 5,DeltaGap - Top 5 | Blockbuster,DeltaGap - Top 5 | Niche,DeltaGap - Top 5 | Diverse
sys - fold1,0.607706953642384,0.377495888919708,0.39303765871152185,0.8493437523728996,0.8025883002207506,0.74345354192407,56.07,0.22121919763374834,0.19381879112583453,0.03745569414885209
sys - mean,0.607706953642384,0.377495888919708,0.39303765871152185,0.8493437523728996,0.8025883002207506,0.74345354192407,56.07,0.22121919763374834,0.19381879112583453,0.03745569414885209
