user_id,Precision@10 - macro,Recall@10 - macro,F1@10 - macro,NDCG@10,MRR@10,Gini - Top 10,CatalogCoverage - Top 10,DeltaGap - Top 10 | Blockbuster,DeltaGap - Top 10 | Niche,DeltaGap - Top 10 | Diverse
sys - fold1,0.5964396746557342,0.5870110555925478,0.521318009256652,0.9342294816419953,0.7993181698728056,0.6793793711483483,75.74,0.09687941748923161,0.07185085912545565,-0.033061071242532866
sys - mean,0.5964396746557342,0.5870110555925478,0.521318009256652,0.9342294816419953,0.7993181698728056,0.6793793711483483,75.74,0.09687941748923161,0.07185085912545565,-0.033061071242532866
