user_id,Precision@5 - macro,Recall@5 - macro,F1@5 - macro,NDCG@5,MRR@5,Gini - Top 5,CatalogCoverage - Top 5,DeltaGap - Top 5 | Blockbuster,DeltaGap - Top 5 | Niche,DeltaGap - Top 5 | Diverse
sys - fold1,0.5780261632720649,0.3625775363512933,0.3766957269768886,0.8363840176805717,0.7456946514323564,0.6107317924368214,73.91,0.10911288678577963,0.045546962707176106,-0.09909962156478119
sys - mean,0.5780261632720649,0.3625775363512933,0.3766957269768886,0.8363840176805717,0.7456946514323564,0.6107317924368214,73.91,0.10911288678577963,0.045546962707176106,-0.09909962156478119
