user_id,Precision@10 - macro,Recall@10 - macro,F1@10 - macro,NDCG@10,MRR@10,Gini - Top 10,CatalogCoverage - Top 10,DeltaGap - Top 10 | Blockbuster,DeltaGap - Top 10 | Niche,DeltaGap - Top 10 | Diverse
sys - fold1,0.5629373097367466,0.5703426157208392,0.49964607231115,0.9250967391606862,0.7392054028191823,0.6469446963101015,80.71,0.0646777825128645,0.042736894778582175,-0.015780000558260638
sys - mean,0.5629373097367466,0.5703426157208392,0.49964607231115,0.9250967391606862,0.7392054028191823,0.6469446963101015,80.71,0.0646777825128645,0.042736894778582175,-0.015780000558260638
