user_id,Precision@5 - macro,Recall@5 - macro,F1@5 - macro,NDCG@5,MRR@5,Gini - Top 5,CatalogCoverage - Top 5,DeltaGap - Top 5 | Blockbuster,DeltaGap - Top 5 | Niche,DeltaGap - Top 5 | Diverse
sys - fold1,0.5572871811858231,0.3590273227385806,0.3699150118220923,0.8320202212753345,0.7290493540907586,0.6141806370520025,73.75,0.11385205396107727,0.07911261742000954,-0.0677240614677379
sys - mean,0.5572871811858231,0.3590273227385806,0.3699150118220923,0.8320202212753345,0.7290493540907586,0.6141806370520025,73.75,0.11385205396107727,0.07911261742000954,-0.0677240614677379
