user_id,Precision@5 - macro,Recall@5 - macro,F1@5 - macro,NDCG@5,MRR@5,Gini - Top 5,CatalogCoverage - Top 5,DeltaGap - Top 5 | Blockbuster,DeltaGap - Top 5 | Niche,DeltaGap - Top 5 | Diverse
sys - fold1,0.6555224374896506,0.39311592499819864,0.41374165282948705,0.8647506495956453,0.8249517028205553,0.6603258696343967,70.7,0.22947724813468867,0.1783429394596509,0.011038562053290056
sys - mean,0.6555224374896506,0.39311592499819864,0.41374165282948705,0.8647506495956453,0.8249517028205553,0.6603258696343967,70.7,0.22947724813468867,0.1783429394596509,0.011038562053290056
