user_id,Precision@5 - macro,Recall@5 - macro,F1@5 - macro,NDCG@5,MRR@5,Gini - Top 5,CatalogCoverage - Top 5,DeltaGap - Top 5 | Blockbuster,DeltaGap - Top 5 | Niche,DeltaGap - Top 5 | Diverse
sys - fold1,0.6095214439476734,0.3751076884789397,0.3922317493097343,0.8481945775515938,0.7809350333940498,0.6342426240678328,71.86,0.13135971041816713,0.07349490035097203,-0.06186715374745471
sys - mean,0.6095214439476734,0.3751076884789397,0.3922317493097343,0.8481945775515938,0.7809350333940498,0.6342426240678328,71.86,0.13135971041816713,0.07349490035097203,-0.06186715374745471
