user_id,Precision@10 - macro,Recall@10 - macro,F1@10 - macro,NDCG@10,MRR@10,Gini - Top 10,CatalogCoverage - Top 10,DeltaGap - Top 10 | Blockbuster,DeltaGap - Top 10 | Niche,DeltaGap - Top 10 | Diverse
sys - fold1,0.6348075942312444,0.6028754323708866,0.5419432200369203,0.9408801699646502,0.8308452551827841,0.6683784470237567,79.25,0.11042356488713259,0.08371173824323726,0.029750534857084586
sys - mean,0.6348075942312444,0.6028754323708866,0.5419432200369203,0.9408801699646502,0.8308452551827841,0.6683784470237567,79.25,0.11042356488713259,0.08371173824323726,0.029750534857084586
