user_id,Precision@10 - macro,Recall@10 - macro,F1@10 - macro,NDCG@10,MRR@10,Gini - Top 10,CatalogCoverage - Top 10,DeltaGap - Top 10 | Blockbuster,DeltaGap - Top 10 | Niche,DeltaGap - Top 10 | Diverse
sys - fold1,0.6312453666461616,0.6028747927754469,0.5402471135671536,0.9415068863932928,0.837193475712025,0.6713738773938464,77.44,0.11340987757693073,0.09450861081949682,0.027865965364391544
sys - mean,0.6312453666461616,0.6028747927754469,0.5402471135671536,0.9415068863932928,0.837193475712025,0.6713738773938464,77.44,0.11340987757693073,0.09450861081949682,0.027865965364391544
