user_id,Precision@5 - macro,Recall@5 - macro,F1@5 - macro,NDCG@5,MRR@5,Gini - Top 5,CatalogCoverage - Top 5,DeltaGap - Top 5 | Blockbuster,DeltaGap - Top 5 | Niche,DeltaGap - Top 5 | Diverse
sys - fold1,0.6149668874172185,0.36882268917708316,0.38812829746995525,0.8473561854190099,0.7707615894039735,0.6306878084690803,71.61,0.14802054263588843,0.08753805197287981,-0.06045691714235534
sys - mean,0.6149668874172185,0.36882268917708316,0.38812829746995525,0.8473561854190099,0.7707615894039735,0.6306878084690803,71.61,0.14802054263588843,0.08753805197287981,-0.06045691714235534
