user_id,Precision@5 - macro,Recall@5 - macro,F1@5 - macro,NDCG@5,MRR@5,Gini - Top 5,CatalogCoverage - Top 5,DeltaGap - Top 5 | Blockbuster,DeltaGap - Top 5 | Niche,DeltaGap - Top 5 | Diverse
sys - fold1,0.6634895660814839,0.39471649081976656,0.41708477993257026,0.8678951189959465,0.8373330020978247,0.663629357322621,69.27,0.27703708757961315,0.22644667448214853,0.019157663513971294
sys - mean,0.6634895660814839,0.39471649081976656,0.41708477993257026,0.8678951189959465,0.8373330020978247,0.663629357322621,69.27,0.27703708757961315,0.22644667448214853,0.019157663513971294
