user_id,Precision@5 - macro,Recall@5 - macro,F1@5 - macro,NDCG@5,MRR@5,Gini - Top 5,CatalogCoverage - Top 5,DeltaGap - Top 5 | Blockbuster,DeltaGap - Top 5 | Niche,DeltaGap - Top 5 | Diverse
sys - fold1,0.6048277575356078,0.37434277605901817,0.3910792836606542,0.8467414839336007,0.775524456221707,0.6323287739103438,70.35,0.14548608189927986,0.0705590512236987,-0.06462301960072864
sys - mean,0.6048277575356078,0.37434277605901817,0.3910792836606542,0.8467414839336007,0.775524456221707,0.6323287739103438,70.35,0.14548608189927986,0.0705590512236987,-0.06462301960072864
