user_id,Precision@10 - macro,Recall@10 - macro,F1@10 - macro,NDCG@10,MRR@10,Gini - Top 10,CatalogCoverage - Top 10,DeltaGap - Top 10 | Blockbuster,DeltaGap - Top 10 | Niche,DeltaGap - Top 10 | Diverse
sys - fold1,0.5844960751221102,0.580996383300632,0.513774043777878,0.9299517670172525,0.7755209729911618,0.6437177065755496,79.03,0.058375023906845104,0.04018505000944297,-0.018804346306908352
sys - mean,0.5844960751221102,0.580996383300632,0.513774043777878,0.9299517670172525,0.7755209729911618,0.6437177065755496,79.03,0.058375023906845104,0.04018505000944297,-0.018804346306908352
