user_id,Precision@5 - macro,Recall@5 - macro,F1@5 - macro,NDCG@5,MRR@5,Gini - Top 5,CatalogCoverage - Top 5,DeltaGap - Top 5 | Blockbuster,DeltaGap - Top 5 | Niche,DeltaGap - Top 5 | Diverse
sys - fold1,0.5951545253863135,0.37458419354986633,0.38901270822741174,0.8463900762584118,0.7787775938189846,0.708838858458717,59.82,0.1367768725450552,0.08256049113288047,-0.0772591163827835
sys - mean,0.5951545253863135,0.37458419354986633,0.38901270822741174,0.8463900762584118,0.7787775938189846,0.708838858458717,59.82,0.1367768725450552,0.08256049113288047,-0.0772591163827835
