user_id,Precision@5 - macro,Recall@5 - macro,F1@5 - macro,NDCG@5,MRR@5,Gini - Top 5,CatalogCoverage - Top 5,DeltaGap - Top 5 | Blockbuster,DeltaGap - Top 5 | Niche,DeltaGap - Top 5 | Diverse
sys - fold1,0.5832395143487858,0.3695921472278006,0.38329622235772665,0.8432175951296678,0.7591804635761589,0.636587184178087,69.72,0.10142359054008009,0.025675898849374042,-0.1579094882947912
sys - mean,0.5832395143487858,0.3695921472278006,0.38329622235772665,0.8432175951296678,0.7591804635761589,0.636587184178087,69.72,0.10142359054008009,0.025675898849374042,-0.1579094882947912
