user_id,Precision@10 - macro,Recall@10 - macro,F1@10 - macro,NDCG@10,MRR@10,Gini - Top 10,CatalogCoverage - Top 10,DeltaGap - Top 10 | Blockbuster,DeltaGap - Top 10 | Niche,DeltaGap - Top 10 | Diverse
sys - fold1,0.5728357904972143,0.5754390376856209,0.506852716913873,0.9291561978217666,0.7617185693261852,0.6436647075792871,79.63,0.03220615627310217,0.01224766596722571,-0.10483827967282675
sys - mean,0.5728357904972143,0.5754390376856209,0.506852716913873,0.9291561978217666,0.7617185693261852,0.6436647075792871,79.63,0.03220615627310217,0.01224766596722571,-0.10483827967282675
