user_id,Precision@5 - macro,Recall@5 - macro,F1@5 - macro,NDCG@5,MRR@5,Gini - Top 5,CatalogCoverage - Top 5,DeltaGap - Top 5 | Blockbuster,DeltaGap - Top 5 | Niche,DeltaGap - Top 5 | Diverse
sys - fold1,0.6293867638129933,0.37292736442883306,0.3943392241666601,0.8522924135508348,0.784128166915052,0.6403730438931632,70.45,0.18192665160089355,0.11729528550986011,-0.046537094154131195
sys - mean,0.6293867638129933,0.37292736442883306,0.3943392241666601,0.8522924135508348,0.784128166915052,0.6403730438931632,70.45,0.18192665160089355,0.11729528550986011,-0.046537094154131195
