user_id,Precision@10 - macro,Recall@10 - macro,F1@10 - macro,NDCG@10,MRR@10,Gini - Top 10,CatalogCoverage - Top 10,DeltaGap - Top 10 | Blockbuster,DeltaGap - Top 10 | Niche,DeltaGap - Top 10 | Diverse
sys - fold1,0.6423938841971628,0.6071787611595946,0.5472662530281666,0.9417735406048613,0.8339710532333484,0.6685507141148496,78.28,0.1242081966386359,0.08890163660593466,0.012052665141997775
sys - mean,0.6423938841971628,0.6071787611595946,0.5472662530281666,0.9417735406048613,0.8339710532333484,0.6685507141148496,78.28,0.1242081966386359,0.08890163660593466,0.012052665141997775
