user_id,Precision@10 - macro,Recall@10 - macro,F1@10 - macro,NDCG@10,MRR@10,Gini - Top 10,CatalogCoverage - Top 10,DeltaGap - Top 10 | Blockbuster,DeltaGap - Top 10 | Niche,DeltaGap - Top 10 | Diverse
sys - fold1,0.5917998180833557,0.5833734015549653,0.5170342355645322,0.9307884057296408,0.7773417824676518,0.6437839472071318,79.87,0.05588837337628153,0.027782421718223742,-0.03390644480764353
sys - mean,0.5917998180833557,0.5833734015549653,0.5170342355645322,0.9307884057296408,0.7773417824676518,0.6437839472071318,79.87,0.05588837337628153,0.027782421718223742,-0.03390644480764353
