user_id,Precision@10 - macro,Recall@10 - macro,F1@10 - macro,NDCG@10,MRR@10,Gini - Top 10,CatalogCoverage - Top 10,DeltaGap - Top 10 | Blockbuster,DeltaGap - Top 10 | Niche,DeltaGap - Top 10 | Diverse
sys - fold1,0.5651904814473121,0.5682009753898178,0.4994130818766223,0.9240882346691633,0.7378501381233622,0.6403514624299578,79.74,0.05848502739098616,0.03222530587779245,-0.04201205961603672
sys - mean,0.5651904814473121,0.5682009753898178,0.4994130818766223,0.9240882346691633,0.7378501381233622,0.6403514624299578,79.74,0.05848502739098616,0.03222530587779245,-0.04201205961603672
