user_id,Precision@5 - macro,Recall@5 - macro,F1@5 - macro,NDCG@5,MRR@5,Gini - Top 5,CatalogCoverage - Top 5,DeltaGap - Top 5 | Blockbuster,DeltaGap - Top 5 | Niche,DeltaGap - Top 5 | Diverse
sys - fold1,0.5642324888226526,0.3591117671776521,0.37108994340528967,0.8332018308689587,0.7349092013026439,0.6278629671481454,70.94,0.1289378485706814,0.062471104528465986,-0.08809192270508993
sys - mean,0.5642324888226526,0.3591117671776521,0.37108994340528967,0.8332018308689587,0.7349092013026439,0.6278629671481454,70.94,0.1289378485706814,0.062471104528465986,-0.08809192270508993
