user_id,Precision@10 - macro,Recall@10 - macro,F1@10 - macro,NDCG@10,MRR@10,Gini - Top 10,CatalogCoverage - Top 10,DeltaGap - Top 10 | Blockbuster,DeltaGap - Top 10 | Niche,DeltaGap - Top 10 | Diverse
sys - fold1,0.584614227100566,0.5770435462614208,0.5101355490367995,0.9291851886896061,0.7671879476524284,0.6477053126254009,79.2,0.0663050521653202,0.034071226559256575,-0.059182415513646724
sys - mean,0.584614227100566,0.5770435462614208,0.5101355490367995,0.9291851886896061,0.7671879476524284,0.6477053126254009,79.2,0.0663050521653202,0.034071226559256575,-0.059182415513646724
