user_id,Precision@5 - macro,Recall@5 - macro,F1@5 - macro,NDCG@5,MRR@5,Gini - Top 5,CatalogCoverage - Top 5,DeltaGap - Top 5 | Blockbuster,DeltaGap - Top 5 | Niche,DeltaGap - Top 5 | Diverse
sys - fold1,0.5818543046357615,0.3694220664192789,0.3827342109310059,0.8372805809066565,0.7486754966887417,0.7349883860707939,54.61,0.19603347142190733,0.15061616478996204,0.029168258222347393
sys - mean,0.5818543046357615,0.3694220664192789,0.3827342109310059,0.8372805809066565,0.7486754966887417,0.7349883860707939,54.61,0.19603347142190733,0.15061616478996204,0.029168258222347393
