user_id,Precision@10 - macro,Recall@10 - macro,F1@10 - macro,NDCG@10,MRR@10,Gini - Top 10,CatalogCoverage - Top 10,DeltaGap - Top 10 | Blockbuster,DeltaGap - Top 10 | Niche,DeltaGap - Top 10 | Diverse
sys - fold1,0.5732260459371387,0.5760856042058549,0.5070394151103413,0.9265715852880075,0.7509186770734783,0.7227807542371693,70.7,0.10429995106683859,0.08697689980493661,0.050941696885831986
sys - mean,0.5732260459371387,0.5760856042058549,0.5070394151103413,0.9265715852880075,0.7509186770734783,0.7227807542371693,70.7,0.10429995106683859,0.08697689980493661,0.050941696885831986
