user_id,Precision@10 - macro,Recall@10 - macro,F1@10 - macro,NDCG@10,MRR@10,Gini - Top 10,CatalogCoverage - Top 10,DeltaGap - Top 10 | Blockbuster,DeltaGap - Top 10 | Niche,DeltaGap - Top 10 | Diverse
sys - fold1,0.6233157258488384,0.6034656605284862,0.5371814814754521,0.9414412714002259,0.8346620414170084,0.7072198052871707,70.86,0.19186322076101742,0.17921352523732786,0.08153082569962765
sys - mean,0.6233157258488384,0.6034656605284862,0.5371814814754521,0.9414412714002259,0.8346620414170084,0.7072198052871707,70.86,0.19186322076101742,0.17921352523732786,0.08153082569962765
