user_id,Precision@10 - macro,Recall@10 - macro,F1@10 - macro,NDCG@10,MRR@10,Gini - Top 10,CatalogCoverage - Top 10,DeltaGap - Top 10 | Blockbuster,DeltaGap - Top 10 | Niche,DeltaGap - Top 10 | Diverse
sys - fold1,0.6403268716120655,0.6103105460482809,0.5462892049521655,0.942711124901516,0.8345381367739765,0.6808678534480606,76.98,0.12048921263068849,0.10360216943094333,0.020127846596968885
sys - mean,0.6403268716120655,0.6103105460482809,0.5462892049521655,0.942711124901516,0.8345381367739765,0.6808678534480606,76.98,0.12048921263068849,0.10360216943094333,0.020127846596968885
