user_id,Precision@5 - macro,Recall@5 - macro,F1@5 - macro,NDCG@5,MRR@5,Gini - Top 5,CatalogCoverage - Top 5,DeltaGap - Top 5 | Blockbuster,DeltaGap - Top 5 | Niche,DeltaGap - Top 5 | Diverse
sys - fold1,0.6696588274263,0.400139836176613,0.4219556826149278,0.8704754170456166,0.8336949320967209,0.6723558335590476,66.16,0.22040476620034102,0.16605648943931953,-0.023725124979711083
sys - mean,0.6696588274263,0.400139836176613,0.4219556826149278,0.8704754170456166,0.8336949320967209,0.6723558335590476,66.16,0.22040476620034102,0.16605648943931953,-0.023725124979711083
