user_id,Precision@5 - macro,Recall@5 - macro,F1@5 - macro,NDCG@5,MRR@5,Gini - Top 5,CatalogCoverage - Top 5,DeltaGap - Top 5 | Blockbuster,DeltaGap - Top 5 | Niche,DeltaGap - Top 5 | Diverse
sys - fold1,0.6563245033112582,0.400703724071199,0.419838262550172,0.8681792226783565,0.8334050772626931,0.7063654199592394,56.45,0.3336245663887468,0.3174943819202974,0.08990649520417407
sys - mean,0.6563245033112582,0.400703724071199,0.419838262550172,0.8681792226783565,0.8334050772626931,0.7063654199592394,56.45,0.3336245663887468,0.3174943819202974,0.08990649520417407
