user_id,Precision@20 - macro,Recall@20 - macro,F1@20 - macro,NDCG@20,MRR@20,Gini - Top 20,CatalogCoverage - Top 20,DeltaGap - Top 20 | Blockbuster,DeltaGap - Top 20 | Niche,DeltaGap - Top 20 | Diverse
sys - fold1,0.006401126200728719,0.00668857275711083,0.005131635064543118,0.06606372170711157,0.023478484686755938,0.324861777714457,99.43,-0.6217467391273619,-0.6949385828316111,-0.7994192367161275
sys - mean,0.006401126200728719,0.00668857275711083,0.005131635064543118,0.06606372170711157,0.023478484686755938,0.324861777714457,99.43,-0.6217467391273619,-0.6949385828316111,-0.7994192367161275
