user_id,Precision@5 - macro,Recall@5 - macro,F1@5 - macro,NDCG@5,MRR@5,Gini - Top 5,CatalogCoverage - Top 5,DeltaGap - Top 5 | Blockbuster,DeltaGap - Top 5 | Niche,DeltaGap - Top 5 | Diverse
sys - fold1,0.577956276912885,0.3674798266472897,0.37979565811758514,0.838776885725801,0.7599122225902617,0.6406337575913875,70.91,0.1365980392967805,0.06790496779181508,-0.03845925043809179
sys - mean,0.577956276912885,0.3674798266472897,0.37979565811758514,0.838776885725801,0.7599122225902617,0.6406337575913875,70.91,0.1365980392967805,0.06790496779181508,-0.03845925043809179
