user_id,Precision@10 - macro,Recall@10 - macro,F1@10 - macro,NDCG@10,MRR@10,Gini - Top 10,CatalogCoverage - Top 10,DeltaGap - Top 10 | Blockbuster,DeltaGap - Top 10 | Niche,DeltaGap - Top 10 | Diverse
sys - fold1,0.6694663881004941,0.6231888510156796,0.5646755727868709,0.9493990324261743,0.8719801193104173,0.7151073369599293,75.12,0.2658269524087879,0.2237261628542398,0.07472328535895792
sys - mean,0.6694663881004941,0.6231888510156796,0.5646755727868709,0.9493990324261743,0.8719801193104173,0.7151073369599293,75.12,0.2658269524087879,0.2237261628542398,0.07472328535895792
