user_id,Precision@5 - macro,Recall@5 - macro,F1@5 - macro,NDCG@5,MRR@5,Gini - Top 5,CatalogCoverage - Top 5,DeltaGap - Top 5 | Blockbuster,DeltaGap - Top 5 | Niche,DeltaGap - Top 5 | Diverse
sys - fold1,0.6368791390728477,0.39500000277857944,0.41480528174017295,0.8597905793724734,0.8088879690949228,0.756727882119304,52.89,0.30681817330998823,0.29508973131774413,0.12582312055692224
sys - mean,0.6368791390728477,0.39500000277857944,0.41480528174017295,0.8597905793724734,0.8088879690949228,0.756727882119304,52.89,0.30681817330998823,0.29508973131774413,0.12582312055692224
