user_id,Precision@20 - macro,Recall@20 - macro,F1@20 - macro,NDCG@20,MRR@20,Gini - Top 20,CatalogCoverage - Top 20,DeltaGap - Top 20 | Blockbuster,DeltaGap - Top 20 | Niche,DeltaGap - Top 20 | Diverse
sys - fold1,0.008164955283206361,0.008079320563017021,0.006429924540760591,0.07666546696741809,0.025989364210609014,0.8081064345176809,71.72,-0.5711869898981076,-0.6360665700782088,-0.7106409103874631
sys - mean,0.008164955283206361,0.008079320563017021,0.006429924540760591,0.07666546696741809,0.025989364210609014,0.8081064345176809,71.72,-0.5711869898981076,-0.6360665700782088,-0.7106409103874631
