user_id,Precision@10 - macro,Recall@10 - macro,F1@10 - macro,NDCG@10,MRR@10,Gini - Top 10,CatalogCoverage - Top 10,DeltaGap - Top 10 | Blockbuster,DeltaGap - Top 10 | Niche,DeltaGap - Top 10 | Diverse
sys - fold1,0.007748344370860928,0.005080110291843903,0.004809555182426826,0.048576546093553975,0.021245401030169243,0.8853778666712596,41.5,-0.6022081723619267,-0.6834579940686434,-0.7723151324184057
sys - mean,0.007748344370860928,0.005080110291843903,0.004809555182426826,0.048576546093553975,0.021245401030169243,0.8853778666712596,41.5,-0.6022081723619267,-0.6834579940686434,-0.7723151324184057
