user_id,Precision@5 - macro,Recall@5 - macro,F1@5 - macro,NDCG@5,MRR@5,Gini - Top 5,CatalogCoverage - Top 5,DeltaGap - Top 5 | Blockbuster,DeltaGap - Top 5 | Niche,DeltaGap - Top 5 | Diverse
sys - fold1,0.5704801324503311,0.3658420855437712,0.3772782683371042,0.8366324244341671,0.745582229580574,0.704582749448474,62.36,0.08750151276270982,0.01926319526552304,-0.08662490781104966
sys - mean,0.5704801324503311,0.3658420855437712,0.3772782683371042,0.8366324244341671,0.745582229580574,0.704582749448474,62.36,0.08750151276270982,0.01926319526552304,-0.08662490781104966
