user_id,Precision@10 - macro,Recall@10 - macro,F1@10 - macro,NDCG@10,MRR@10,Gini - Top 10,CatalogCoverage - Top 10,DeltaGap - Top 10 | Blockbuster,DeltaGap - Top 10 | Niche,DeltaGap - Top 10 | Diverse
sys - fold1,0.6080014848102596,0.5964764185818207,0.5315289401760568,0.9373619886674909,0.8102319851781773,0.7298098168895042,70.43,0.15168625191461912,0.1215894579009095,0.08802140877595893
sys - mean,0.6080014848102596,0.5964764185818207,0.5315289401760568,0.9373619886674909,0.8102319851781773,0.7298098168895042,70.43,0.15168625191461912,0.1215894579009095,0.08802140877595893
