user_id,Precision@10 - macro,Recall@10 - macro,F1@10 - macro,NDCG@10,MRR@10,Gini - Top 10,CatalogCoverage - Top 10,DeltaGap - Top 10 | Blockbuster,DeltaGap - Top 10 | Niche,DeltaGap - Top 10 | Diverse
sys - fold1,0.5603503867043119,0.5670537821089766,0.4987657890159501,0.9233148184193252,0.7377631482094881,0.633320484330129,81.06,0.057005790895805035,0.02686564641348088,-0.02848313020849365
sys - mean,0.5603503867043119,0.5670537821089766,0.4987657890159501,0.9233148184193252,0.7377631482094881,0.633320484330129,81.06,0.057005790895805035,0.02686564641348088,-0.02848313020849365
