user_id,Precision@5 - macro,Recall@5 - macro,F1@5 - macro,NDCG@5,MRR@5,Gini - Top 5,CatalogCoverage - Top 5,DeltaGap - Top 5 | Blockbuster,DeltaGap - Top 5 | Niche,DeltaGap - Top 5 | Diverse
sys - fold1,0.5590841338191455,0.3582848970204372,0.3701367809097487,0.8309510561993985,0.735472562658717,0.6130146227902127,73.93,0.12518253026880644,0.06234414899264794,-0.07820296184931398
sys - mean,0.5590841338191455,0.3582848970204372,0.3701367809097487,0.8309510561993985,0.735472562658717,0.6130146227902127,73.93,0.12518253026880644,0.06234414899264794,-0.07820296184931398
