user_id,Precision@20 - macro,Recall@20 - macro,F1@20 - macro,NDCG@20,MRR@20,Gini - Top 20,CatalogCoverage - Top 20,DeltaGap - Top 20 | Blockbuster,DeltaGap - Top 20 | Niche,DeltaGap - Top 20 | Diverse
sys - fold1,0.019288079470198675,0.023790978193364495,0.017324541839925538,0.14258987598901185,0.051879793864517736,0.795395656702569,39.29,-0.45232101922222656,-0.5883974598030374,-0.7295943863860662
sys - mean,0.019288079470198675,0.023790978193364495,0.017324541839925538,0.14258987598901185,0.051879793864517736,0.795395656702569,39.29,-0.45232101922222656,-0.5883974598030374,-0.7295943863860662
