user_id,Precision@5 - macro,Recall@5 - macro,F1@5 - macro,NDCG@5,MRR@5,Gini - Top 5,CatalogCoverage - Top 5,DeltaGap - Top 5 | Blockbuster,DeltaGap - Top 5 | Niche,DeltaGap - Top 5 | Diverse
sys - fold1,0.6335458761179198,0.3879631683493186,0.40677863513508394,0.8561314802138442,0.8016147731036767,0.6468246594807406,67.97,0.1539309426377899,0.073836490755557,-0.0613964407440181
sys - mean,0.6335458761179198,0.3879631683493186,0.40677863513508394,0.8561314802138442,0.8016147731036767,0.6468246594807406,67.97,0.1539309426377899,0.073836490755557,-0.0613964407440181
