user_id,Precision@10 - macro,Recall@10 - macro,F1@10 - macro,NDCG@10,MRR@10,Gini - Top 10,CatalogCoverage - Top 10,DeltaGap - Top 10 | Blockbuster,DeltaGap - Top 10 | Niche,DeltaGap - Top 10 | Diverse
sys - fold1,0.5703237816625795,0.5702890403809353,0.5013925798465227,0.9248516654752602,0.7385184790922495,0.639205941319037,79.71,0.06081041818559772,0.032467187558492254,-0.03569082556545322
sys - mean,0.5703237816625795,0.5702890403809353,0.5013925798465227,0.9248516654752602,0.7385184790922495,0.639205941319037,79.71,0.06081041818559772,0.032467187558492254,-0.03569082556545322
