user_id,Precision@5 - macro,Recall@5 - macro,F1@5 - macro,NDCG@5,MRR@5,Gini - Top 5,CatalogCoverage - Top 5,DeltaGap - Top 5 | Blockbuster,DeltaGap - Top 5 | Niche,DeltaGap - Top 5 | Diverse
sys - fold1,0.5805960264900663,0.3701186005399632,0.3833271821441773,0.8386426467356147,0.7602483443708609,0.757571273423315,52.08,0.22318751705447248,0.19028585349109753,0.08307228799397365
sys - mean,0.5805960264900663,0.3701186005399632,0.3833271821441773,0.8386426467356147,0.7602483443708609,0.757571273423315,52.08,0.22318751705447248,0.19028585349109753,0.08307228799397365
