user_id,Precision@5 - macro,Recall@5 - macro,F1@5 - macro,NDCG@5,MRR@5,Gini - Top 5,CatalogCoverage - Top 5,DeltaGap - Top 5 | Blockbuster,DeltaGap - Top 5 | Niche,DeltaGap - Top 5 | Diverse
sys - fold1,0.6152343103162775,0.3782672282678545,0.39533126699714627,0.8496146795272702,0.7988408676933266,0.6629693308408245,65.73,0.1596705253622165,0.11068179398476093,-0.019385668563747675
sys - mean,0.6152343103162775,0.3782672282678545,0.39533126699714627,0.8496146795272702,0.7988408676933266,0.6629693308408245,65.73,0.1596705253622165,0.11068179398476093,-0.019385668563747675
