user_id,Precision@10 - macro,Recall@10 - macro,F1@10 - macro,NDCG@10,MRR@10,Gini - Top 10,CatalogCoverage - Top 10,DeltaGap - Top 10 | Blockbuster,DeltaGap - Top 10 | Niche,DeltaGap - Top 10 | Diverse
sys - fold1,0.6330009148409281,0.6057406569081855,0.543410686415415,0.9404120562794949,0.8253257806379701,0.6822345208429459,75.2,0.14396934657142874,0.11979118356235961,0.06172799977133926
sys - mean,0.6330009148409281,0.6057406569081855,0.543410686415415,0.9404120562794949,0.8253257806379701,0.6822345208429459,75.2,0.14396934657142874,0.11979118356235961,0.06172799977133926
