user_id,Precision@10 - macro,Recall@10 - macro,F1@10 - macro,NDCG@10,MRR@10,Gini - Top 10,CatalogCoverage - Top 10,DeltaGap - Top 10 | Blockbuster,DeltaGap - Top 10 | Niche,DeltaGap - Top 10 | Diverse
sys - fold1,0.6498684476826553,0.6113291181313597,0.5502364811933761,0.9427878050144001,0.842955971371272,0.6934712482257619,75.09,0.23178916757439774,0.18093090973257286,0.051909612419694086
sys - mean,0.6498684476826553,0.6113291181313597,0.5502364811933761,0.9427878050144001,0.842955971371272,0.6934712482257619,75.09,0.23178916757439774,0.18093090973257286,0.051909612419694086
