user_id,Precision@10 - macro,Recall@10 - macro,F1@10 - macro,NDCG@10,MRR@10,Gini - Top 10,CatalogCoverage - Top 10,DeltaGap - Top 10 | Blockbuster,DeltaGap - Top 10 | Niche,DeltaGap - Top 10 | Diverse
sys - fold1,0.5934643382739409,0.5747220891249833,0.5107597634587412,0.9281305355585627,0.7551947335225481,0.651736610304179,79.17,0.09506482530707176,0.06033132172670665,-0.01160236376722533
sys - mean,0.5934643382739409,0.5747220891249833,0.5107597634587412,0.9281305355585627,0.7551947335225481,0.651736610304179,79.17,0.09506482530707176,0.06033132172670665,-0.01160236376722533
