user_id,Precision@5 - macro,Recall@5 - macro,F1@5 - macro,NDCG@5,MRR@5,Gini - Top 5,CatalogCoverage - Top 5,DeltaGap - Top 5 | Blockbuster,DeltaGap - Top 5 | Niche,DeltaGap - Top 5 | Diverse
sys - fold1,0.5617919841006956,0.3578116994925789,0.36884248300027744,0.8321520926712181,0.7319393839019542,0.6165255297291128,74.61,0.11496040775975354,0.06231976027045782,-0.06434750669211876
sys - mean,0.5617919841006956,0.3578116994925789,0.36884248300027744,0.8321520926712181,0.7319393839019542,0.6165255297291128,74.61,0.11496040775975354,0.06231976027045782,-0.06434750669211876
