user_id,Precision@5 - macro,Recall@5 - macro,F1@5 - macro,NDCG@5,MRR@5,Gini - Top 5,CatalogCoverage - Top 5,DeltaGap - Top 5 | Blockbuster,DeltaGap - Top 5 | Niche,DeltaGap - Top 5 | Diverse
sys - fold1,0.5818129139072847,0.36889542301887757,0.38171434373230634,0.8402052127947692,0.7611423841059605,0.7376520833214275,55.5,0.14703238149548636,0.10424484312954804,-0.03254715292622286
sys - mean,0.5818129139072847,0.36889542301887757,0.38171434373230634,0.8402052127947692,0.7611423841059605,0.7376520833214275,55.5,0.14703238149548636,0.10424484312954804,-0.03254715292622286
