user_id,Precision@5 - macro,Recall@5 - macro,F1@5 - macro,NDCG@5,MRR@5,Gini - Top 5,CatalogCoverage - Top 5,DeltaGap - Top 5 | Blockbuster,DeltaGap - Top 5 | Niche,DeltaGap - Top 5 | Diverse
sys - fold1,0.6289286305679748,0.3814993696200906,0.4008774772029706,0.8542726996799437,0.8019677650825193,0.6655564937781853,66.14,0.17842530391464156,0.10998270613195972,0.0025000851999471105
sys - mean,0.6289286305679748,0.3814993696200906,0.4008774772029706,0.8542726996799437,0.8019677650825193,0.6655564937781853,66.14,0.17842530391464156,0.10998270613195972,0.0025000851999471105
