user_id,Precision@5 - macro,Recall@5 - macro,F1@5 - macro,NDCG@5,MRR@5,Gini - Top 5,CatalogCoverage - Top 5,DeltaGap - Top 5 | Blockbuster,DeltaGap - Top 5 | Niche,DeltaGap - Top 5 | Diverse
sys - fold1,0.5901142573273721,0.3610036464756102,0.3763821081983928,0.8391410218372555,0.7550946624717116,0.6335578516915439,71.34,0.16494319285824047,0.08264380878864924,-0.05034617208473731
sys - mean,0.5901142573273721,0.3610036464756102,0.3763821081983928,0.8391410218372555,0.7550946624717116,0.6335578516915439,71.34,0.16494319285824047,0.08264380878864924,-0.05034617208473731
