user_id,Precision@5 - macro,Recall@5 - macro,F1@5 - macro,NDCG@5,MRR@5,Gini - Top 5,CatalogCoverage - Top 5,DeltaGap - Top 5 | Blockbuster,DeltaGap - Top 5 | Niche,DeltaGap - Top 5 | Diverse
sys - fold1,0.5868996356409407,0.3692941037302948,0.3829378786374097,0.8416860819208343,0.764795186043944,0.6474774424343679,70.29,0.1251316161587143,0.0768701979292188,-0.044645472811074484
sys - mean,0.5868996356409407,0.3692941037302948,0.3829378786374097,0.8416860819208343,0.764795186043944,0.6474774424343679,70.29,0.1251316161587143,0.0768701979292188,-0.044645472811074484
