user_id,Precision@10 - macro,Recall@10 - macro,F1@10 - macro,NDCG@10,MRR@10,Gini - Top 10,CatalogCoverage - Top 10,DeltaGap - Top 10 | Blockbuster,DeltaGap - Top 10 | Niche,DeltaGap - Top 10 | Diverse
sys - fold1,0.5746649978976138,0.574733043889236,0.5068674755762083,0.9277193148115088,0.7666520813623464,0.7183496817301682,71.88,0.07809091730612286,0.05533795681893633,0.010580205955951922
sys - mean,0.5746649978976138,0.574733043889236,0.5068674755762083,0.9277193148115088,0.7666520813623464,0.7183496817301682,71.88,0.07809091730612286,0.05533795681893633,0.010580205955951922
