user_id,Precision@5 - macro,Recall@5 - macro,F1@5 - macro,NDCG@5,MRR@5,Gini - Top 5,CatalogCoverage - Top 5,DeltaGap - Top 5 | Blockbuster,DeltaGap - Top 5 | Niche,DeltaGap - Top 5 | Diverse
sys - fold1,0.5837582781456953,0.3692391153172152,0.38302160308911826,0.8394510843244943,0.7642549668874172,0.7367665823123438,55.29,0.14876981298095027,0.09266163597416475,-0.020663687769435654
sys - mean,0.5837582781456953,0.3692391153172152,0.38302160308911826,0.8394510843244943,0.7642549668874172,0.7367665823123438,55.29,0.14876981298095027,0.09266163597416475,-0.020663687769435654
