user_id,Precision@10 - macro,Recall@10 - macro,F1@10 - macro,NDCG@10,MRR@10,Gini - Top 10,CatalogCoverage - Top 10,DeltaGap - Top 10 | Blockbuster,DeltaGap - Top 10 | Niche,DeltaGap - Top 10 | Diverse
sys - fold1,0.5889396746557343,0.5857914393840588,0.5191630172726561,0.9324724691223981,0.7978989934826027,0.711307598425515,72.85,0.09068111572096764,0.06623955833754562,-0.01013071551564255
sys - mean,0.5889396746557343,0.5857914393840588,0.5191630172726561,0.9324724691223981,0.7978989934826027,0.711307598425515,72.85,0.09068111572096764,0.06623955833754562,-0.01013071551564255
