user_id,Precision@5 - macro,Recall@5 - macro,F1@5 - macro,NDCG@5,MRR@5,Gini - Top 5,CatalogCoverage - Top 5,DeltaGap - Top 5 | Blockbuster,DeltaGap - Top 5 | Niche,DeltaGap - Top 5 | Diverse
sys - fold1,0.5743543046357615,0.3665900626845733,0.3783523163483298,0.8389729477075479,0.7497847682119203,0.7051114676600814,61.33,0.10431358145321626,0.041217359319808924,-0.07352149152406023
sys - mean,0.5743543046357615,0.3665900626845733,0.3783523163483298,0.8389729477075479,0.7497847682119203,0.7051114676600814,61.33,0.10431358145321626,0.041217359319808924,-0.07352149152406023
