user_id,Precision@5 - macro,Recall@5 - macro,F1@5 - macro,NDCG@5,MRR@5,Gini - Top 5,CatalogCoverage - Top 5,DeltaGap - Top 5 | Blockbuster,DeltaGap - Top 5 | Niche,DeltaGap - Top 5 | Diverse
sys - fold1,0.5932864238410596,0.3593340749192884,0.3755096899803103,0.8410934493619732,0.7522185430463576,0.63480680850292,70.75,0.18525285382407233,0.11686441773457987,-0.0533164363712656
sys - mean,0.5932864238410596,0.3593340749192884,0.3755096899803103,0.8410934493619732,0.7522185430463576,0.63480680850292,70.75,0.18525285382407233,0.11686441773457987,-0.0533164363712656
