user_id,Precision@10 - macro,Recall@10 - macro,F1@10 - macro,NDCG@10,MRR@10,Gini - Top 10,CatalogCoverage - Top 10,DeltaGap - Top 10 | Blockbuster,DeltaGap - Top 10 | Niche,DeltaGap - Top 10 | Diverse
sys - fold1,0.5925776763208458,0.5813866995170783,0.5158767274603606,0.9309679262459604,0.7820356834018037,0.6364054311427555,81.06,0.04974643889693516,0.030443136895065045,-0.047955797067393294
sys - mean,0.5925776763208458,0.5813866995170783,0.5158767274603606,0.9309679262459604,0.7820356834018037,0.6364054311427555,81.06,0.04974643889693516,0.030443136895065045,-0.047955797067393294
