user_id,Precision@5 - macro,Recall@5 - macro,F1@5 - macro,NDCG@5,MRR@5,Gini - Top 5,CatalogCoverage - Top 5,DeltaGap - Top 5 | Blockbuster,DeltaGap - Top 5 | Niche,DeltaGap - Top 5 | Diverse
sys - fold1,0.6027653585030635,0.3723386373142614,0.38887425975995243,0.8465599432456623,0.7801015620687752,0.6200078242931834,73.61,0.11535265851515351,0.04600725318664459,-0.09406499212654638
sys - mean,0.6027653585030635,0.3723386373142614,0.38887425975995243,0.8465599432456623,0.7801015620687752,0.6200078242931834,73.61,0.11535265851515351,0.04600725318664459,-0.09406499212654638
