user_id,Precision@10 - macro,Recall@10 - macro,F1@10 - macro,NDCG@10,MRR@10,Gini - Top 10,CatalogCoverage - Top 10,DeltaGap - Top 10 | Blockbuster,DeltaGap - Top 10 | Niche,DeltaGap - Top 10 | Diverse
sys - fold1,0.6323526743809996,0.6053627947800259,0.5428485386410492,0.9413571491308822,0.8339980832485387,0.6828251841057236,75.85,0.14744107034472462,0.12397301472433536,0.060530120931479574
sys - mean,0.6323526743809996,0.6053627947800259,0.5428485386410492,0.9413571491308822,0.8339980832485387,0.6828251841057236,75.85,0.14744107034472462,0.12397301472433536,0.060530120931479574
