user_id,Precision@10 - macro,Recall@10 - macro,F1@10 - macro,NDCG@10,MRR@10,Gini - Top 10,CatalogCoverage - Top 10,DeltaGap - Top 10 | Blockbuster,DeltaGap - Top 10 | Niche,DeltaGap - Top 10 | Diverse
sys - fold1,0.5967683507100533,0.5881150669627706,0.5215042806126787,0.9334490932786838,0.7908588200655111,0.6533860491106486,78.95,0.06828933312831267,0.05123315358838256,-0.011845927305486954
sys - mean,0.5967683507100533,0.5881150669627706,0.5215042806126787,0.9334490932786838,0.7908588200655111,0.6533860491106486,78.95,0.06828933312831267,0.05123315358838256,-0.011845927305486954
