user_id,Precision@5 - macro,Recall@5 - macro,F1@5 - macro,NDCG@5,MRR@5,Gini - Top 5,CatalogCoverage - Top 5,DeltaGap - Top 5 | Blockbuster,DeltaGap - Top 5 | Niche,DeltaGap - Top 5 | Diverse
sys - fold1,0.614466710831401,0.3815039956113873,0.39859158586297755,0.851541580286206,0.78898365904825,0.6398481159371527,69.7,0.1580160047520986,0.09865145712629637,-0.043976684763209484
sys - mean,0.614466710831401,0.3815039956113873,0.39859158586297755,0.851541580286206,0.78898365904825,0.6398481159371527,69.7,0.1580160047520986,0.09865145712629637,-0.043976684763209484
