user_id,Precision@5 - macro,Recall@5 - macro,F1@5 - macro,NDCG@5,MRR@5,Gini - Top 5,CatalogCoverage - Top 5,DeltaGap - Top 5 | Blockbuster,DeltaGap - Top 5 | Niche,DeltaGap - Top 5 | Diverse
sys - fold1,0.593040838852097,0.37548774031413795,0.38979940139049724,0.847577349216537,0.7709299116997792,0.6664664539217252,66.97,0.11752701232664357,0.04834249845573047,-0.1083149026335764
sys - mean,0.593040838852097,0.37548774031413795,0.38979940139049724,0.847577349216537,0.7709299116997792,0.6664664539217252,66.97,0.11752701232664357,0.04834249845573047,-0.1083149026335764
