user_id,Precision@5 - macro,Recall@5 - macro,F1@5 - macro,NDCG@5,MRR@5,Gini - Top 5,CatalogCoverage - Top 5,DeltaGap - Top 5 | Blockbuster,DeltaGap - Top 5 | Niche,DeltaGap - Top 5 | Diverse
sys - fold1,0.6328171579993375,0.38752384737554535,0.40640538133775345,0.8565687300620682,0.8013801479518605,0.6465764121416563,67.89,0.15354624528168812,0.07180723026926168,-0.06062039387717421
sys - mean,0.6328171579993375,0.38752384737554535,0.40640538133775345,0.8565687300620682,0.8013801479518605,0.6465764121416563,67.89,0.15354624528168812,0.07180723026926168,-0.06062039387717421
