user_id,Precision@10 - macro,Recall@10 - macro,F1@10 - macro,NDCG@10,MRR@10,Gini - Top 10,CatalogCoverage - Top 10,DeltaGap - Top 10 | Blockbuster,DeltaGap - Top 10 | Niche,DeltaGap - Top 10 | Diverse
sys - fold1,0.5802033401660885,0.5795058449143972,0.5113559794960364,0.9313951502618916,0.7736400189214758,0.6632681088516611,77.47,0.05059004480336766,0.01135872064094215,-0.07212374382570283
sys - mean,0.5802033401660885,0.5795058449143972,0.5113559794960364,0.9313951502618916,0.7736400189214758,0.6632681088516611,77.47,0.05059004480336766,0.01135872064094215,-0.07212374382570283
