user_id,Precision@10 - macro,Recall@10 - macro,F1@10 - macro,NDCG@10,MRR@10,Gini - Top 10,CatalogCoverage - Top 10,DeltaGap - Top 10 | Blockbuster,DeltaGap - Top 10 | Niche,DeltaGap - Top 10 | Diverse
sys - fold1,0.5757030510879849,0.5789430190101992,0.5094377369579224,0.9293061942087736,0.7666619362976979,0.7185305324839565,72.02,0.07582745212868475,0.059356296698165105,0.0062515661160120715
sys - mean,0.5757030510879849,0.5789430190101992,0.5094377369579224,0.9293061942087736,0.7666619362976979,0.7185305324839565,72.02,0.07582745212868475,0.059356296698165105,0.0062515661160120715
