user_id,Precision@5 - macro,Recall@5 - macro,F1@5 - macro,NDCG@5,MRR@5,Gini - Top 5,CatalogCoverage - Top 5,DeltaGap - Top 5 | Blockbuster,DeltaGap - Top 5 | Niche,DeltaGap - Top 5 | Diverse
sys - fold1,0.6290114257327372,0.38189395910050383,0.4007340905525906,0.8562207202332681,0.808917039244908,0.6731600566312644,65.73,0.18407182356277774,0.12088478478875785,-0.007458362135699445
sys - mean,0.6290114257327372,0.38189395910050383,0.4007340905525906,0.8562207202332681,0.808917039244908,0.6731600566312644,65.73,0.18407182356277774,0.12088478478875785,-0.007458362135699445
