user_id,Precision@5 - macro,Recall@5 - macro,F1@5 - macro,NDCG@5,MRR@5,Gini - Top 5,CatalogCoverage - Top 5,DeltaGap - Top 5 | Blockbuster,DeltaGap - Top 5 | Niche,DeltaGap - Top 5 | Diverse
sys - fold1,0.5922503725782415,0.3625260272538813,0.37729721095252017,0.8420777917074558,0.7545702930948833,0.6322708682264838,70.1,0.14431711501997876,0.08714512889253583,-0.059208666070432577
sys - mean,0.5922503725782415,0.3625260272538813,0.37729721095252017,0.8420777917074558,0.7545702930948833,0.6322708682264838,70.1,0.14431711501997876,0.08714512889253583,-0.059208666070432577
