user_id,Precision@5 - macro,Recall@5 - macro,F1@5 - macro,NDCG@5,MRR@5,Gini - Top 5,CatalogCoverage - Top 5,DeltaGap - Top 5 | Blockbuster,DeltaGap - Top 5 | Niche,DeltaGap - Top 5 | Diverse
sys - fold1,0.5910927152317881,0.3708981493608335,0.38548576823267006,0.8426760976176215,0.772778697571744,0.7526096877458309,53.45,0.21750666966594284,0.18217781034735217,0.07095238300832973
sys - mean,0.5910927152317881,0.3708981493608335,0.38548576823267006,0.8426760976176215,0.772778697571744,0.7526096877458309,53.45,0.21750666966594284,0.18217781034735217,0.07095238300832973
