user_id,Precision@10 - macro,Recall@10 - macro,F1@10 - macro,NDCG@10,MRR@10,Gini - Top 10,CatalogCoverage - Top 10,DeltaGap - Top 10 | Blockbuster,DeltaGap - Top 10 | Niche,DeltaGap - Top 10 | Diverse
sys - fold1,0.6065549457625959,0.5888660714488435,0.5243831675534546,0.9354288141951402,0.8104600519901066,0.6720357943538311,77.31,0.07919063154373007,0.07013036116177014,0.01265708308470542
sys - mean,0.6065549457625959,0.5888660714488435,0.5243831675534546,0.9354288141951402,0.8104600519901066,0.6720357943538311,77.31,0.07919063154373007,0.07013036116177014,0.01265708308470542
