user_id,Precision@10 - macro,Recall@10 - macro,F1@10 - macro,NDCG@10,MRR@10,Gini - Top 10,CatalogCoverage - Top 10,DeltaGap - Top 10 | Blockbuster,DeltaGap - Top 10 | Niche,DeltaGap - Top 10 | Diverse
sys - fold1,0.662305792074004,0.6242138264542982,0.5614228503334248,0.9526714604114033,0.8886622910753705,0.77644379793121,65.46,0.4991549873645836,0.48213397858866885,0.22681929445705326
sys - mean,0.662305792074004,0.6242138264542982,0.5614228503334248,0.9526714604114033,0.8886622910753705,0.77644379793121,65.46,0.4991549873645836,0.48213397858866885,0.22681929445705326
