user_id,Precision@5 - macro,Recall@5 - macro,F1@5 - macro,NDCG@5,MRR@5,Gini - Top 5,CatalogCoverage - Top 5,DeltaGap - Top 5 | Blockbuster,DeltaGap - Top 5 | Niche,DeltaGap - Top 5 | Diverse
sys - fold1,0.717058628684995,0.422113183230581,0.4483836049848447,0.8895957110727576,0.876137241912333,0.7265196072694365,59.28,0.429806070569369,0.42497614379972726,0.1418944553817899
sys - mean,0.717058628684995,0.422113183230581,0.4483836049848447,0.8895957110727576,0.876137241912333,0.7265196072694365,59.28,0.429806070569369,0.42497614379972726,0.1418944553817899
