user_id,Precision@5 - macro,Recall@5 - macro,F1@5 - macro,NDCG@5,MRR@5,Gini - Top 5,CatalogCoverage - Top 5,DeltaGap - Top 5 | Blockbuster,DeltaGap - Top 5 | Niche,DeltaGap - Top 5 | Diverse
sys - fold1,0.7067384105960265,0.40759138206703754,0.43553110056161043,0.8790888333313898,0.8447019867549669,0.6900593893406441,63.44,0.35674919682781525,0.35214120876188454,0.02513145466801924
sys - mean,0.7067384105960265,0.40759138206703754,0.43553110056161043,0.8790888333313898,0.8447019867549669,0.6900593893406441,63.44,0.35674919682781525,0.35214120876188454,0.02513145466801924
