user_id,Precision@10 - macro,Recall@10 - macro,F1@10 - macro,NDCG@10,MRR@10,Gini - Top 10,CatalogCoverage - Top 10,DeltaGap - Top 10 | Blockbuster,DeltaGap - Top 10 | Niche,DeltaGap - Top 10 | Diverse
sys - fold1,0.6718439302407505,0.6284172114544916,0.5669579824481813,0.9515140791572954,0.8768812073797169,0.7276534638495017,72.21,0.2903884461935576,0.31226103218144563,0.09034489763053451
sys - mean,0.6718439302407505,0.6284172114544916,0.5669579824481813,0.9515140791572954,0.8768812073797169,0.7276534638495017,72.21,0.2903884461935576,0.31226103218144563,0.09034489763053451
