user_id,Precision@5 - macro,Recall@5 - macro,F1@5 - macro,NDCG@5,MRR@5,Gini - Top 5,CatalogCoverage - Top 5,DeltaGap - Top 5 | Blockbuster,DeltaGap - Top 5 | Niche,DeltaGap - Top 5 | Diverse
sys - fold1,0.7259357403113613,0.4245087640701284,0.4513902772242607,0.8939328028308391,0.8883460306944904,0.7302259671264657,57.04,0.4918644757002375,0.4725965275824296,0.20357883496302387
sys - mean,0.7259357403113613,0.4245087640701284,0.4513902772242607,0.8939328028308391,0.8883460306944904,0.7302259671264657,57.04,0.4918644757002375,0.4725965275824296,0.20357883496302387
