user_id,Precision@5 - macro,Recall@5 - macro,F1@5 - macro,NDCG@5,MRR@5,Gini - Top 5,CatalogCoverage - Top 5,DeltaGap - Top 5 | Blockbuster,DeltaGap - Top 5 | Niche,DeltaGap - Top 5 | Diverse
sys - fold1,0.6086934923000497,0.3658432180344088,0.3840928959856866,0.8457538710699523,0.7702075398796709,0.619835402077959,72.48,0.136322187470839,0.0600890011707366,-0.10493482690642114
sys - mean,0.6086934923000497,0.3658432180344088,0.3840928959856866,0.8457538710699523,0.7702075398796709,0.619835402077959,72.48,0.136322187470839,0.0600890011707366,-0.10493482690642114
