user_id,Precision@5 - macro,Recall@5 - macro,F1@5 - macro,NDCG@5,MRR@5,Gini - Top 5,CatalogCoverage - Top 5,DeltaGap - Top 5 | Blockbuster,DeltaGap - Top 5 | Niche,DeltaGap - Top 5 | Diverse
sys - fold1,0.679362582781457,0.4080440789819927,0.4311788642980977,0.8781609364875258,0.8634519867549669,0.7311140267031462,57.26,0.39765682421569704,0.4069599783063566,0.1425196266408119
sys - mean,0.679362582781457,0.4080440789819927,0.4311788642980977,0.8781609364875258,0.8634519867549669,0.7311140267031462,57.26,0.39765682421569704,0.4069599783063566,0.1425196266408119
