user_id,Precision@5 - macro,Recall@5 - macro,F1@5 - macro,NDCG@5,MRR@5,Gini - Top 5,CatalogCoverage - Top 5,DeltaGap - Top 5 | Blockbuster,DeltaGap - Top 5 | Niche,DeltaGap - Top 5 | Diverse
sys - fold1,0.6806125827814569,0.40747668224432454,0.4312612443236639,0.8768326683854487,0.8661727373068431,0.7235372783693766,58.66,0.3944341617559107,0.37399692989652006,0.10261458067065791
sys - mean,0.6806125827814569,0.40747668224432454,0.4312612443236639,0.8768326683854487,0.8661727373068431,0.7235372783693766,58.66,0.3944341617559107,0.37399692989652006,0.10261458067065791
