user_id,Precision@5 - macro,Recall@5 - macro,F1@5 - macro,NDCG@5,MRR@5,Gini - Top 5,CatalogCoverage - Top 5,DeltaGap - Top 5 | Blockbuster,DeltaGap - Top 5 | Niche,DeltaGap - Top 5 | Diverse
sys - fold1,0.590698123620309,0.37270232693243116,0.3888870125274886,0.8430090162528705,0.7689210816777041,0.7132123109355106,59.96,0.16529469335225894,0.1145695940194299,-0.02991372283733625
sys - mean,0.590698123620309,0.37270232693243116,0.3888870125274886,0.8430090162528705,0.7689210816777041,0.7132123109355106,59.96,0.16529469335225894,0.1145695940194299,-0.02991372283733625
