user_id,Precision@10 - macro,Recall@10 - macro,F1@10 - macro,NDCG@10,MRR@10,Gini - Top 10,CatalogCoverage - Top 10,DeltaGap - Top 10 | Blockbuster,DeltaGap - Top 10 | Niche,DeltaGap - Top 10 | Diverse
sys - fold1,0.6857184918794723,0.6310805210997658,0.574960149893607,0.953213094394113,0.8918705342355558,0.7190083290447107,73.85,0.30315738743988646,0.2560944653217744,0.08274694394783841
sys - mean,0.6857184918794723,0.6310805210997658,0.574960149893607,0.953213094394113,0.8918705342355558,0.7190083290447107,73.85,0.30315738743988646,0.2560944653217744,0.08274694394783841
