user_id,Precision@5 - macro,Recall@5 - macro,F1@5 - macro,NDCG@5,MRR@5,Gini - Top 5,CatalogCoverage - Top 5,DeltaGap - Top 5 | Blockbuster,DeltaGap - Top 5 | Niche,DeltaGap - Top 5 | Diverse
sys - fold1,0.7251034939559531,0.41845816290325133,0.4481400540230457,0.889409257399278,0.8872440249489429,0.7017838720709889,63.79,0.3545610652670021,0.31079573326703935,0.06895728989582352
sys - mean,0.7251034939559531,0.41845816290325133,0.4481400540230457,0.889409257399278,0.8872440249489429,0.7017838720709889,63.79,0.3545610652670021,0.31079573326703935,0.06895728989582352
