user_id,Precision@10 - macro,Recall@10 - macro,F1@10 - macro,NDCG@10,MRR@10,Gini - Top 10,CatalogCoverage - Top 10,DeltaGap - Top 10 | Blockbuster,DeltaGap - Top 10 | Niche,DeltaGap - Top 10 | Diverse
sys - fold1,0.691510695889835,0.6340875587648559,0.5781726873386522,0.9546776090641647,0.9009811573636076,0.7196120040782807,72.53,0.2814153724912095,0.25472127319626514,0.08599498611529674
sys - mean,0.691510695889835,0.6340875587648559,0.5781726873386522,0.9546776090641647,0.9009811573636076,0.7196120040782807,72.53,0.2814153724912095,0.25472127319626514,0.08599498611529674
