user_id,Precision@10 - macro,Recall@10 - macro,F1@10 - macro,NDCG@10,MRR@10,Gini - Top 10,CatalogCoverage - Top 10,DeltaGap - Top 10 | Blockbuster,DeltaGap - Top 10 | Niche,DeltaGap - Top 10 | Diverse
sys - fold1,0.6609436429097025,0.6220841821207997,0.560359042078584,0.9514224776836745,0.8858174997372018,0.7620704784459658,65.43,0.38109448281100056,0.4207483522750194,0.19751784799260316
sys - mean,0.6609436429097025,0.6220841821207997,0.560359042078584,0.9514224776836745,0.8858174997372018,0.7620704784459658,65.43,0.38109448281100056,0.4207483522750194,0.19751784799260316
