user_id,Precision@10 - macro,Recall@10 - macro,F1@10 - macro,NDCG@10,MRR@10,Gini - Top 10,CatalogCoverage - Top 10,DeltaGap - Top 10 | Blockbuster,DeltaGap - Top 10 | Niche,DeltaGap - Top 10 | Diverse
sys - fold1,0.6285604549265752,0.6000202408330674,0.5378641485226301,0.9392342346301179,0.8268810930013115,0.6548553418960064,79.57,0.07456521458389243,0.04064746780178983,-0.03079073377897085
sys - mean,0.6285604549265752,0.6000202408330674,0.5378641485226301,0.9392342346301179,0.8268810930013115,0.6548553418960064,79.57,0.07456521458389243,0.04064746780178983,-0.03079073377897085
