user_id,Precision@10 - macro,Recall@10 - macro,F1@10 - macro,NDCG@10,MRR@10,Gini - Top 10,CatalogCoverage - Top 10,DeltaGap - Top 10 | Blockbuster,DeltaGap - Top 10 | Niche,DeltaGap - Top 10 | Diverse
sys - fold1,0.5963034587351527,0.5831092481964021,0.5176317282285073,0.9316769592911894,0.7868226238444818,0.6461637833862317,80.63,0.07207865369677215,0.043966250558377336,-0.024871554454182935
sys - mean,0.5963034587351527,0.5831092481964021,0.5176317282285073,0.9316769592911894,0.7868226238444818,0.6461637833862317,80.63,0.07207865369677215,0.043966250558377336,-0.024871554454182935
