user_id,Precision@5 - macro,Recall@5 - macro,F1@5 - macro,NDCG@5,MRR@5,Gini - Top 5,CatalogCoverage - Top 5,DeltaGap - Top 5 | Blockbuster,DeltaGap - Top 5 | Niche,DeltaGap - Top 5 | Diverse
sys - fold1,0.6870281456953642,0.3833677902924353,0.4130348671419916,0.8693176510043773,0.8153725165562915,0.6954017655336412,65.3,0.4289111918781058,0.33085850434418623,0.025071012561181147
sys - mean,0.6870281456953642,0.3833677902924353,0.4130348671419916,0.8693176510043773,0.8153725165562915,0.6954017655336412,65.3,0.4289111918781058,0.33085850434418623,0.025071012561181147
