user_id,Precision@10 - macro,Recall@10 - macro,F1@10 - macro,NDCG@10,MRR@10,Gini - Top 10,CatalogCoverage - Top 10,DeltaGap - Top 10 | Blockbuster,DeltaGap - Top 10 | Niche,DeltaGap - Top 10 | Diverse
sys - fold1,0.5923510590770524,0.5835509402087876,0.51867946029122,0.9327480489142703,0.8032307106065384,0.6412753590643107,80.73,0.05973032885537801,0.046153973435233926,-0.01909899069184411
sys - mean,0.5923510590770524,0.5835509402087876,0.51867946029122,0.9327480489142703,0.8032307106065384,0.6412753590643107,80.73,0.05973032885537801,0.046153973435233926,-0.01909899069184411
