user_id,Precision@5 - macro,Recall@5 - macro,F1@5 - macro,NDCG@5,MRR@5,Gini - Top 5,CatalogCoverage - Top 5,DeltaGap - Top 5 | Blockbuster,DeltaGap - Top 5 | Niche,DeltaGap - Top 5 | Diverse
sys - fold1,0.6560192084782248,0.39033210004233826,0.4126564823731938,0.8643241644951574,0.8254291549373516,0.6415792035840925,70.45,0.16348283875216194,0.0828922066784547,-0.0711362939892497
sys - mean,0.6560192084782248,0.39033210004233826,0.4126564823731938,0.8643241644951574,0.8254291549373516,0.6415792035840925,70.45,0.16348283875216194,0.0828922066784547,-0.0711362939892497
