user_id,Precision@10 - macro,Recall@10 - macro,F1@10 - macro,NDCG@10,MRR@10,Gini - Top 10,CatalogCoverage - Top 10,DeltaGap - Top 10 | Blockbuster,DeltaGap - Top 10 | Niche,DeltaGap - Top 10 | Diverse
sys - fold1,0.6802112328068612,0.6273277810856472,0.570519057852138,0.950994631834674,0.8877021581939615,0.7019037906153355,74.12,0.21405486089061712,0.18125183029787686,0.06918640136397153
sys - mean,0.6802112328068612,0.6273277810856472,0.570519057852138,0.950994631834674,0.8877021581939615,0.7019037906153355,74.12,0.21405486089061712,0.18125183029787686,0.06918640136397153
