user_id,Precision@5 - macro,Recall@5 - macro,F1@5 - macro,NDCG@5,MRR@5,Gini - Top 5,CatalogCoverage - Top 5,DeltaGap - Top 5 | Blockbuster,DeltaGap - Top 5 | Niche,DeltaGap - Top 5 | Diverse
sys - fold1,0.712044701986755,0.42143223203701935,0.44658680910149495,0.8888652203918648,0.8853118101545253,0.7798418276014578,47.84,0.5913748883178308,0.6020136646526514,0.38648906369353486
sys - mean,0.712044701986755,0.42143223203701935,0.44658680910149495,0.8888652203918648,0.8853118101545253,0.7798418276014578,47.84,0.5913748883178308,0.6020136646526514,0.38648906369353486
