user_id,Precision@5 - macro,Recall@5 - macro,F1@5 - macro,NDCG@5,MRR@5,Gini - Top 5,CatalogCoverage - Top 5,DeltaGap - Top 5 | Blockbuster,DeltaGap - Top 5 | Niche,DeltaGap - Top 5 | Diverse
sys - fold1,0.7198327260682346,0.4178806826921529,0.44591987607480255,0.8890908467888287,0.8786408302970079,0.6995531889602136,62.36,0.35416321288895164,0.3191768589435525,0.07549925395671266
sys - mean,0.7198327260682346,0.4178806826921529,0.44591987607480255,0.8890908467888287,0.8786408302970079,0.6995531889602136,62.36,0.35416321288895164,0.3191768589435525,0.07549925395671266
