user_id,Precision@10 - macro,Recall@10 - macro,F1@10 - macro,NDCG@10,MRR@10,Gini - Top 10,CatalogCoverage - Top 10,DeltaGap - Top 10 | Blockbuster,DeltaGap - Top 10 | Niche,DeltaGap - Top 10 | Diverse
sys - fold1,0.6334756385998108,0.6053738876681372,0.5429826729980766,0.946052145164222,0.8642098969830757,0.7159739672175373,72.13,0.2286010623874083,0.20001758537043612,0.08112835573493528
sys - mean,0.6334756385998108,0.6053738876681372,0.5429826729980766,0.946052145164222,0.8642098969830757,0.7159739672175373,72.13,0.2286010623874083,0.20001758537043612,0.08112835573493528
