user_id,Precision@5 - macro,Recall@5 - macro,F1@5 - macro,NDCG@5,MRR@5,Gini - Top 5,CatalogCoverage - Top 5,DeltaGap - Top 5 | Blockbuster,DeltaGap - Top 5 | Niche,DeltaGap - Top 5 | Diverse
sys - fold1,0.6893691008445108,0.4032722149000033,0.4278632081113618,0.8763673938295167,0.8551636584423469,0.6926439224755349,65.54,0.3356348451041241,0.30435755710271717,0.0533476952533323
sys - mean,0.6893691008445108,0.4032722149000033,0.4278632081113618,0.8763673938295167,0.8551636584423469,0.6926439224755349,65.54,0.3356348451041241,0.30435755710271717,0.0533476952533323
