user_id,Precision@5 - macro,Recall@5 - macro,F1@5 - macro,NDCG@5,MRR@5,Gini - Top 5,CatalogCoverage - Top 5,DeltaGap - Top 5 | Blockbuster,DeltaGap - Top 5 | Niche,DeltaGap - Top 5 | Diverse
sys - fold1,0.5861506622516556,0.3717964928685731,0.38545417243685937,0.8455842165023512,0.7619122516556291,0.6571074569594321,69.19,0.1562055557722956,0.05503570532307177,-0.12930676631307317
sys - mean,0.5861506622516556,0.3717964928685731,0.38545417243685937,0.8455842165023512,0.7619122516556291,0.6571074569594321,69.19,0.1562055557722956,0.05503570532307177,-0.12930676631307317
