user_id,Precision@5 - macro,Recall@5 - macro,F1@5 - macro,NDCG@5,MRR@5,Gini - Top 5,CatalogCoverage - Top 5,DeltaGap - Top 5 | Blockbuster,DeltaGap - Top 5 | Niche,DeltaGap - Top 5 | Diverse
sys - fold1,0.6246274834437087,0.38282873724895444,0.4013946110927971,0.8539534864065655,0.7972378587196466,0.6396121188285466,69.83,0.1703774423732482,0.09916565841883464,-0.04051732250562934
sys - mean,0.6246274834437087,0.38282873724895444,0.4013946110927971,0.8539534864065655,0.7972378587196466,0.6396121188285466,69.83,0.1703774423732482,0.09916565841883464,-0.04051732250562934
