user_id,Precision@5 - macro,Recall@5 - macro,F1@5 - macro,NDCG@5,MRR@5,Gini - Top 5,CatalogCoverage - Top 5,DeltaGap - Top 5 | Blockbuster,DeltaGap - Top 5 | Niche,DeltaGap - Top 5 | Diverse
sys - fold1,0.6788651542749904,0.38774439253123727,0.4149233045024254,0.8687719472845948,0.82511729315008,0.677413163405206,66.06,0.29752941269762084,0.2476031481806821,0.012808837924494327
sys - mean,0.6788651542749904,0.38774439253123727,0.4149233045024254,0.8687719472845948,0.82511729315008,0.677413163405206,66.06,0.29752941269762084,0.2476031481806821,0.012808837924494327
