user_id,Precision@5 - macro,Recall@5 - macro,F1@5 - macro,NDCG@5,MRR@5,Gini - Top 5,CatalogCoverage - Top 5,DeltaGap - Top 5 | Blockbuster,DeltaGap - Top 5 | Niche,DeltaGap - Top 5 | Diverse
sys - fold1,0.5961175496688742,0.3700354656881921,0.3853806936730481,0.8424678644831665,0.7586313465783664,0.6173815937915939,72.1,0.14355314795654958,0.06521198111475227,-0.08191675045844675
sys - mean,0.5961175496688742,0.3700354656881921,0.3853806936730481,0.8424678644831665,0.7586313465783664,0.6173815937915939,72.1,0.14355314795654958,0.06521198111475227,-0.08191675045844675
