user_id,Precision@5 - macro,Recall@5 - macro,F1@5 - macro,NDCG@5,MRR@5,Gini - Top 5,CatalogCoverage - Top 5,DeltaGap - Top 5 | Blockbuster,DeltaGap - Top 5 | Niche,DeltaGap - Top 5 | Diverse
sys - fold1,0.6705849889624723,0.40569879225929917,0.4272286882207372,0.8753831430702055,0.8622323399558499,0.7237115869853755,58.74,0.412324271050536,0.3805308083455975,0.1152503707252279
sys - mean,0.6705849889624723,0.40569879225929917,0.4272286882207372,0.8753831430702055,0.8622323399558499,0.7237115869853755,58.74,0.412324271050536,0.3805308083455975,0.1152503707252279
