user_id,Precision@5 - macro,Recall@5 - macro,F1@5 - macro,NDCG@5,MRR@5,Gini - Top 5,CatalogCoverage - Top 5,DeltaGap - Top 5 | Blockbuster,DeltaGap - Top 5 | Niche,DeltaGap - Top 5 | Diverse
sys - fold1,0.7011204945631173,0.4087445669000078,0.43608161399209633,0.878465044120721,0.8560744052547332,0.6966791631108032,64.36,0.3474742774344487,0.31916993155178097,0.054416827026341014
sys - mean,0.7011204945631173,0.4087445669000078,0.43608161399209633,0.878465044120721,0.8560744052547332,0.6966791631108032,64.36,0.3474742774344487,0.31916993155178097,0.054416827026341014
