user_id,Precision@10 - macro,Recall@10 - macro,F1@10 - macro,NDCG@10,MRR@10,Gini - Top 10,CatalogCoverage - Top 10,DeltaGap - Top 10 | Blockbuster,DeltaGap - Top 10 | Niche,DeltaGap - Top 10 | Diverse
sys - fold1,0.6763480363157355,0.6260272903141013,0.5679212659498071,0.9502527239502816,0.8833046083543019,0.7033931823319145,74.85,0.23083203503200736,0.18047085153389752,0.06431351322016646
sys - mean,0.6763480363157355,0.6260272903141013,0.5679212659498071,0.9502527239502816,0.8833046083543019,0.7033931823319145,74.85,0.23083203503200736,0.18047085153389752,0.06431351322016646
