user_id,Precision@10 - macro,Recall@10 - macro,F1@10 - macro,NDCG@10,MRR@10,Gini - Top 10,CatalogCoverage - Top 10,DeltaGap - Top 10 | Blockbuster,DeltaGap - Top 10 | Niche,DeltaGap - Top 10 | Diverse
sys - fold1,0.6294778855250709,0.6043029462937444,0.5407397679741772,0.9447098407743707,0.8629563492063492,0.7119990909699289,73.15,0.23103567660605626,0.18276970023116348,0.070154620062715
sys - mean,0.6294778855250709,0.6043029462937444,0.5407397679741772,0.9447098407743707,0.8629563492063492,0.7119990909699289,73.15,0.23103567660605626,0.18276970023116348,0.070154620062715
