user_id,Precision@5 - macro,Recall@5 - macro,F1@5 - macro,NDCG@5,MRR@5,Gini - Top 5,CatalogCoverage - Top 5,DeltaGap - Top 5 | Blockbuster,DeltaGap - Top 5 | Niche,DeltaGap - Top 5 | Diverse
sys - fold1,0.5887831125827814,0.3728226496416713,0.38835259156502155,0.8415134252434355,0.7636810154525386,0.7674999286292116,52.24,0.2912098460925375,0.25641722999041683,0.12413115602287143
sys - mean,0.5887831125827814,0.3728226496416713,0.38835259156502155,0.8415134252434355,0.7636810154525386,0.7674999286292116,52.24,0.2912098460925375,0.25641722999041683,0.12413115602287143
