user_id,Precision@5 - macro,Recall@5 - macro,F1@5 - macro,NDCG@5,MRR@5,Gini - Top 5,CatalogCoverage - Top 5,DeltaGap - Top 5 | Blockbuster,DeltaGap - Top 5 | Niche,DeltaGap - Top 5 | Diverse
sys - fold1,0.6140894039735099,0.375444448570017,0.3930848040268565,0.8484857454971133,0.7866169977924945,0.6527486128386543,68.51,0.16887996656449572,0.10579190978332537,-0.02790938771649992
sys - mean,0.6140894039735099,0.375444448570017,0.3930848040268565,0.8484857454971133,0.7866169977924945,0.6527486128386543,68.51,0.16887996656449572,0.10579190978332537,-0.02790938771649992
