user_id,Precision@5 - macro,Recall@5 - macro,F1@5 - macro,NDCG@5,MRR@5,Gini - Top 5,CatalogCoverage - Top 5,DeltaGap - Top 5 | Blockbuster,DeltaGap - Top 5 | Niche,DeltaGap - Top 5 | Diverse
sys - fold1,0.5648509933774835,0.35957736431226395,0.3726338819742929,0.8325177472062547,0.7262499999999998,0.6296671338375566,71.4,0.15896349092852954,0.06697443462565379,-0.07598298004843212
sys - mean,0.5648509933774835,0.35957736431226395,0.3726338819742929,0.8325177472062547,0.7262499999999998,0.6296671338375566,71.4,0.15896349092852954,0.06697443462565379,-0.07598298004843212
