user_id,Precision@10 - macro,Recall@10 - macro,F1@10 - macro,NDCG@10,MRR@10,Gini - Top 10,CatalogCoverage - Top 10,DeltaGap - Top 10 | Blockbuster,DeltaGap - Top 10 | Niche,DeltaGap - Top 10 | Diverse
sys - fold1,0.5781794649427099,0.5783749687619509,0.5114040832867429,0.9285595913034481,0.7663574187953327,0.7383878400439863,69.0,0.1604193745553488,0.1394524757014626,0.09721070738214162
sys - mean,0.5781794649427099,0.5783749687619509,0.5114040832867429,0.9285595913034481,0.7663574187953327,0.7383878400439863,69.0,0.1604193745553488,0.1394524757014626,0.09721070738214162
