user_id,Precision@5 - macro,Recall@5 - macro,F1@5 - macro,NDCG@5,MRR@5,Gini - Top 5,CatalogCoverage - Top 5,DeltaGap - Top 5 | Blockbuster,DeltaGap - Top 5 | Niche,DeltaGap - Top 5 | Diverse
sys - fold1,0.7142218543046357,0.4039762748823918,0.43451563054414505,0.8830995265938327,0.8518901766004414,0.711861688989616,62.47,0.4226671510131713,0.43696124350715215,0.10221584409158033
sys - mean,0.7142218543046357,0.4039762748823918,0.43451563054414505,0.8830995265938327,0.8518901766004414,0.711861688989616,62.47,0.4226671510131713,0.43696124350715215,0.10221584409158033
