user_id,Precision@10 - macro,Recall@10 - macro,F1@10 - macro,NDCG@10,MRR@10,Gini - Top 10,CatalogCoverage - Top 10,DeltaGap - Top 10 | Blockbuster,DeltaGap - Top 10 | Niche,DeltaGap - Top 10 | Diverse
sys - fold1,0.6797676206244085,0.6232724140687381,0.5670338457838857,0.9467980565986326,0.8532311705035215,0.7143255205942105,73.26,0.26522315859312845,0.2583806104436964,0.08996231964265705
sys - mean,0.6797676206244085,0.6232724140687381,0.5670338457838857,0.9467980565986326,0.8532311705035215,0.7143255205942105,73.26,0.26522315859312845,0.2583806104436964,0.08996231964265705
