user_id,Precision@5 - macro,Recall@5 - macro,F1@5 - macro,NDCG@5,MRR@5,Gini - Top 5,CatalogCoverage - Top 5,DeltaGap - Top 5 | Blockbuster,DeltaGap - Top 5 | Niche,DeltaGap - Top 5 | Diverse
sys - fold1,0.7345478635309705,0.42790628374135076,0.4561725264480844,0.8955536108738973,0.8911118471900187,0.7255904156807558,60.52,0.4502183952909291,0.4278858079997252,0.14650133456694597
sys - mean,0.7345478635309705,0.42790628374135076,0.4561725264480844,0.8955536108738973,0.8911118471900187,0.7255904156807558,60.52,0.4502183952909291,0.4278858079997252,0.14650133456694597
