user_id,Precision@10 - macro,Recall@10 - macro,F1@10 - macro,NDCG@10,MRR@10,Gini - Top 10,CatalogCoverage - Top 10,DeltaGap - Top 10 | Blockbuster,DeltaGap - Top 10 | Niche,DeltaGap - Top 10 | Diverse
sys - fold1,0.6831556228541985,0.6340540691911817,0.5737028761700008,0.9540403139381854,0.891837410684711,0.7204158393807422,72.91,0.2888452977649185,0.2846310632792359,0.09150674373107875
sys - mean,0.6831556228541985,0.6340540691911817,0.5737028761700008,0.9540403139381854,0.891837410684711,0.7204158393807422,72.91,0.2888452977649185,0.2846310632792359,0.09150674373107875
