user_id,Precision@5 - macro,Recall@5 - macro,F1@5 - macro,NDCG@5,MRR@5,Gini - Top 5,CatalogCoverage - Top 5,DeltaGap - Top 5 | Blockbuster,DeltaGap - Top 5 | Niche,DeltaGap - Top 5 | Diverse
sys - fold1,0.5729297780722094,0.36508133771875995,0.37844196257653445,0.8342116943139908,0.7486032902727172,0.6314834017060785,72.4,0.11841574067503395,0.055389831566500285,-0.059958176398205006
sys - mean,0.5729297780722094,0.36508133771875995,0.37844196257653445,0.8342116943139908,0.7486032902727172,0.6314834017060785,72.4,0.11841574067503395,0.055389831566500285,-0.059958176398205006
