user_id,Precision@10 - macro,Recall@10 - macro,F1@10 - macro,NDCG@10,MRR@10,Gini - Top 10,CatalogCoverage - Top 10,DeltaGap - Top 10 | Blockbuster,DeltaGap - Top 10 | Niche,DeltaGap - Top 10 | Diverse
sys - fold1,0.5685319037629406,0.5727739924721453,0.5046794533285291,0.9252736046454099,0.7513352602827594,0.6425930785611494,81.33,0.0524083240325439,0.02974876009384602,-0.023451269777782346
sys - mean,0.5685319037629406,0.5727739924721453,0.5046794533285291,0.9252736046454099,0.7513352602827594,0.6425930785611494,81.33,0.0524083240325439,0.02974876009384602,-0.023451269777782346
