user_id,Precision@5 - macro,Recall@5 - macro,F1@5 - macro,NDCG@5,MRR@5,Gini - Top 5,CatalogCoverage - Top 5,DeltaGap - Top 5 | Blockbuster,DeltaGap - Top 5 | Niche,DeltaGap - Top 5 | Diverse
sys - fold1,0.5707353428287513,0.3663623873238671,0.37744157665732103,0.8350066370595248,0.7364276250414045,0.6400498647745398,72.56,0.14089278318406329,0.0828401637856269,-0.037014925350884936
sys - mean,0.5707353428287513,0.3663623873238671,0.37744157665732103,0.8350066370595248,0.7364276250414045,0.6400498647745398,72.56,0.14089278318406329,0.0828401637856269,-0.037014925350884936
