user_id,Precision@10 - macro,Recall@10 - macro,F1@10 - macro,NDCG@10,MRR@10,Gini - Top 10,CatalogCoverage - Top 10,DeltaGap - Top 10 | Blockbuster,DeltaGap - Top 10 | Niche,DeltaGap - Top 10 | Diverse
sys - fold1,0.006409407088439881,0.0029275942072475576,0.003297130035115634,0.04028019252413896,0.016880260992549828,0.6927447894286327,28.68,-0.5703103419483823,-0.6501062066490008,-0.7605055802707338
sys - mean,0.006409407088439881,0.0029275942072475576,0.003297130035115634,0.04028019252413896,0.016880260992549828,0.6927447894286327,28.68,-0.5703103419483823,-0.6501062066490008,-0.7605055802707338
