user_id,Precision@10 - macro,Recall@10 - macro,F1@10 - macro,NDCG@10,MRR@10,Gini - Top 10,CatalogCoverage - Top 10,DeltaGap - Top 10 | Blockbuster,DeltaGap - Top 10 | Niche,DeltaGap - Top 10 | Diverse
sys - fold1,0.006690957270619411,0.003184269221744375,0.0035545050327962053,0.04300519841960928,0.02060232285472431,0.691706544823958,27.52,-0.5104296295993456,-0.6529983359118379,-0.7564255432116077
sys - mean,0.006690957270619411,0.003184269221744375,0.0035545050327962053,0.04300519841960928,0.02060232285472431,0.691706544823958,27.52,-0.5104296295993456,-0.6529983359118379,-0.7564255432116077
