user_id,Precision@20 - macro,Recall@20 - macro,F1@20 - macro,NDCG@20,MRR@20,Gini - Top 20,CatalogCoverage - Top 20,DeltaGap - Top 20 | Blockbuster,DeltaGap - Top 20 | Niche,DeltaGap - Top 20 | Diverse
sys - fold1,0.006169261344816164,0.005982734836954304,0.004934288086139979,0.06487874388639833,0.023556236260560116,0.6447603529147371,39.61,-0.6169468111403053,-0.6642824218870697,-0.758073127643943
sys - mean,0.006169261344816164,0.005982734836954304,0.004934288086139979,0.06487874388639833,0.023556236260560116,0.6447603529147371,39.61,-0.6169468111403053,-0.6642824218870697,-0.758073127643943
