user_id,Precision@20 - macro,Recall@20 - macro,F1@20 - macro,NDCG@20,MRR@20,Gini - Top 20,CatalogCoverage - Top 20,DeltaGap - Top 20 | Blockbuster,DeltaGap - Top 20 | Niche,DeltaGap - Top 20 | Diverse
sys - fold1,0.02948675496688742,0.04248933912038171,0.028212872080269173,0.19498236843960395,0.09082997035860299,0.7985181001376171,71.94,-0.4178010779638212,-0.5558679380351595,-0.6973928165504423
sys - mean,0.02948675496688742,0.04248933912038171,0.028212872080269173,0.19498236843960395,0.09082997035860299,0.7985181001376171,71.94,-0.4178010779638212,-0.5558679380351595,-0.6973928165504423
