user_id,Precision@20 - macro,Recall@20 - macro,F1@20 - macro,NDCG@20,MRR@20,Gini - Top 20,CatalogCoverage - Top 20,DeltaGap - Top 20 | Blockbuster,DeltaGap - Top 20 | Niche,DeltaGap - Top 20 | Diverse
sys - fold1,0.0061775422325273275,0.00592888409771972,0.004866107810102128,0.061776615230804854,0.019988815174959533,0.6661563639569841,41.26,-0.639714530592178,-0.6658424537921458,-0.7558794085139872
sys - mean,0.0061775422325273275,0.00592888409771972,0.004866107810102128,0.061776615230804854,0.019988815174959533,0.6661563639569841,41.26,-0.639714530592178,-0.6658424537921458,-0.7558794085139872
