user_id,Precision@10 - macro,Recall@10 - macro,F1@10 - macro,NDCG@10,MRR@10,Gini - Top 10,CatalogCoverage - Top 10,DeltaGap - Top 10 | Blockbuster,DeltaGap - Top 10 | Niche,DeltaGap - Top 10 | Diverse
sys - fold1,0.005780059622391522,0.002833573037703076,0.003103532363594947,0.03604947495046815,0.01486931970535813,0.5934574515091982,95.98,-0.5985018273632339,-0.6974597688323347,-0.7920961698631491
sys - mean,0.005780059622391522,0.002833573037703076,0.003103532363594947,0.03604947495046815,0.01486931970535813,0.5934574515091982,95.98,-0.5985018273632339,-0.6974597688323347,-0.7920961698631491
