user_id,Precision@10 - macro,Recall@10 - macro,F1@10 - macro,NDCG@10,MRR@10,Gini - Top 10,CatalogCoverage - Top 10,DeltaGap - Top 10 | Blockbuster,DeltaGap - Top 10 | Niche,DeltaGap - Top 10 | Diverse
sys - fold1,0.5583331361693402,0.5687277097335721,0.4973860008570091,0.9239191408122452,0.7318354784775787,0.6348090576528793,81.92,0.04393732527590444,0.028273490675514268,-0.028632419629007064
sys - mean,0.5583331361693402,0.5687277097335721,0.4973860008570091,0.9239191408122452,0.7318354784775787,0.6348090576528793,81.92,0.04393732527590444,0.028273490675514268,-0.028632419629007064
