user_id,Precision@10 - macro,Recall@10 - macro,F1@10 - macro,NDCG@10,MRR@10,Gini - Top 10,CatalogCoverage - Top 10,DeltaGap - Top 10 | Blockbuster,DeltaGap - Top 10 | Niche,DeltaGap - Top 10 | Diverse
sys - fold1,0.5987134053400609,0.5895888738867057,0.5240593750431825,0.9345313575740672,0.7995965389467043,0.6741331464706067,75.28,0.10133993587152072,0.062114435706795104,-0.039586223821558554
sys - mean,0.5987134053400609,0.5895888738867057,0.5240593750431825,0.9345313575740672,0.7995965389467043,0.6741331464706067,75.28,0.10133993587152072,0.062114435706795104,-0.039586223821558554
