user_id,Precision@10 - macro,Recall@10 - macro,F1@10 - macro,NDCG@10,MRR@10,Gini - Top 10,CatalogCoverage - Top 10,DeltaGap - Top 10 | Blockbuster,DeltaGap - Top 10 | Niche,DeltaGap - Top 10 | Diverse
sys - fold1,0.006125827814569536,0.0036061322566946718,0.003398576650483329,0.0386192062995698,0.01662087406706612,0.8532854629848629,60.44,-0.6022748839170817,-0.6866292035233038,-0.7726835651032324
sys - mean,0.006125827814569536,0.0036061322566946718,0.003398576650483329,0.0386192062995698,0.01662087406706612,0.8532854629848629,60.44,-0.6022748839170817,-0.6866292035233038,-0.7726835651032324
