user_id,Precision@10 - macro,Recall@10 - macro,F1@10 - macro,NDCG@10,MRR@10,Gini - Top 10,CatalogCoverage - Top 10,DeltaGap - Top 10 | Blockbuster,DeltaGap - Top 10 | Niche,DeltaGap - Top 10 | Diverse
sys - fold1,0.6339531430673815,0.6026727800366486,0.5414269838167594,0.940798839493976,0.8350996005466204,0.6706842689854431,79.36,0.11534205336669509,0.0909129401113886,0.031410136466310856
sys - mean,0.6339531430673815,0.6026727800366486,0.5414269838167594,0.940798839493976,0.8350996005466204,0.6706842689854431,79.36,0.11534205336669509,0.0909129401113886,0.031410136466310856
