user_id,Precision@10 - macro,Recall@10 - macro,F1@10 - macro,NDCG@10,MRR@10,Gini - Top 10,CatalogCoverage - Top 10,DeltaGap - Top 10 | Blockbuster,DeltaGap - Top 10 | Niche,DeltaGap - Top 10 | Diverse
sys - fold1,0.01602649006622517,0.010650276673080588,0.01045519732732687,0.07810329528850064,0.03967163355408388,0.7404424451028232,41.01,-0.4798890963305216,-0.6595069123731233,-0.7779448126021318
sys - mean,0.01602649006622517,0.010650276673080588,0.01045519732732687,0.07810329528850064,0.03967163355408388,0.7404424451028232,41.01,-0.4798890963305216,-0.6595069123731233,-0.7779448126021318
