user_id,Precision@20 - macro,Recall@20 - macro,F1@20 - macro,NDCG@20,MRR@20,Gini - Top 20,CatalogCoverage - Top 20,DeltaGap - Top 20 | Blockbuster,DeltaGap - Top 20 | Niche,DeltaGap - Top 20 | Diverse
sys - fold1,0.015455298013245033,0.02063431820819449,0.014410959490499156,0.12281714931032996,0.045855345877989034,0.706970617233425,57.64,-0.5363237774819057,-0.6793633968151175,-0.7733040920240233
sys - mean,0.015455298013245033,0.02063431820819449,0.014410959490499156,0.12281714931032996,0.045855345877989034,0.706970617233425,57.64,-0.5363237774819057,-0.6793633968151175,-0.7733040920240233
