user_id,Precision@20 - macro,Recall@20 - macro,F1@20 - macro,NDCG@20,MRR@20,Gini - Top 20,CatalogCoverage - Top 20,DeltaGap - Top 20 | Blockbuster,DeltaGap - Top 20 | Niche,DeltaGap - Top 20 | Diverse
sys - fold1,0.009465054653858895,0.010996430161125018,0.008039209439527076,0.0869832577152938,0.03389241366705687,0.44875397296317554,61.17,-0.5037801556083311,-0.623534153235796,-0.7476072387118832
sys - mean,0.009465054653858895,0.010996430161125018,0.008039209439527076,0.0869832577152938,0.03389241366705687,0.44875397296317554,61.17,-0.5037801556083311,-0.623534153235796,-0.7476072387118832
