user_id,Precision@20 - macro,Recall@20 - macro,F1@20 - macro,NDCG@20,MRR@20,Gini - Top 20,CatalogCoverage - Top 20,DeltaGap - Top 20 | Blockbuster,DeltaGap - Top 20 | Niche,DeltaGap - Top 20 | Diverse
sys - fold1,0.010276581649552832,0.013299347625477563,0.009181376520805726,0.08839690468067556,0.03329270096212202,0.6151408643947808,55.05,-0.5520289424431822,-0.6571594175771202,-0.7672793178809508
sys - mean,0.010276581649552832,0.013299347625477563,0.009181376520805726,0.08839690468067556,0.03329270096212202,0.6151408643947808,55.05,-0.5520289424431822,-0.6571594175771202,-0.7672793178809508
