user_id,Precision@5 - macro,Recall@5 - macro,F1@5 - macro,NDCG@5,MRR@5,Gini - Top 5,CatalogCoverage - Top 5,DeltaGap - Top 5 | Blockbuster,DeltaGap - Top 5 | Niche,DeltaGap - Top 5 | Diverse
sys - fold1,0.5953875455448824,0.37238672275728124,0.38797157957829326,0.844455008745046,0.7732251297339076,0.6268861245047166,70.43,0.13916819179621173,0.06763062160245122,-0.053766731126907635
sys - mean,0.5953875455448824,0.37238672275728124,0.38797157957829326,0.844455008745046,0.7732251297339076,0.6268861245047166,70.43,0.13916819179621173,0.06763062160245122,-0.053766731126907635
