user_id,Precision@5 - macro,Recall@5 - macro,F1@5 - macro,NDCG@5,MRR@5,Gini - Top 5,CatalogCoverage - Top 5,DeltaGap - Top 5 | Blockbuster,DeltaGap - Top 5 | Niche,DeltaGap - Top 5 | Diverse
sys - fold1,0.5915880112601425,0.36807348473998563,0.3825505421458395,0.8429385104174654,0.7651791135397693,0.6399321312813291,69.54,0.12897088736924545,0.05730331749402513,-0.10702017286496188
sys - mean,0.5915880112601425,0.36807348473998563,0.3825505421458395,0.8429385104174654,0.7651791135397693,0.6399321312813291,69.54,0.12897088736924545,0.05730331749402513,-0.10702017286496188
