user_id,Precision@5 - macro,Recall@5 - macro,F1@5 - macro,NDCG@5,MRR@5,Gini - Top 5,CatalogCoverage - Top 5,DeltaGap - Top 5 | Blockbuster,DeltaGap - Top 5 | Niche,DeltaGap - Top 5 | Diverse
sys - fold1,0.583639675442954,0.36810331434146243,0.3823397891203766,0.840224837317805,0.762234365513054,0.6597590614154573,66.97,0.16460302168862942,0.10869657428010081,-0.020121470740491292
sys - mean,0.583639675442954,0.36810331434146243,0.3823397891203766,0.840224837317805,0.762234365513054,0.6597590614154573,66.97,0.16460302168862942,0.10869657428010081,-0.020121470740491292
