user_id,Precision@5 - macro,Recall@5 - macro,F1@5 - macro,NDCG@5,MRR@5,Gini - Top 5,CatalogCoverage - Top 5,DeltaGap - Top 5 | Blockbuster,DeltaGap - Top 5 | Niche,DeltaGap - Top 5 | Diverse
sys - fold1,0.5985011593242796,0.37401318298495195,0.3902056054051832,0.8441380032884453,0.7740559788009275,0.6274706419272047,73.07,0.10766498592317025,0.05339838854497337,-0.0795117752591875
sys - mean,0.5985011593242796,0.37401318298495195,0.3902056054051832,0.8441380032884453,0.7740559788009275,0.6274706419272047,73.07,0.10766498592317025,0.05339838854497337,-0.0795117752591875
