user_id,Precision@20 - macro,Recall@20 - macro,F1@20 - macro,NDCG@20,MRR@20,Gini - Top 20,CatalogCoverage - Top 20,DeltaGap - Top 20 | Blockbuster,DeltaGap - Top 20 | Niche,DeltaGap - Top 20 | Diverse
sys - fold1,0.004529645578005962,0.0044725655406055945,0.0034502742806607834,0.04394914135888309,0.01592627068187169,0.6638559797595832,89.5,-0.6880682932477967,-0.7649362146734341,-0.8609077907919049
sys - mean,0.004529645578005962,0.0044725655406055945,0.0034502742806607834,0.04394914135888309,0.01592627068187169,0.6638559797595832,89.5,-0.6880682932477967,-0.7649362146734341,-0.8609077907919049
