user_id,Precision@10 - macro,Recall@10 - macro,F1@10 - macro,NDCG@10,MRR@10,Gini - Top 10,CatalogCoverage - Top 10,DeltaGap - Top 10 | Blockbuster,DeltaGap - Top 10 | Niche,DeltaGap - Top 10 | Diverse
sys - fold1,0.005266644584299438,0.002641546717052604,0.002848276471805437,0.0303628584330471,0.01532726594005163,0.7828697852806921,48.38,-0.703636699729201,-0.8006090242077225,-0.9031630592097514
sys - mean,0.005266644584299438,0.002641546717052604,0.002848276471805437,0.0303628584330471,0.01532726594005163,0.7828697852806921,48.38,-0.703636699729201,-0.8006090242077225,-0.9031630592097514
