user_id,Precision@5 - macro,Recall@5 - macro,F1@5 - macro,NDCG@5,MRR@5,Gini - Top 5,CatalogCoverage - Top 5,DeltaGap - Top 5 | Blockbuster,DeltaGap - Top 5 | Niche,DeltaGap - Top 5 | Diverse
sys - fold1,0.5621977475985426,0.3581377909461787,0.3706849563619345,0.8292851575129024,0.7294854808435464,0.6170065013278208,74.5,0.11339178565661154,0.04552339684445276,-0.08454656977672491
sys - mean,0.5621977475985426,0.3581377909461787,0.3706849563619345,0.8292851575129024,0.7294854808435464,0.6170065013278208,74.5,0.11339178565661154,0.04552339684445276,-0.08454656977672491
