user_id,Precision@10 - macro,Recall@10 - macro,F1@10 - macro,NDCG@10,MRR@10,Gini - Top 10,CatalogCoverage - Top 10,DeltaGap - Top 10 | Blockbuster,DeltaGap - Top 10 | Niche,DeltaGap - Top 10 | Diverse
sys - fold1,0.5860045768334937,0.5821029537698532,0.5152965538980163,0.9298495003669747,0.7756570818677477,0.6401658469881901,81.25,0.04713856349047196,0.02296997664618625,-0.039252120076493716
sys - mean,0.5860045768334937,0.5821029537698532,0.5152965538980163,0.9298495003669747,0.7756570818677477,0.6401658469881901,81.25,0.04713856349047196,0.02296997664618625,-0.039252120076493716
