user_id,Precision@10 - macro,Recall@10 - macro,F1@10 - macro,NDCG@10,MRR@10,Gini - Top 10,CatalogCoverage - Top 10,DeltaGap - Top 10 | Blockbuster,DeltaGap - Top 10 | Niche,DeltaGap - Top 10 | Diverse
sys - fold1,0.5636130564625099,0.5681482776716896,0.499694756634398,0.9226233893281335,0.7324053481390348,0.6328223565869463,81.65,0.047109961205173904,0.02339391516211588,-0.03814223168384949
sys - mean,0.5636130564625099,0.5681482776716896,0.499694756634398,0.9226233893281335,0.7324053481390348,0.6328223565869463,81.65,0.047109961205173904,0.02339391516211588,-0.03814223168384949
