user_id,Precision@10 - macro,Recall@10 - macro,F1@10 - macro,NDCG@10,MRR@10,Gini - Top 10,CatalogCoverage - Top 10,DeltaGap - Top 10 | Blockbuster,DeltaGap - Top 10 | Niche,DeltaGap - Top 10 | Diverse
sys - fold1,0.004686982444518053,0.0022543738471817723,0.002347302265010292,0.02831822573795926,0.013738978532784427,0.6836745570990331,76.82,-0.6619002097487507,-0.7662436707911353,-0.8737433012618461
sys - mean,0.004686982444518053,0.0022543738471817723,0.002347302265010292,0.02831822573795926,0.013738978532784427,0.6836745570990331,76.82,-0.6619002097487507,-0.7662436707911353,-0.8737433012618461
