user_id,Precision@10 - macro,Recall@10 - macro,F1@10 - macro,NDCG@10,MRR@10,Gini - Top 10,CatalogCoverage - Top 10,DeltaGap - Top 10 | Blockbuster,DeltaGap - Top 10 | Niche,DeltaGap - Top 10 | Diverse
sys - fold1,0.5844510560103472,0.581414629739653,0.5123447372583296,0.930037461342484,0.7750331235508446,0.6460071363176116,80.95,0.05561857560623769,0.03331123456597017,-0.02274157935078436
sys - mean,0.5844510560103472,0.581414629739653,0.5123447372583296,0.930037461342484,0.7750331235508446,0.6460071363176116,80.95,0.05561857560623769,0.03331123456597017,-0.02274157935078436
