user_id,Precision@20 - macro,Recall@20 - macro,F1@20 - macro,NDCG@20,MRR@20,Gini - Top 20,CatalogCoverage - Top 20,DeltaGap - Top 20 | Blockbuster,DeltaGap - Top 20 | Niche,DeltaGap - Top 20 | Diverse
sys - fold1,0.0047201059953627025,0.0046929304246984835,0.0037497095686128226,0.04376890547537456,0.017716959129261967,0.7705818473260166,64.62,-0.7176631231475915,-0.7958731867647427,-0.9032102019428943
sys - mean,0.0047201059953627025,0.0046929304246984835,0.0037497095686128226,0.04376890547537456,0.017716959129261967,0.7705818473260166,64.62,-0.7176631231475915,-0.7958731867647427,-0.9032102019428943
