user_id,Precision@10 - macro,Recall@10 - macro,F1@10 - macro,NDCG@10,MRR@10,Gini - Top 10,CatalogCoverage - Top 10,DeltaGap - Top 10 | Blockbuster,DeltaGap - Top 10 | Niche,DeltaGap - Top 10 | Diverse
sys - fold1,0.014685430463576158,0.00877334520398235,0.008750940067274416,0.07114438862360108,0.03753245558709135,0.9099147428359226,11.55,-0.4185895944687977,-0.4705471035390828,-0.6025293348223472
sys - mean,0.014685430463576158,0.00877334520398235,0.008750940067274416,0.07114438862360108,0.03753245558709135,0.9099147428359226,11.55,-0.4185895944687977,-0.4705471035390828,-0.6025293348223472
