user_id,Precision@20 - macro,Recall@20 - macro,F1@20 - macro,NDCG@20,MRR@20,Gini - Top 20,CatalogCoverage - Top 20,DeltaGap - Top 20 | Blockbuster,DeltaGap - Top 20 | Niche,DeltaGap - Top 20 | Diverse
sys - fold1,0.041953642384105955,0.05673142817830931,0.038807234615488004,0.27105269919549463,0.16736794866975757,0.8708738552387942,32.14,-0.11676365012107488,-0.22822782412452639,-0.3241717498491585
sys - mean,0.041953642384105955,0.05673142817830931,0.038807234615488004,0.27105269919549463,0.16736794866975757,0.8708738552387942,32.14,-0.11676365012107488,-0.22822782412452639,-0.3241717498491585
