user_id,Precision@5 - macro,Recall@5 - macro,F1@5 - macro,NDCG@5,MRR@5,Gini - Top 5,CatalogCoverage - Top 5,DeltaGap - Top 5 | Blockbuster,DeltaGap - Top 5 | Niche,DeltaGap - Top 5 | Diverse
sys - fold1,0.5623550844650547,0.35729090763044163,0.36792898114874,0.83252707701065,0.7259467814949763,0.618058885665901,74.85,0.11232271210053417,0.055016690043796675,-0.07862300455579857
sys - mean,0.5623550844650547,0.35729090763044163,0.36792898114874,0.83252707701065,0.7259467814949763,0.618058885665901,74.85,0.11232271210053417,0.055016690043796675,-0.07862300455579857
