user_id,Precision@20 - macro,Recall@20 - macro,F1@20 - macro,NDCG@20,MRR@20,Gini - Top 20,CatalogCoverage - Top 20,DeltaGap - Top 20 | Blockbuster,DeltaGap - Top 20 | Niche,DeltaGap - Top 20 | Diverse
sys - fold1,0.04519628954778864,0.05201148191114885,0.03889382829080486,0.2325710965058601,0.15467429518419135,0.6940726805971534,97.49,-0.09609572871562513,-0.2630325091320589,-0.5311932585421858
sys - mean,0.04519628954778864,0.05201148191114885,0.03889382829080486,0.2325710965058601,0.15467429518419135,0.6940726805971534,97.49,-0.09609572871562513,-0.2630325091320589,-0.5311932585421858
