user_id,Precision@10 - macro,Recall@10 - macro,F1@10 - macro,NDCG@10,MRR@10,Gini - Top 10,CatalogCoverage - Top 10,DeltaGap - Top 10 | Blockbuster,DeltaGap - Top 10 | Niche,DeltaGap - Top 10 | Diverse
sys - fold1,0.0028486253726399476,0.0017537262496947822,0.0016869148640512766,0.017788523956209275,0.006245892416809939,0.7083629150213442,12.01,-0.7980384433681601,-0.8724734495596373,-0.9380592529505882
sys - mean,0.0028486253726399476,0.0017537262496947822,0.0016869148640512766,0.017788523956209275,0.006245892416809939,0.7083629150213442,12.01,-0.7980384433681601,-0.8724734495596373,-0.9380592529505882
