user_id,Precision@20 - macro,Recall@20 - macro,F1@20 - macro,NDCG@20,MRR@20,Gini - Top 20,CatalogCoverage - Top 20,DeltaGap - Top 20 | Blockbuster,DeltaGap - Top 20 | Niche,DeltaGap - Top 20 | Diverse
sys - fold1,0.014996687644915538,0.02136018794022667,0.014125888452178817,0.11959894480896192,0.05402714009731537,0.6618283012163436,51.92,-0.3619447669153164,-0.5767767854131012,-0.7832339494311938
sys - mean,0.014996687644915538,0.02136018794022667,0.014125888452178817,0.11959894480896192,0.05402714009731537,0.6618283012163436,51.92,-0.3619447669153164,-0.5767767854131012,-0.7832339494311938
