user_id,Precision@5 - macro,Recall@5 - macro,F1@5 - macro,NDCG@5,MRR@5,Gini - Top 5,CatalogCoverage - Top 5,DeltaGap - Top 5 | Blockbuster,DeltaGap - Top 5 | Niche,DeltaGap - Top 5 | Diverse
sys - fold1,0.6338771116263663,0.38584795048598375,0.40493456930025923,0.8572054198909559,0.8010516727393177,0.6345239081356158,71.37,0.12219302398028933,0.05056292258961629,-0.11681391025073957
sys - mean,0.6338771116263663,0.38584795048598375,0.40493456930025923,0.8572054198909559,0.8010516727393177,0.6345239081356158,71.37,0.12219302398028933,0.05056292258961629,-0.11681391025073957
