user_id,Precision@20 - macro,Recall@20 - macro,F1@20 - macro,NDCG@20,MRR@20,Gini - Top 20,CatalogCoverage - Top 20,DeltaGap - Top 20 | Blockbuster,DeltaGap - Top 20 | Niche,DeltaGap - Top 20 | Diverse
sys - fold1,0.006210665783371977,0.006158442841079418,0.004784951558762109,0.052249926634961856,0.019152325806525424,0.5831922843197493,53.02,-0.6154901329265238,-0.7666528585562982,-0.8639174188818365
sys - mean,0.006210665783371977,0.006158442841079418,0.004784951558762109,0.052249926634961856,0.019152325806525424,0.5831922843197493,53.02,-0.6154901329265238,-0.7666528585562982,-0.8639174188818365
