user_id,Precision@5 - macro,Recall@5 - macro,F1@5 - macro,NDCG@5,MRR@5,Gini - Top 5,CatalogCoverage - Top 5,DeltaGap - Top 5 | Blockbuster,DeltaGap - Top 5 | Niche,DeltaGap - Top 5 | Diverse
sys - fold1,0.5839679911699779,0.3703335003203737,0.38361481400346364,0.8441615229710817,0.7646881898454746,0.7060198555857748,60.5,0.120456546763491,0.08734138742785912,-0.03859546124615694
sys - mean,0.5839679911699779,0.3703335003203737,0.38361481400346364,0.8441615229710817,0.7646881898454746,0.7060198555857748,60.5,0.120456546763491,0.08734138742785912,-0.03859546124615694
