user_id,Precision@5 - macro,Recall@5 - macro,F1@5 - macro,NDCG@5,MRR@5,Gini - Top 5,CatalogCoverage - Top 5,DeltaGap - Top 5 | Blockbuster,DeltaGap - Top 5 | Niche,DeltaGap - Top 5 | Diverse
sys - fold1,0.5743708609271523,0.3661872217261622,0.3784347037629492,0.8389488026247077,0.7548206401766004,0.7293941652518724,55.05,0.10300330044913174,0.04897904826066836,-0.05631363102367319
sys - mean,0.5743708609271523,0.3661872217261622,0.3784347037629492,0.8389488026247077,0.7548206401766004,0.7293941652518724,55.05,0.10300330044913174,0.04897904826066836,-0.05631363102367319
