user_id,Precision@10 - macro,Recall@10 - macro,F1@10 - macro,NDCG@10,MRR@10,Gini - Top 10,CatalogCoverage - Top 10,DeltaGap - Top 10 | Blockbuster,DeltaGap - Top 10 | Niche,DeltaGap - Top 10 | Diverse
sys - fold1,0.5710240591821718,0.5743810640794736,0.5050802911406944,0.9270254015949507,0.7573691921580994,0.7167622343511733,71.34,0.057048553061316516,0.041557455075161696,-0.013818020214747739
sys - mean,0.5710240591821718,0.5743810640794736,0.5050802911406944,0.9270254015949507,0.7573691921580994,0.7167622343511733,71.34,0.057048553061316516,0.041557455075161696,-0.013818020214747739
