user_id,Precision@10 - macro,Recall@10 - macro,F1@10 - macro,NDCG@10,MRR@10,Gini - Top 10,CatalogCoverage - Top 10,DeltaGap - Top 10 | Blockbuster,DeltaGap - Top 10 | Niche,DeltaGap - Top 10 | Diverse
sys - fold1,0.6010573468223741,0.5845598798172206,0.5193761864855774,0.9336372477395836,0.7969174571633589,0.6708763573903658,77.36,0.08240531956076422,0.06593615446980078,0.005084635325565984
sys - mean,0.6010573468223741,0.5845598798172206,0.5193761864855774,0.9336372477395836,0.7969174571633589,0.6708763573903658,77.36,0.08240531956076422,0.06593615446980078,0.005084635325565984
