user_id,Precision@10 - macro,Recall@10 - macro,F1@10 - macro,NDCG@10,MRR@10,Gini - Top 10,CatalogCoverage - Top 10,DeltaGap - Top 10 | Blockbuster,DeltaGap - Top 10 | Niche,DeltaGap - Top 10 | Diverse
sys - fold1,0.6582801559694057,0.6158106264331145,0.5567877782731983,0.9453969801405044,0.8520697103312642,0.6977660300136426,75.55,0.23380293741354372,0.1870799590349752,0.055146620610332465
sys - mean,0.6582801559694057,0.6158106264331145,0.5567877782731983,0.9453969801405044,0.8520697103312642,0.6977660300136426,75.55,0.23380293741354372,0.1870799590349752,0.055146620610332465
