user_id,Precision@10 - macro,Recall@10 - macro,F1@10 - macro,NDCG@10,MRR@10,Gini - Top 10,CatalogCoverage - Top 10,DeltaGap - Top 10 | Blockbuster,DeltaGap - Top 10 | Niche,DeltaGap - Top 10 | Diverse
sys - fold1,0.5686780589719331,0.5746047587199857,0.503772081308733,0.9272931538421783,0.7520981814359298,0.6970303562828437,74.28,0.04575268589511941,0.026100845966522228,-0.031326165994069316
sys - mean,0.5686780589719331,0.5746047587199857,0.503772081308733,0.9272931538421783,0.7520981814359298,0.6970303562828437,74.28,0.04575268589511941,0.026100845966522228,-0.031326165994069316
