user_id,Precision@5 - macro,Recall@5 - macro,F1@5 - macro,NDCG@5,MRR@5,Gini - Top 5,CatalogCoverage - Top 5,DeltaGap - Top 5 | Blockbuster,DeltaGap - Top 5 | Niche,DeltaGap - Top 5 | Diverse
sys - fold1,0.6626572847682118,0.3960147689394307,0.4190007483212777,0.865272043972239,0.8263686534216335,0.6835896485136211,64.57,0.26204011481422607,0.2155735494020202,0.06056436673330167
sys - mean,0.6626572847682118,0.3960147689394307,0.4190007483212777,0.865272043972239,0.8263686534216335,0.6835896485136211,64.57,0.26204011481422607,0.2155735494020202,0.06056436673330167
