user_id,Precision@5 - macro,Recall@5 - macro,F1@5 - macro,NDCG@5,MRR@5,Gini - Top 5,CatalogCoverage - Top 5,DeltaGap - Top 5 | Blockbuster,DeltaGap - Top 5 | Niche,DeltaGap - Top 5 | Diverse
sys - fold1,0.5778725165562913,0.36516437964479875,0.3790818144337966,0.8408128506692599,0.7626600441501104,0.737592756493233,55.53,0.15277542075717016,0.09329078009766217,-0.028108714403411367
sys - mean,0.5778725165562913,0.36516437964479875,0.3790818144337966,0.8408128506692599,0.7626600441501104,0.737592756493233,55.53,0.15277542075717016,0.09329078009766217,-0.028108714403411367
