user_id,Precision@5 - macro,Recall@5 - macro,F1@5 - macro,NDCG@5,MRR@5,Gini - Top 5,CatalogCoverage - Top 5,DeltaGap - Top 5 | Blockbuster,DeltaGap - Top 5 | Niche,DeltaGap - Top 5 | Diverse
sys - fold1,0.5746770453792646,0.36567352483597043,0.3777300673302181,0.8378142811234707,0.7502705089985646,0.6151232840501524,74.61,0.10386619206730022,0.04304272226712171,-0.08372571223431148
sys - mean,0.5746770453792646,0.36567352483597043,0.3777300673302181,0.8378142811234707,0.7502705089985646,0.6151232840501524,74.61,0.10386619206730022,0.04304272226712171,-0.08372571223431148
