user_id,Precision@10 - macro,Recall@10 - macro,F1@10 - macro,NDCG@10,MRR@10,Gini - Top 10,CatalogCoverage - Top 10,DeltaGap - Top 10 | Blockbuster,DeltaGap - Top 10 | Niche,DeltaGap - Top 10 | Diverse
sys - fold1,0.02387417218543046,0.02402521253916651,0.019913250550137793,0.10887104100882057,0.07674622884473878,0.9111069572028768,12.55,-0.2036452782688152,-0.4311875705714317,-0.7064773971074699
sys - mean,0.02387417218543046,0.02402521253916651,0.019913250550137793,0.10887104100882057,0.07674622884473878,0.9111069572028768,12.55,-0.2036452782688152,-0.4311875705714317,-0.7064773971074699
