user_id,Precision@10 - macro,Recall@10 - macro,F1@10 - macro,NDCG@10,MRR@10,Gini - Top 10,CatalogCoverage - Top 10,DeltaGap - Top 10 | Blockbuster,DeltaGap - Top 10 | Niche,DeltaGap - Top 10 | Diverse
sys - fold1,0.5728133869441817,0.5756998654965599,0.5072503507936922,0.928360006528967,0.7650752917060862,0.7155752233519489,71.1,0.07546204039967963,0.05071694955202488,0.004966823587362789
sys - mean,0.5728133869441817,0.5756998654965599,0.5072503507936922,0.928360006528967,0.7650752917060862,0.7155752233519489,71.1,0.07546204039967963,0.05071694955202488,0.004966823587362789
