user_id,Precision@10 - macro,Recall@10 - macro,F1@10 - macro,NDCG@10,MRR@10,Gini - Top 10,CatalogCoverage - Top 10,DeltaGap - Top 10 | Blockbuster,DeltaGap - Top 10 | Niche,DeltaGap - Top 10 | Diverse
sys - fold1,0.5666769849156401,0.5676904346624212,0.5004655357224649,0.9236685828232511,0.7473247474986462,0.6343488526265647,81.03,0.045311319472061046,0.02694172886955274,-0.028395035710888084
sys - mean,0.5666769849156401,0.5676904346624212,0.5004655357224649,0.9236685828232511,0.7473247474986462,0.6343488526265647,81.03,0.045311319472061046,0.02694172886955274,-0.028395035710888084
