user_id,Precision@5 - macro,Recall@5 - macro,F1@5 - macro,NDCG@5,MRR@5,Gini - Top 5,CatalogCoverage - Top 5,DeltaGap - Top 5 | Blockbuster,DeltaGap - Top 5 | Niche,DeltaGap - Top 5 | Diverse
sys - fold1,0.5663713150049685,0.35743080439169256,0.37044528560214657,0.8317939937844077,0.7446422656508778,0.6178653147390591,73.72,0.1333804964072124,0.06029107982730867,-0.0664791123920275
sys - mean,0.5663713150049685,0.35743080439169256,0.37044528560214657,0.8317939937844077,0.7446422656508778,0.6178653147390591,73.72,0.1333804964072124,0.06029107982730867,-0.0664791123920275
