user_id,Precision@5 - macro,Recall@5 - macro,F1@5 - macro,NDCG@5,MRR@5,Gini - Top 5,CatalogCoverage - Top 5,DeltaGap - Top 5 | Blockbuster,DeltaGap - Top 5 | Niche,DeltaGap - Top 5 | Diverse
sys - fold1,0.7199701937406855,0.42294229086386265,0.45120477739244913,0.8898339475259078,0.8810454269470662,0.7159516608461226,59.31,0.4244274455418317,0.43663330079109375,0.1691202757364974
sys - mean,0.7199701937406855,0.42294229086386265,0.45120477739244913,0.8898339475259078,0.8810454269470662,0.7159516608461226,59.31,0.4244274455418317,0.43663330079109375,0.1691202757364974
