user_id,Precision@5 - macro,Recall@5 - macro,F1@5 - macro,NDCG@5,MRR@5,Gini - Top 5,CatalogCoverage - Top 5,DeltaGap - Top 5 | Blockbuster,DeltaGap - Top 5 | Niche,DeltaGap - Top 5 | Diverse
sys - fold1,0.5898559125538257,0.3627928199064125,0.37703614705501465,0.8419396010862253,0.7509329800154576,0.6386679279157759,71.67,0.17934993996959095,0.10808900636278525,-0.05177002080501768
sys - mean,0.5898559125538257,0.3627928199064125,0.37703614705501465,0.8419396010862253,0.7509329800154576,0.6386679279157759,71.67,0.17934993996959095,0.10808900636278525,-0.05177002080501768
