user_id,Precision@10 - macro,Recall@10 - macro,F1@10 - macro,NDCG@10,MRR@10,Gini - Top 10,CatalogCoverage - Top 10,DeltaGap - Top 10 | Blockbuster,DeltaGap - Top 10 | Niche,DeltaGap - Top 10 | Diverse
sys - fold1,0.6583253153309464,0.6161228390922147,0.5572256205202225,0.9449917568208891,0.8584057582401403,0.6962186400416254,75.31,0.2252837684043217,0.1851257499229104,0.05522928001009048
sys - mean,0.6583253153309464,0.6161228390922147,0.5572256205202225,0.9449917568208891,0.8584057582401403,0.6962186400416254,75.31,0.2252837684043217,0.1851257499229104,0.05522928001009048
