user_id,Precision@5 - macro,Recall@5 - macro,F1@5 - macro,NDCG@5,MRR@5,Gini - Top 5,CatalogCoverage - Top 5,DeltaGap - Top 5 | Blockbuster,DeltaGap - Top 5 | Niche,DeltaGap - Top 5 | Diverse
sys - fold1,0.6948344370860927,0.39535667578459394,0.42356075191114406,0.8742582522678174,0.8322350993377484,0.7044239213691929,64.17,0.42171707961509225,0.4327534128463604,0.06657164116104562
sys - mean,0.6948344370860927,0.39535667578459394,0.42356075191114406,0.8742582522678174,0.8322350993377484,0.7044239213691929,64.17,0.42171707961509225,0.4327534128463604,0.06657164116104562
