user_id,Precision@10 - macro,Recall@10 - macro,F1@10 - macro,NDCG@10,MRR@10,Gini - Top 10,CatalogCoverage - Top 10,DeltaGap - Top 10 | Blockbuster,DeltaGap - Top 10 | Niche,DeltaGap - Top 10 | Diverse
sys - fold1,0.6681935246504783,0.6177837940754636,0.5602713370251461,0.9431321556536912,0.8335197887101861,0.7124784731055526,74.8,0.27639737794175423,0.25297096629969995,0.06725698220402015
sys - mean,0.6681935246504783,0.6177837940754636,0.5602713370251461,0.9431321556536912,0.8335197887101861,0.7124784731055526,74.8,0.27639737794175423,0.25297096629969995,0.06725698220402015
