user_id,Precision@20 - macro,Recall@20 - macro,F1@20 - macro,NDCG@20,MRR@20,Gini - Top 20,CatalogCoverage - Top 20,DeltaGap - Top 20 | Blockbuster,DeltaGap - Top 20 | Niche,DeltaGap - Top 20 | Diverse
sys - fold1,0.019403973509933774,0.03826468919511108,0.021486328008465696,0.1574651666211822,0.08280512218547223,0.9049980923760987,18.97,-0.2885255532298004,-0.5214622705338631,-0.7239858736231481
sys - mean,0.019403973509933774,0.03826468919511108,0.021486328008465696,0.1574651666211822,0.08280512218547223,0.9049980923760987,18.97,-0.2885255532298004,-0.5214622705338631,-0.7239858736231481
