user_id,Precision@5 - macro,Recall@5 - macro,F1@5 - macro,NDCG@5,MRR@5,Gini - Top 5,CatalogCoverage - Top 5,DeltaGap - Top 5 | Blockbuster,DeltaGap - Top 5 | Niche,DeltaGap - Top 5 | Diverse
sys - fold1,0.6839267969526333,0.40255069974767704,0.42746619483767245,0.8736581373123475,0.8451777630561996,0.6828582123298929,65.62,0.34294776553441036,0.3107036232271578,0.03073768664359484
sys - mean,0.6839267969526333,0.40255069974767704,0.42746619483767245,0.8736581373123475,0.8451777630561996,0.6828582123298929,65.62,0.34294776553441036,0.3107036232271578,0.03073768664359484
