user_id,Precision@10 - macro,Recall@10 - macro,F1@10 - macro,NDCG@10,MRR@10,Gini - Top 10,CatalogCoverage - Top 10,DeltaGap - Top 10 | Blockbuster,DeltaGap - Top 10 | Niche,DeltaGap - Top 10 | Diverse
sys - fold1,0.5844306321082278,0.5728847069422159,0.5067751813389352,0.9271445156216797,0.7575950764475354,0.6477807183099087,80.28,0.07282430498990404,0.04702303144665041,-0.017735004836675474
sys - mean,0.5844306321082278,0.5728847069422159,0.5067751813389352,0.9271445156216797,0.7575950764475354,0.6477807183099087,80.28,0.07282430498990404,0.04702303144665041,-0.017735004836675474
