user_id,Precision@10 - macro,Recall@10 - macro,F1@10 - macro,NDCG@10,MRR@10,Gini - Top 10,CatalogCoverage - Top 10,DeltaGap - Top 10 | Blockbuster,DeltaGap - Top 10 | Niche,DeltaGap - Top 10 | Diverse
sys - fold1,0.651069811826685,0.6126063993462109,0.5523009770544437,0.9436504850096011,0.8463061325888421,0.6934728420536646,75.31,0.23348205727194557,0.1691251209639271,0.04761890494073186
sys - mean,0.651069811826685,0.6126063993462109,0.5523009770544437,0.9436504850096011,0.8463061325888421,0.6934728420536646,75.31,0.23348205727194557,0.1691251209639271,0.04761890494073186
