user_id,Precision@5 - macro,Recall@5 - macro,F1@5 - macro,NDCG@5,MRR@5,Gini - Top 5,CatalogCoverage - Top 5,DeltaGap - Top 5 | Blockbuster,DeltaGap - Top 5 | Niche,DeltaGap - Top 5 | Diverse
sys - fold1,0.679566153336645,0.3983943376591762,0.4224541719540763,0.8714638316950121,0.8418253573991278,0.6845893201157512,66.27,0.3405553195342946,0.3023112098262101,0.037603317276704004
sys - mean,0.679566153336645,0.3983943376591762,0.4224541719540763,0.8714638316950121,0.8418253573991278,0.6845893201157512,66.27,0.3405553195342946,0.3023112098262101,0.037603317276704004
