user_id,Precision@10 - macro,Recall@10 - macro,F1@10 - macro,NDCG@10,MRR@10,Gini - Top 10,CatalogCoverage - Top 10,DeltaGap - Top 10 | Blockbuster,DeltaGap - Top 10 | Niche,DeltaGap - Top 10 | Diverse
sys - fold1,0.6092857405698936,0.5901223096277375,0.5262280790263004,0.9345326742046295,0.8037192113694845,0.6645993235159243,77.15,0.08015016201180117,0.05584773541096125,0.011671310473896664
sys - mean,0.6092857405698936,0.5901223096277375,0.5262280790263004,0.9345326742046295,0.8037192113694845,0.6645993235159243,77.15,0.08015016201180117,0.05584773541096125,0.011671310473896664
