user_id,Precision@10 - macro,Recall@10 - macro,F1@10 - macro,NDCG@10,MRR@10,Gini - Top 10,CatalogCoverage - Top 10,DeltaGap - Top 10 | Blockbuster,DeltaGap - Top 10 | Niche,DeltaGap - Top 10 | Diverse
sys - fold1,0.5693632786006089,0.5736278769510704,0.5034401832507654,0.9266902590005731,0.752683533389065,0.635513150534554,82.49,0.042038597352219764,0.023558044020939514,-0.04116102717923403
sys - mean,0.5693632786006089,0.5736278769510704,0.5034401832507654,0.9266902590005731,0.752683533389065,0.635513150534554,82.49,0.042038597352219764,0.023558044020939514,-0.04116102717923403
