user_id,Precision@10 - macro,Recall@10 - macro,F1@10 - macro,NDCG@10,MRR@10,Gini - Top 10,CatalogCoverage - Top 10,DeltaGap - Top 10 | Blockbuster,DeltaGap - Top 10 | Niche,DeltaGap - Top 10 | Diverse
sys - fold1,0.010331125827814569,0.006411477732030042,0.006502977131002231,0.0683096558108871,0.03377581993062125,0.866543662815274,50.73,-0.5529164670519592,-0.6382128195624976,-0.7305240978126432
sys - mean,0.010331125827814569,0.006411477732030042,0.006502977131002231,0.0683096558108871,0.03377581993062125,0.866543662815274,50.73,-0.5529164670519592,-0.6382128195624976,-0.7305240978126432
