user_id,Precision@5 - macro,Recall@5 - macro,F1@5 - macro,NDCG@5,MRR@5,Gini - Top 5,CatalogCoverage - Top 5,DeltaGap - Top 5 | Blockbuster,DeltaGap - Top 5 | Niche,DeltaGap - Top 5 | Diverse
sys - fold1,0.5958181517058628,0.3718740970703843,0.38838093924365796,0.842177542027693,0.7681103014243127,0.648046812237938,69.19,0.13521677573174576,0.08744782444903448,-0.03583008837213873
sys - mean,0.5958181517058628,0.3718740970703843,0.38838093924365796,0.842177542027693,0.7681103014243127,0.648046812237938,69.19,0.13521677573174576,0.08744782444903448,-0.03583008837213873
