user_id,Precision@10 - macro,Recall@10 - macro,F1@10 - macro,NDCG@10,MRR@10,Gini - Top 10,CatalogCoverage - Top 10,DeltaGap - Top 10 | Blockbuster,DeltaGap - Top 10 | Niche,DeltaGap - Top 10 | Diverse
sys - fold1,0.5875875775254914,0.586009552822642,0.5190868490315084,0.9330108178281199,0.7917341401240408,0.7093446538194684,73.04,0.09197908257820438,0.05866670628321833,-0.008202872946876936
sys - mean,0.5875875775254914,0.586009552822642,0.5190868490315084,0.9330108178281199,0.7917341401240408,0.7093446538194684,73.04,0.09197908257820438,0.05866670628321833,-0.008202872946876936
