user_id,Precision@10 - macro,Recall@10 - macro,F1@10 - macro,NDCG@10,MRR@10,Gini - Top 10,CatalogCoverage - Top 10,DeltaGap - Top 10 | Blockbuster,DeltaGap - Top 10 | Niche,DeltaGap - Top 10 | Diverse
sys - fold1,0.5883834918531838,0.5741990642802604,0.5086959936990004,0.9284757895297561,0.7533443613726821,0.6500131688047345,79.17,0.08473926306984317,0.06361278548535415,-0.016878062040578734
sys - mean,0.5883834918531838,0.5741990642802604,0.5086959936990004,0.9284757895297561,0.7533443613726821,0.6500131688047345,79.17,0.08473926306984317,0.06361278548535415,-0.016878062040578734
