user_id,Precision@5 - macro,Recall@5 - macro,F1@5 - macro,NDCG@5,MRR@5,Gini - Top 5,CatalogCoverage - Top 5,DeltaGap - Top 5 | Blockbuster,DeltaGap - Top 5 | Niche,DeltaGap - Top 5 | Diverse
sys - fold1,0.6941720501352768,0.4072445309279512,0.43317908562879637,0.8772624775644559,0.8512450996631882,0.68950727347696,65.84,0.37322399092181774,0.3262432459998624,0.05040814472585565
sys - mean,0.6941720501352768,0.4072445309279512,0.43317908562879637,0.8772624775644559,0.8512450996631882,0.68950727347696,65.84,0.37322399092181774,0.3262432459998624,0.05040814472585565
