user_id,Precision@20 - macro,Recall@20 - macro,F1@20 - macro,NDCG@20,MRR@20,Gini - Top 20,CatalogCoverage - Top 20,DeltaGap - Top 20 | Blockbuster,DeltaGap - Top 20 | Niche,DeltaGap - Top 20 | Diverse
sys - fold1,0.038653304621500746,0.042360214693641346,0.03281258310035546,0.2030330790536084,0.134298436090885,0.6201244160375922,99.14,0.011337455852526348,-0.23639923803872176,-0.6639768458699685
sys - mean,0.038653304621500746,0.042360214693641346,0.03281258310035546,0.2030330790536084,0.134298436090885,0.6201244160375922,99.14,0.011337455852526348,-0.23639923803872176,-0.6639768458699685
