user_id,Precision@10 - macro,Recall@10 - macro,F1@10 - macro,NDCG@10,MRR@10,Gini - Top 10,CatalogCoverage - Top 10,DeltaGap - Top 10 | Blockbuster,DeltaGap - Top 10 | Niche,DeltaGap - Top 10 | Diverse
sys - fold1,0.6346895038368547,0.604723079756608,0.5433121698780793,0.9397571518623106,0.8271594791338168,0.6826885954342259,76.17,0.1457162935576441,0.12198325781816195,0.05806561668011475
sys - mean,0.6346895038368547,0.604723079756608,0.5433121698780793,0.9397571518623106,0.8271594791338168,0.6826885954342259,76.17,0.1457162935576441,0.12198325781816195,0.05806561668011475
