user_id,Precision@5 - macro,Recall@5 - macro,F1@5 - macro,NDCG@5,MRR@5,Gini - Top 5,CatalogCoverage - Top 5,DeltaGap - Top 5 | Blockbuster,DeltaGap - Top 5 | Niche,DeltaGap - Top 5 | Diverse
sys - fold1,0.6099172185430463,0.38469348783038965,0.4016730278657151,0.8504035508267153,0.7961423841059603,0.7329338911429416,56.21,0.21327691300364202,0.146441322310263,-0.020588091412030128
sys - mean,0.6099172185430463,0.38469348783038965,0.4016730278657151,0.8504035508267153,0.7961423841059603,0.7329338911429416,56.21,0.21327691300364202,0.146441322310263,-0.020588091412030128
