user_id,Precision@5 - macro,Recall@5 - macro,F1@5 - macro,NDCG@5,MRR@5,Gini - Top 5,CatalogCoverage - Top 5,DeltaGap - Top 5 | Blockbuster,DeltaGap - Top 5 | Niche,DeltaGap - Top 5 | Diverse
sys - fold1,0.6934304957491443,0.4037505793251933,0.43080000578328576,0.8769611476435141,0.8574472783482389,0.686587549697729,65.84,0.3661715047298319,0.31049362600800134,0.0424955029386303
sys - mean,0.6934304957491443,0.4037505793251933,0.43080000578328576,0.8769611476435141,0.8574472783482389,0.686587549697729,65.84,0.3661715047298319,0.31049362600800134,0.0424955029386303
