user_id,Precision@10 - macro,Recall@10 - macro,F1@10 - macro,NDCG@10,MRR@10,Gini - Top 10,CatalogCoverage - Top 10,DeltaGap - Top 10 | Blockbuster,DeltaGap - Top 10 | Niche,DeltaGap - Top 10 | Diverse
sys - fold1,0.006541901291818483,0.0034661354765376357,0.0035866942118764978,0.039366141374486525,0.02047515207916003,0.4287304339798226,99.14,-0.5728606712299942,-0.7032235341646884,-0.840539884517492
sys - mean,0.006541901291818483,0.0034661354765376357,0.0035866942118764978,0.039366141374486525,0.02047515207916003,0.4287304339798226,99.14,-0.5728606712299942,-0.7032235341646884,-0.840539884517492
