user_id,Precision@20 - macro,Recall@20 - macro,F1@20 - macro,NDCG@20,MRR@20,Gini - Top 20,CatalogCoverage - Top 20,DeltaGap - Top 20 | Blockbuster,DeltaGap - Top 20 | Niche,DeltaGap - Top 20 | Diverse
sys - fold1,0.009693708609271524,0.011514003697757902,0.008648242321298525,0.10037492625194594,0.038196988636037904,0.8671696169491996,64.36,-0.6085577739150312,-0.665700154219396,-0.7337067706918267
sys - mean,0.009693708609271524,0.011514003697757902,0.008648242321298525,0.10037492625194594,0.038196988636037904,0.8671696169491996,64.36,-0.6085577739150312,-0.665700154219396,-0.7337067706918267
