user_id,Precision@10 - macro,Recall@10 - macro,F1@10 - macro,NDCG@10,MRR@10,Gini - Top 10,CatalogCoverage - Top 10,DeltaGap - Top 10 | Blockbuster,DeltaGap - Top 10 | Niche,DeltaGap - Top 10 | Diverse
sys - fold1,0.02001655629139073,0.012735253521608921,0.012792112226463955,0.091124592200065,0.04704713287080837,0.8204812830806208,27.95,-0.45188555763469307,-0.594491667561559,-0.746429129691511
sys - mean,0.02001655629139073,0.012735253521608921,0.012792112226463955,0.091124592200065,0.04704713287080837,0.8204812830806208,27.95,-0.45188555763469307,-0.594491667561559,-0.746429129691511
