user_id,Precision@10 - macro,Recall@10 - macro,F1@10 - macro,NDCG@10,MRR@10,Gini - Top 10,CatalogCoverage - Top 10,DeltaGap - Top 10 | Blockbuster,DeltaGap - Top 10 | Niche,DeltaGap - Top 10 | Diverse
sys - fold1,0.6089578174208846,0.5928895319844332,0.5281173905775676,0.9357255821671998,0.8027426168656709,0.6548870562345191,78.55,0.0614299691686892,0.034743328587877896,-0.029361984679166512
sys - mean,0.6089578174208846,0.5928895319844332,0.5281173905775676,0.9357255821671998,0.8027426168656709,0.6548870562345191,78.55,0.0614299691686892,0.034743328587877896,-0.029361984679166512
