user_id,Precision@10 - macro,Recall@10 - macro,F1@10 - macro,NDCG@10,MRR@10,Gini - Top 10,CatalogCoverage - Top 10,DeltaGap - Top 10 | Blockbuster,DeltaGap - Top 10 | Niche,DeltaGap - Top 10 | Diverse
sys - fold1,0.014060947333554157,0.010102629885614034,0.009358024432308138,0.07000582268189033,0.0386317870418566,0.6900482428490528,33.46,-0.41916182145354886,-0.5648384186764529,-0.7885771638300024
sys - mean,0.014060947333554157,0.010102629885614034,0.009358024432308138,0.07000582268189033,0.0386317870418566,0.6900482428490528,33.46,-0.41916182145354886,-0.5648384186764529,-0.7885771638300024
