user_id,Precision@5 - macro,Recall@5 - macro,F1@5 - macro,NDCG@5,MRR@5,Gini - Top 5,CatalogCoverage - Top 5,DeltaGap - Top 5 | Blockbuster,DeltaGap - Top 5 | Niche,DeltaGap - Top 5 | Diverse
sys - fold1,0.5919633493403985,0.3607129886731022,0.37671765941196295,0.8398928380571323,0.7493072804548215,0.6381226968926869,70.91,0.17364543103120503,0.11311126387467739,-0.049938369127453607
sys - mean,0.5919633493403985,0.3607129886731022,0.37671765941196295,0.8398928380571323,0.7493072804548215,0.6381226968926869,70.91,0.17364543103120503,0.11311126387467739,-0.049938369127453607
