user_id,Precision@10 - macro,Recall@10 - macro,F1@10 - macro,NDCG@10,MRR@10,Gini - Top 10,CatalogCoverage - Top 10,DeltaGap - Top 10 | Blockbuster,DeltaGap - Top 10 | Niche,DeltaGap - Top 10 | Diverse
sys - fold1,0.5894712148810509,0.57350624866612,0.5093679268802304,0.9275547173284207,0.7526600246545602,0.6522643718336006,79.25,0.09383041184233934,0.0562889216824873,-0.01472151939588762
sys - mean,0.5894712148810509,0.57350624866612,0.5093679268802304,0.9275547173284207,0.7526600246545602,0.6522643718336006,79.25,0.09383041184233934,0.0562889216824873,-0.01472151939588762
