user_id,Precision@20 - macro,Recall@20 - macro,F1@20 - macro,NDCG@20,MRR@20,Gini - Top 20,CatalogCoverage - Top 20,DeltaGap - Top 20 | Blockbuster,DeltaGap - Top 20 | Niche,DeltaGap - Top 20 | Diverse
sys - fold1,0.01875,0.023507399945294574,0.01688421495761218,0.14146859706110929,0.05389742108007721,0.8029963010599676,39.18,-0.47806249637365544,-0.6091717601481408,-0.7333270193189652
sys - mean,0.01875,0.023507399945294574,0.01688421495761218,0.14146859706110929,0.05389742108007721,0.8029963010599676,39.18,-0.47806249637365544,-0.6091717601481408,-0.7333270193189652
