user_id,Precision@10 - macro,Recall@10 - macro,F1@10 - macro,NDCG@10,MRR@10,Gini - Top 10,CatalogCoverage - Top 10,DeltaGap - Top 10 | Blockbuster,DeltaGap - Top 10 | Niche,DeltaGap - Top 10 | Diverse
sys - fold1,0.5951126539924354,0.5817112402643756,0.5159421458084573,0.9315616027582071,0.7931949602714631,0.6657592754277163,78.74,0.0834954392936994,0.0637642308404318,0.011958851477803963
sys - mean,0.5951126539924354,0.5817112402643756,0.5159421458084573,0.9315616027582071,0.7931949602714631,0.6657592754277163,78.74,0.0834954392936994,0.0637642308404318,0.011958851477803963
