user_id,Precision@10 - macro,Recall@10 - macro,F1@10 - macro,NDCG@10,MRR@10,Gini - Top 10,CatalogCoverage - Top 10,DeltaGap - Top 10 | Blockbuster,DeltaGap - Top 10 | Niche,DeltaGap - Top 10 | Diverse
sys - fold1,0.6760671829734434,0.629023750280027,0.5681542466055896,0.9534839676650172,0.8889007187284761,0.7173470048408452,71.26,0.29803720231563935,0.3108571024269299,0.09971667842062541
sys - mean,0.6760671829734434,0.629023750280027,0.5681542466055896,0.9534839676650172,0.8889007187284761,0.7173470048408452,71.26,0.29803720231563935,0.3108571024269299,0.09971667842062541
