user_id,Precision@10 - macro,Recall@10 - macro,F1@10 - macro,NDCG@10,MRR@10,Gini - Top 10,CatalogCoverage - Top 10,DeltaGap - Top 10 | Blockbuster,DeltaGap - Top 10 | Niche,DeltaGap - Top 10 | Diverse
sys - fold1,0.672135170293283,0.6216067909227809,0.5640581513586859,0.945322186771404,0.8455885367391989,0.7029772295105693,72.99,0.2547340754126636,0.2144095726404303,0.05005225801450211
sys - mean,0.672135170293283,0.6216067909227809,0.5640581513586859,0.945322186771404,0.8455885367391989,0.7029772295105693,72.99,0.2547340754126636,0.2144095726404303,0.05005225801450211
