user_id,Precision@5 - macro,Recall@5 - macro,F1@5 - macro,NDCG@5,MRR@5,Gini - Top 5,CatalogCoverage - Top 5,DeltaGap - Top 5 | Blockbuster,DeltaGap - Top 5 | Niche,DeltaGap - Top 5 | Diverse
sys - fold1,0.6284437086092715,0.3723366592613753,0.39279683929988507,0.8518425566237017,0.7682119205298014,0.6333828327805906,72.83,0.15467077197397747,0.09424590946216448,-0.08302058240898587
sys - mean,0.6284437086092715,0.3723366592613753,0.39279683929988507,0.8518425566237017,0.7682119205298014,0.6333828327805906,72.83,0.15467077197397747,0.09424590946216448,-0.08302058240898587
