user_id,Precision@10 - macro,Recall@10 - macro,F1@10 - macro,NDCG@10,MRR@10,Gini - Top 10,CatalogCoverage - Top 10,DeltaGap - Top 10 | Blockbuster,DeltaGap - Top 10 | Niche,DeltaGap - Top 10 | Diverse
sys - fold1,0.6207491064858615,0.58926761828564,0.5283903867933096,0.9313791179764875,0.7679208714390834,0.6630202786994703,78.76,0.12637939547804855,0.08289479392932014,-0.004792469510461471
sys - mean,0.6207491064858615,0.58926761828564,0.5283903867933096,0.9313791179764875,0.7679208714390834,0.6630202786994703,78.76,0.12637939547804855,0.08289479392932014,-0.004792469510461471
