user_id,Precision@10 - macro,Recall@10 - macro,F1@10 - macro,NDCG@10,MRR@10,Gini - Top 10,CatalogCoverage - Top 10,DeltaGap - Top 10 | Blockbuster,DeltaGap - Top 10 | Niche,DeltaGap - Top 10 | Diverse
sys - fold1,0.6412321172258237,0.6100071010851738,0.548342589871279,0.9414379213250074,0.829767228189719,0.6648849241254408,78.41,0.10204246973800159,0.07215655568584259,-0.0043285559283837245
sys - mean,0.6412321172258237,0.6100071010851738,0.548342589871279,0.9414379213250074,0.829767228189719,0.6648849241254408,78.41,0.10204246973800159,0.07215655568584259,-0.0043285559283837245
