user_id,Precision@10 - macro,Recall@10 - macro,F1@10 - macro,NDCG@10,MRR@10,Gini - Top 10,CatalogCoverage - Top 10,DeltaGap - Top 10 | Blockbuster,DeltaGap - Top 10 | Niche,DeltaGap - Top 10 | Diverse
sys - fold1,0.6638789633240519,0.6191881944066747,0.5604756461869834,0.9481887059371776,0.869439711724787,0.7010655808136892,74.26,0.2117713879259673,0.17249357365177576,0.0825598725863608
sys - mean,0.6638789633240519,0.6191881944066747,0.5604756461869834,0.9481887059371776,0.869439711724787,0.7010655808136892,74.26,0.2117713879259673,0.17249357365177576,0.0825598725863608
