user_id,Precision@10 - macro,Recall@10 - macro,F1@10 - macro,NDCG@10,MRR@10,Gini - Top 10,CatalogCoverage - Top 10,DeltaGap - Top 10 | Blockbuster,DeltaGap - Top 10 | Niche,DeltaGap - Top 10 | Diverse
sys - fold1,0.052426702004306776,0.030702532615711244,0.031702355951847484,0.1628829708489427,0.14667204356205515,0.7121410371193311,91.15,-0.006583181600627476,-0.20495671718705932,-0.5138857863795137
sys - mean,0.052426702004306776,0.030702532615711244,0.031702355951847484,0.1628829708489427,0.14667204356205515,0.7121410371193311,91.15,-0.006583181600627476,-0.20495671718705932,-0.5138857863795137
