user_id,Precision@10 - macro,Recall@10 - macro,F1@10 - macro,NDCG@10,MRR@10,Gini - Top 10,CatalogCoverage - Top 10,DeltaGap - Top 10 | Blockbuster,DeltaGap - Top 10 | Niche,DeltaGap - Top 10 | Diverse
sys - fold1,0.5994198071060653,0.5870289467971216,0.5218686431472783,0.9361897548074011,0.8082525228634501,0.7218905431978042,67.97,0.12589712808910655,0.1314964101448279,0.07719869012686817
sys - mean,0.5994198071060653,0.5870289467971216,0.5218686431472783,0.9361897548074011,0.8082525228634501,0.7218905431978042,67.97,0.12589712808910655,0.1314964101448279,0.07719869012686817
