user_id,Precision@5 - macro,Recall@5 - macro,F1@5 - macro,NDCG@5,MRR@5,Gini - Top 5,CatalogCoverage - Top 5,DeltaGap - Top 5 | Blockbuster,DeltaGap - Top 5 | Niche,DeltaGap - Top 5 | Diverse
sys - fold1,0.6669675389201722,0.3993104580791755,0.4223875951073127,0.8681558932662066,0.8289637849177431,0.6518692634399015,69.97,0.17460687007745654,0.1251732606220518,-0.05447926781456566
sys - mean,0.6669675389201722,0.3993104580791755,0.4223875951073127,0.8681558932662066,0.8289637849177431,0.6518692634399015,69.97,0.17460687007745654,0.1251732606220518,-0.05447926781456566
