user_id,Precision@5 - macro,Recall@5 - macro,F1@5 - macro,NDCG@5,MRR@5,Gini - Top 5,CatalogCoverage - Top 5,DeltaGap - Top 5 | Blockbuster,DeltaGap - Top 5 | Niche,DeltaGap - Top 5 | Diverse
sys - fold1,0.63466059602649,0.38775185495925785,0.4058099556113837,0.8595193106583672,0.81716059602649,0.7582309149779771,49.35,0.2686189367714131,0.2580476417794487,0.12876136091505827
sys - mean,0.63466059602649,0.38775185495925785,0.4058099556113837,0.8595193106583672,0.81716059602649,0.7582309149779771,49.35,0.2686189367714131,0.2580476417794487,0.12876136091505827
