user_id,Precision@5 - macro,Recall@5 - macro,F1@5 - macro,NDCG@5,MRR@5,Gini - Top 5,CatalogCoverage - Top 5,DeltaGap - Top 5 | Blockbuster,DeltaGap - Top 5 | Niche,DeltaGap - Top 5 | Diverse
sys - fold1,0.6646771523178808,0.39722727288292436,0.42050664225432194,0.8660090521705702,0.8115093818984547,0.6571353541731576,71.29,0.19303739487522653,0.13430878022551002,-0.05022896512709428
sys - mean,0.6646771523178808,0.39722727288292436,0.42050664225432194,0.8660090521705702,0.8115093818984547,0.6571353541731576,71.29,0.19303739487522653,0.13430878022551002,-0.05022896512709428
