user_id,Precision@10 - macro,Recall@10 - macro,F1@10 - macro,NDCG@10,MRR@10,Gini - Top 10,CatalogCoverage - Top 10,DeltaGap - Top 10 | Blockbuster,DeltaGap - Top 10 | Niche,DeltaGap - Top 10 | Diverse
sys - fold1,0.586835951671162,0.583833788656418,0.5148142976063056,0.9306735761710084,0.7774640898647192,0.6428136440787536,81.84,0.05022759472847623,0.03323284130663925,-0.04291244805749613
sys - mean,0.586835951671162,0.583833788656418,0.5148142976063056,0.9306735761710084,0.7774640898647192,0.6428136440787536,81.84,0.05022759472847623,0.03323284130663925,-0.04291244805749613
