user_id,Precision@10 - macro,Recall@10 - macro,F1@10 - macro,NDCG@10,MRR@10,Gini - Top 10,CatalogCoverage - Top 10,DeltaGap - Top 10 | Blockbuster,DeltaGap - Top 10 | Niche,DeltaGap - Top 10 | Diverse
sys - fold1,0.6432325501944707,0.610551718938755,0.5494859784244609,0.9404427559055683,0.8128007726269315,0.6722089839553937,79.33,0.11323033304410804,0.08430564378422276,-0.00018704328666912343
sys - mean,0.6432325501944707,0.610551718938755,0.5494859784244609,0.9404427559055683,0.8128007726269315,0.6722089839553937,79.33,0.11323033304410804,0.08430564378422276,-0.00018704328666912343
