user_id,Precision@20 - macro,Recall@20 - macro,F1@20 - macro,NDCG@20,MRR@20,Gini - Top 20,CatalogCoverage - Top 20,DeltaGap - Top 20 | Blockbuster,DeltaGap - Top 20 | Niche,DeltaGap - Top 20 | Diverse
sys - fold1,0.005092745942365021,0.005263428755278091,0.004081679767401892,0.04704823133101933,0.017936705833425732,0.7730739823441853,65.03,-0.7170589019853355,-0.7929086735761371,-0.8983672224105126
sys - mean,0.005092745942365021,0.005263428755278091,0.004081679767401892,0.04704823133101933,0.017936705833425732,0.7730739823441853,65.03,-0.7170589019853355,-0.7929086735761371,-0.8983672224105126
