user_id,Precision@10 - macro,Recall@10 - macro,F1@10 - macro,NDCG@10,MRR@10,Gini - Top 10,CatalogCoverage - Top 10,DeltaGap - Top 10 | Blockbuster,DeltaGap - Top 10 | Niche,DeltaGap - Top 10 | Diverse
sys - fold1,0.5988127430884053,0.5871244715277742,0.5220234381625254,0.9363745169259581,0.8064457847156524,0.7202293729936068,68.32,0.1272453956852582,0.1140409895091047,0.07792059944861243
sys - mean,0.5988127430884053,0.5871244715277742,0.5220234381625254,0.9363745169259581,0.8064457847156524,0.7202293729936068,68.32,0.1272453956852582,0.1140409895091047,0.07792059944861243
