user_id,Precision@5 - macro,Recall@5 - macro,F1@5 - macro,NDCG@5,MRR@5,Gini - Top 5,CatalogCoverage - Top 5,DeltaGap - Top 5 | Blockbuster,DeltaGap - Top 5 | Niche,DeltaGap - Top 5 | Diverse
sys - fold1,0.6235347682119206,0.38403737441384944,0.40274694656486804,0.8575780353587134,0.8050662251655629,0.733469596251983,53.16,0.24167495655275076,0.2137484088910326,0.09794408578395648
sys - mean,0.6235347682119206,0.38403737441384944,0.40274694656486804,0.8575780353587134,0.8050662251655629,0.733469596251983,53.16,0.24167495655275076,0.2137484088910326,0.09794408578395648
