user_id,Precision@10 - macro,Recall@10 - macro,F1@10 - macro,NDCG@10,MRR@10,Gini - Top 10,CatalogCoverage - Top 10,DeltaGap - Top 10 | Blockbuster,DeltaGap - Top 10 | Niche,DeltaGap - Top 10 | Diverse
sys - fold1,0.6167869824973651,0.5946553027463102,0.5311505882194948,0.9364583718488441,0.8048737439447822,0.6492084822573296,79.98,0.06003430268666486,0.029899377896387483,-0.03920577547062885
sys - mean,0.6167869824973651,0.5946553027463102,0.5311505882194948,0.9364583718488441,0.8048737439447822,0.6492084822573296,79.98,0.06003430268666486,0.029899377896387483,-0.03920577547062885
