user_id,Precision@10 - macro,Recall@10 - macro,F1@10 - macro,NDCG@10,MRR@10,Gini - Top 10,CatalogCoverage - Top 10,DeltaGap - Top 10 | Blockbuster,DeltaGap - Top 10 | Niche,DeltaGap - Top 10 | Diverse
sys - fold1,0.05086092715231789,0.034317867683518216,0.03294361361877573,0.19217409744572997,0.15870125091979398,0.8696153037543766,22.1,0.013847973685384873,-0.11520422327521111,-0.29004575493766493
sys - mean,0.05086092715231789,0.034317867683518216,0.03294361361877573,0.19217409744572997,0.15870125091979398,0.8696153037543766,22.1,0.013847973685384873,-0.11520422327521111,-0.29004575493766493
