user_id,Precision@5 - macro,Recall@5 - macro,F1@5 - macro,NDCG@5,MRR@5,Gini - Top 5,CatalogCoverage - Top 5,DeltaGap - Top 5 | Blockbuster,DeltaGap - Top 5 | Niche,DeltaGap - Top 5 | Diverse
sys - fold1,0.5948161642928121,0.37409866502267947,0.3879061679972778,0.8446532997095664,0.773120238489566,0.6321315500867348,72.5,0.12646131870206792,0.08152809296198667,-0.04787871780326367
sys - mean,0.5948161642928121,0.37409866502267947,0.3879061679972778,0.8446532997095664,0.773120238489566,0.6321315500867348,72.5,0.12646131870206792,0.08152809296198667,-0.04787871780326367
