user_id,Precision@5 - macro,Recall@5 - macro,F1@5 - macro,NDCG@5,MRR@5,Gini - Top 5,CatalogCoverage - Top 5,DeltaGap - Top 5 | Blockbuster,DeltaGap - Top 5 | Niche,DeltaGap - Top 5 | Diverse
sys - fold1,0.622798013245033,0.3831330215064702,0.40128317516638057,0.8573653311983341,0.8064293598233995,0.7303769165836378,51.81,0.2253352760853584,0.2241773879861495,0.10239101412776025
sys - mean,0.622798013245033,0.3831330215064702,0.40128317516638057,0.8573653311983341,0.8064293598233995,0.7303769165836378,51.81,0.2253352760853584,0.2241773879861495,0.10239101412776025
