user_id,Precision@5 - macro,Recall@5 - macro,F1@5 - macro,NDCG@5,MRR@5,Gini - Top 5,CatalogCoverage - Top 5,DeltaGap - Top 5 | Blockbuster,DeltaGap - Top 5 | Niche,DeltaGap - Top 5 | Diverse
sys - fold1,0.7067942134614322,0.4118018896516753,0.43936829095901464,0.8833271232153875,0.8686019546132185,0.6960029524608782,62.74,0.34791305991782223,0.3203205647918005,0.09117573894392086
sys - mean,0.7067942134614322,0.4118018896516753,0.43936829095901464,0.8833271232153875,0.8686019546132185,0.6960029524608782,62.74,0.34791305991782223,0.3203205647918005,0.09117573894392086
