user_id,Precision@5 - macro,Recall@5 - macro,F1@5 - macro,NDCG@5,MRR@5,Gini - Top 5,CatalogCoverage - Top 5,DeltaGap - Top 5 | Blockbuster,DeltaGap - Top 5 | Niche,DeltaGap - Top 5 | Diverse
sys - fold1,0.6183029801324503,0.38016275562836815,0.3978672325684852,0.8558720365114296,0.803476821192053,0.7451688108615356,52.4,0.24341655706530566,0.21737694005839567,0.10055560144454123
sys - mean,0.6183029801324503,0.38016275562836815,0.3978672325684852,0.8558720365114296,0.803476821192053,0.7451688108615356,52.4,0.24341655706530566,0.21737694005839567,0.10055560144454123
