user_id,Precision@5 - macro,Recall@5 - macro,F1@5 - macro,NDCG@5,MRR@5,Gini - Top 5,CatalogCoverage - Top 5,DeltaGap - Top 5 | Blockbuster,DeltaGap - Top 5 | Niche,DeltaGap - Top 5 | Diverse
sys - fold1,0.6403543633051829,0.3863550246673803,0.4066536586089823,0.8582819158913909,0.8031544957774466,0.6344006185460572,71.4,0.12776071630248576,0.05758180914680179,-0.08570889441553416
sys - mean,0.6403543633051829,0.3863550246673803,0.4066536586089823,0.8582819158913909,0.8031544957774466,0.6344006185460572,71.4,0.12776071630248576,0.05758180914680179,-0.08570889441553416
