user_id,Precision@20 - macro,Recall@20 - macro,F1@20 - macro,NDCG@20,MRR@20,Gini - Top 20,CatalogCoverage - Top 20,DeltaGap - Top 20 | Blockbuster,DeltaGap - Top 20 | Niche,DeltaGap - Top 20 | Diverse
sys - fold1,0.009978469691950978,0.01068784592156467,0.008194158327755456,0.08550586396567642,0.03515949093240412,0.4494874703539725,99.43,-0.5593113583572108,-0.6400488110574407,-0.7494341793911313
sys - mean,0.009978469691950978,0.01068784592156467,0.008194158327755456,0.08550586396567642,0.03515949093240412,0.4494874703539725,99.43,-0.5593113583572108,-0.6400488110574407,-0.7494341793911313
