user_id,Precision@5 - macro,Recall@5 - macro,F1@5 - macro,NDCG@5,MRR@5,Gini - Top 5,CatalogCoverage - Top 5,DeltaGap - Top 5 | Blockbuster,DeltaGap - Top 5 | Niche,DeltaGap - Top 5 | Diverse
sys - fold1,0.6980460341116079,0.4089726601289667,0.43446017972357304,0.8796641590368965,0.8625158690732462,0.7047152926612819,63.19,0.3561593988744276,0.33922401358710536,0.10024384251089358
sys - mean,0.6980460341116079,0.4089726601289667,0.43446017972357304,0.8796641590368965,0.8625158690732462,0.7047152926612819,63.19,0.3561593988744276,0.33922401358710536,0.10024384251089358
