user_id,Precision@5 - macro,Recall@5 - macro,F1@5 - macro,NDCG@5,MRR@5,Gini - Top 5,CatalogCoverage - Top 5,DeltaGap - Top 5 | Blockbuster,DeltaGap - Top 5 | Niche,DeltaGap - Top 5 | Diverse
sys - fold1,0.7028044606381804,0.40908203266048404,0.43668909615439444,0.8808259196147101,0.866514850391962,0.6961246103611176,62.92,0.3279148035645117,0.3218519698885326,0.09239380049188319
sys - mean,0.7028044606381804,0.40908203266048404,0.43668909615439444,0.8808259196147101,0.866514850391962,0.6961246103611176,62.92,0.3279148035645117,0.3218519698885326,0.09239380049188319
