user_id,Precision@10 - macro,Recall@10 - macro,F1@10 - macro,NDCG@10,MRR@10,Gini - Top 10,CatalogCoverage - Top 10,DeltaGap - Top 10 | Blockbuster,DeltaGap - Top 10 | Niche,DeltaGap - Top 10 | Diverse
sys - fold1,0.6583569930125082,0.6170546529699126,0.5572758323226795,0.9473596638666031,0.861067735032624,0.6955700856255935,73.45,0.19292488061022162,0.16235232337465835,0.06923419374639633
sys - mean,0.6583569930125082,0.6170546529699126,0.5572758323226795,0.9473596638666031,0.861067735032624,0.6955700856255935,73.45,0.19292488061022162,0.16235232337465835,0.06923419374639633
