user_id,Precision@10 - macro,Recall@10 - macro,F1@10 - macro,NDCG@10,MRR@10,Gini - Top 10,CatalogCoverage - Top 10,DeltaGap - Top 10 | Blockbuster,DeltaGap - Top 10 | Niche,DeltaGap - Top 10 | Diverse
sys - fold1,0.6181845780206436,0.5886454203893275,0.5278563034981046,0.9327284476567749,0.7806855308221429,0.6578032143218604,79.2,0.0989938456512012,0.06360208314216842,-0.014369343409120359
sys - mean,0.6181845780206436,0.5886454203893275,0.5278563034981046,0.9327284476567749,0.7806855308221429,0.6578032143218604,79.2,0.0989938456512012,0.06360208314216842,-0.014369343409120359
