user_id,Precision@20 - macro,Recall@20 - macro,F1@20 - macro,NDCG@20,MRR@20,Gini - Top 20,CatalogCoverage - Top 20,DeltaGap - Top 20 | Blockbuster,DeltaGap - Top 20 | Niche,DeltaGap - Top 20 | Diverse
sys - fold1,0.003395163961576681,0.003877686959270247,0.002783683622388678,0.028421406818128606,0.008255288411089596,0.6863491214930807,24.39,-0.7959670276400164,-0.8664671114378656,-0.9086383486426926
sys - mean,0.003395163961576681,0.003877686959270247,0.002783683622388678,0.028421406818128606,0.008255288411089596,0.6863491214930807,24.39,-0.7959670276400164,-0.8664671114378656,-0.9086383486426926
