user_id,Precision@10 - macro,Recall@10 - macro,F1@10 - macro,NDCG@10,MRR@10,Gini - Top 10,CatalogCoverage - Top 10,DeltaGap - Top 10 | Blockbuster,DeltaGap - Top 10 | Niche,DeltaGap - Top 10 | Diverse
sys - fold1,0.6636888005740466,0.6186170703078956,0.5606589628586506,0.9473875476201192,0.8673829105523094,0.6997033259881654,73.83,0.20833076414579885,0.16993067581135748,0.07405545271211923
sys - mean,0.6636888005740466,0.6186170703078956,0.5606589628586506,0.9473875476201192,0.8673829105523094,0.6997033259881654,73.83,0.20833076414579885,0.16993067581135748,0.07405545271211923
