user_id,Precision@20 - macro,Recall@20 - macro,F1@20 - macro,NDCG@20,MRR@20,Gini - Top 20,CatalogCoverage - Top 20,DeltaGap - Top 20 | Blockbuster,DeltaGap - Top 20 | Niche,DeltaGap - Top 20 | Diverse
sys - fold1,0.02302152317880795,0.029642219170429883,0.020961749043546883,0.16407555787478348,0.06410201977930921,0.8470433191953767,36.02,-0.44167098061560295,-0.5110157663214839,-0.6435788796104538
sys - mean,0.02302152317880795,0.029642219170429883,0.020961749043546883,0.16407555787478348,0.06410201977930921,0.8470433191953767,36.02,-0.44167098061560295,-0.5110157663214839,-0.6435788796104538
