user_id,Precision@10 - macro,Recall@10 - macro,F1@10 - macro,NDCG@10,MRR@10,Gini - Top 10,CatalogCoverage - Top 10,DeltaGap - Top 10 | Blockbuster,DeltaGap - Top 10 | Niche,DeltaGap - Top 10 | Diverse
sys - fold1,0.6424735953682451,0.6107089590923449,0.5486003909663263,0.9416787213484542,0.8244163636411441,0.6696016858575315,79.82,0.11352098403329787,0.07903810273847899,-0.014951058855827449
sys - mean,0.6424735953682451,0.6107089590923449,0.5486003909663263,0.9416787213484542,0.8244163636411441,0.6696016858575315,79.82,0.11352098403329787,0.07903810273847899,-0.014951058855827449
