user_id,Precision@10 - macro,Recall@10 - macro,F1@10 - macro,NDCG@10,MRR@10,Gini - Top 10,CatalogCoverage - Top 10,DeltaGap - Top 10 | Blockbuster,DeltaGap - Top 10 | Niche,DeltaGap - Top 10 | Diverse
sys - fold1,0.599103561044601,0.5891435351365734,0.523009950076316,0.933341627509708,0.7984448361435774,0.6513518896475488,78.93,0.0690284900155839,0.04797952484969124,-0.00990535934174542
sys - mean,0.599103561044601,0.5891435351365734,0.523009950076316,0.933341627509708,0.7984448361435774,0.6513518896475488,78.93,0.0690284900155839,0.04797952484969124,-0.00990535934174542
