user_id,Precision@5 - macro,Recall@5 - macro,F1@5 - macro,NDCG@5,MRR@5,Gini - Top 5,CatalogCoverage - Top 5,DeltaGap - Top 5 | Blockbuster,DeltaGap - Top 5 | Niche,DeltaGap - Top 5 | Diverse
sys - fold1,0.7053927250648563,0.41176996660609966,0.43954117845502244,0.8813516499202969,0.8668598553844457,0.695973491168934,62.49,0.3383760330890425,0.30535764129817644,0.07491123332767945
sys - mean,0.7053927250648563,0.41176996660609966,0.43954117845502244,0.8813516499202969,0.8668598553844457,0.695973491168934,62.49,0.3383760330890425,0.30535764129817644,0.07491123332767945
