user_id,Precision@10 - macro,Recall@10 - macro,F1@10 - macro,NDCG@10,MRR@10,Gini - Top 10,CatalogCoverage - Top 10,DeltaGap - Top 10 | Blockbuster,DeltaGap - Top 10 | Niche,DeltaGap - Top 10 | Diverse
sys - fold1,0.5929878192999053,0.5845089764427249,0.5178785243308325,0.9346956787432421,0.8060705087774624,0.7279429074651406,69.72,0.13284413207960846,0.11707143868809848,0.07924857350314568
sys - mean,0.5929878192999053,0.5845089764427249,0.5178785243308325,0.9346956787432421,0.8060705087774624,0.7279429074651406,69.72,0.13284413207960846,0.11707143868809848,0.07924857350314568
