user_id,Precision@5 - macro,Recall@5 - macro,F1@5 - macro,NDCG@5,MRR@5,Gini - Top 5,CatalogCoverage - Top 5,DeltaGap - Top 5 | Blockbuster,DeltaGap - Top 5 | Niche,DeltaGap - Top 5 | Diverse
sys - fold1,0.6707194522665783,0.4012253983049022,0.4236349845611709,0.8689842239731124,0.823151675777152,0.6544338650443595,71.48,0.19844878272841748,0.1099789213892703,-0.06877023248989335
sys - mean,0.6707194522665783,0.4012253983049022,0.4236349845611709,0.8689842239731124,0.823151675777152,0.6544338650443595,71.48,0.19844878272841748,0.1099789213892703,-0.06877023248989335
