user_id,Precision@10 - macro,Recall@10 - macro,F1@10 - macro,NDCG@10,MRR@10,Gini - Top 10,CatalogCoverage - Top 10,DeltaGap - Top 10 | Blockbuster,DeltaGap - Top 10 | Niche,DeltaGap - Top 10 | Diverse
sys - fold1,0.024420529801324503,0.015759341465451635,0.01555214092743729,0.10382534950822409,0.05634099390307999,0.851398306302165,24.88,-0.4253062831788473,-0.5188397082874041,-0.659404657110314
sys - mean,0.024420529801324503,0.015759341465451635,0.01555214092743729,0.10382534950822409,0.05634099390307999,0.851398306302165,24.88,-0.4253062831788473,-0.5188397082874041,-0.659404657110314
