user_id,Precision@10 - macro,Recall@10 - macro,F1@10 - macro,NDCG@10,MRR@10,Gini - Top 10,CatalogCoverage - Top 10,DeltaGap - Top 10 | Blockbuster,DeltaGap - Top 10 | Niche,DeltaGap - Top 10 | Diverse
sys - fold1,0.016661146074859225,0.012393516638563945,0.011488676131869992,0.08046966077917397,0.048427880040168875,0.713948241780551,41.82,-0.32763892756382534,-0.5528013544876766,-0.788202868845477
sys - mean,0.016661146074859225,0.012393516638563945,0.011488676131869992,0.08046966077917397,0.048427880040168875,0.713948241780551,41.82,-0.32763892756382534,-0.5528013544876766,-0.788202868845477
