user_id,Precision@10 - macro,Recall@10 - macro,F1@10 - macro,NDCG@10,MRR@10,Gini - Top 10,CatalogCoverage - Top 10,DeltaGap - Top 10 | Blockbuster,DeltaGap - Top 10 | Niche,DeltaGap - Top 10 | Diverse
sys - fold1,0.5879256113398212,0.576764974647778,0.5132271040569484,0.9278430408726955,0.7526435090984609,0.6366570239403443,80.57,0.06530483991957808,0.030261571439444118,-0.045553714350736255
sys - mean,0.5879256113398212,0.576764974647778,0.5132271040569484,0.9278430408726955,0.7526435090984609,0.6366570239403443,80.57,0.06530483991957808,0.030261571439444118,-0.045553714350736255
