user_id,Precision@10 - macro,Recall@10 - macro,F1@10 - macro,NDCG@10,MRR@10,Gini - Top 10,CatalogCoverage - Top 10,DeltaGap - Top 10 | Blockbuster,DeltaGap - Top 10 | Niche,DeltaGap - Top 10 | Diverse
sys - fold1,0.5777422284252886,0.5704025602225894,0.5032645399107168,0.9261659377687814,0.7500764869617328,0.6505298537205914,79.33,0.0727656124234427,0.05300382153339722,-0.020037394182843782
sys - mean,0.5777422284252886,0.5704025602225894,0.5032645399107168,0.9261659377687814,0.7500764869617328,0.6505298537205914,79.33,0.0727656124234427,0.05300382153339722,-0.020037394182843782
