user_id,Precision@10 - macro,Recall@10 - macro,F1@10 - macro,NDCG@10,MRR@10,Gini - Top 10,CatalogCoverage - Top 10,DeltaGap - Top 10 | Blockbuster,DeltaGap - Top 10 | Niche,DeltaGap - Top 10 | Diverse
sys - fold1,0.6057766712138297,0.5862554008992991,0.5217590716101465,0.9330323985700611,0.7912478939801345,0.6731532480611117,77.2,0.10395993387250652,0.07397986305694433,0.0010295322376881718
sys - mean,0.6057766712138297,0.5862554008992991,0.5217590716101465,0.9330323985700611,0.7912478939801345,0.6731532480611117,77.2,0.10395993387250652,0.07397986305694433,0.0010295322376881718
