user_id,Precision@5 - macro,Recall@5 - macro,F1@5 - macro,NDCG@5,MRR@5,Gini - Top 5,CatalogCoverage - Top 5,DeltaGap - Top 5 | Blockbuster,DeltaGap - Top 5 | Niche,DeltaGap - Top 5 | Diverse
sys - fold1,0.6182811723795331,0.3771376855126615,0.3941386577982987,0.8522165733775887,0.7955401004581332,0.6633062395930226,66.89,0.18528410204767803,0.12175117677856977,-0.024391125227956303
sys - mean,0.6182811723795331,0.3771376855126615,0.3941386577982987,0.8522165733775887,0.7955401004581332,0.6633062395930226,66.89,0.18528410204767803,0.12175117677856977,-0.024391125227956303
