user_id,Precision@5 - macro,Recall@5 - macro,F1@5 - macro,NDCG@5,MRR@5,Gini - Top 5,CatalogCoverage - Top 5,DeltaGap - Top 5 | Blockbuster,DeltaGap - Top 5 | Niche,DeltaGap - Top 5 | Diverse
sys - fold1,0.7214971844981781,0.41999720442856664,0.44723656148543145,0.8910049380918087,0.877986640167826,0.728477708819626,59.23,0.48363131458366543,0.4698317907073859,0.18064899806794987
sys - mean,0.7214971844981781,0.41999720442856664,0.44723656148543145,0.8910049380918087,0.877986640167826,0.728477708819626,59.23,0.48363131458366543,0.4698317907073859,0.18064899806794987
