user_id,Precision@10 - macro,Recall@10 - macro,F1@10 - macro,NDCG@10,MRR@10,Gini - Top 10,CatalogCoverage - Top 10,DeltaGap - Top 10 | Blockbuster,DeltaGap - Top 10 | Niche,DeltaGap - Top 10 | Diverse
sys - fold1,0.638372582112231,0.6135990397410573,0.5482891419374953,0.9405078599728719,0.7958575845044874,0.6687702508987018,79.68,0.11192790261563802,0.07694149494143764,-0.04311757784982763
sys - mean,0.638372582112231,0.6135990397410573,0.5482891419374953,0.9405078599728719,0.7958575845044874,0.6687702508987018,79.68,0.11192790261563802,0.07694149494143764,-0.04311757784982763
