user_id,Precision@10 - macro,Recall@10 - macro,F1@10 - macro,NDCG@10,MRR@10,Gini - Top 10,CatalogCoverage - Top 10,DeltaGap - Top 10 | Blockbuster,DeltaGap - Top 10 | Niche,DeltaGap - Top 10 | Diverse
sys - fold1,0.6535806265110901,0.6180766802755125,0.554918832916388,0.9499470996323296,0.8808041627246925,0.770946033248909,63.09,0.44698008450558574,0.4647479509679886,0.24103892554162767
sys - mean,0.6535806265110901,0.6180766802755125,0.554918832916388,0.9499470996323296,0.8808041627246925,0.770946033248909,63.09,0.44698008450558574,0.4647479509679886,0.24103892554162767
