user_id,Precision@5 - macro,Recall@5 - macro,F1@5 - macro,NDCG@5,MRR@5,Gini - Top 5,CatalogCoverage - Top 5,DeltaGap - Top 5 | Blockbuster,DeltaGap - Top 5 | Niche,DeltaGap - Top 5 | Diverse
sys - fold1,0.7351330462625594,0.4253313595811116,0.4553366380961694,0.8941180888474016,0.8913630341172574,0.7213436200975296,60.79,0.4715087629007732,0.46550433182562445,0.12398331870118402
sys - mean,0.7351330462625594,0.4253313595811116,0.4553366380961694,0.8941180888474016,0.8913630341172574,0.7213436200975296,60.79,0.4715087629007732,0.46550433182562445,0.12398331870118402
