user_id,Precision@10 - macro,Recall@10 - macro,F1@10 - macro,NDCG@10,MRR@10,Gini - Top 10,CatalogCoverage - Top 10,DeltaGap - Top 10 | Blockbuster,DeltaGap - Top 10 | Niche,DeltaGap - Top 10 | Diverse
sys - fold1,0.5608930477347172,0.5647685619034363,0.49590429179654055,0.9231751948445805,0.729848985525534,0.6383953951309358,81.65,0.05231231881011192,0.04390281760330589,-0.015409218548207575
sys - mean,0.5608930477347172,0.5647685619034363,0.49590429179654055,0.9231751948445805,0.729848985525534,0.6383953951309358,81.65,0.05231231881011192,0.04390281760330589,-0.015409218548207575
