user_id,Precision@10 - macro,Recall@10 - macro,F1@10 - macro,NDCG@10,MRR@10,Gini - Top 10,CatalogCoverage - Top 10,DeltaGap - Top 10 | Blockbuster,DeltaGap - Top 10 | Niche,DeltaGap - Top 10 | Diverse
sys - fold1,0.584466322400925,0.5805453203377868,0.513251048735738,0.932601262555913,0.7829052349416588,0.6695912851974729,77.9,0.08184767271951235,0.037574431208501874,-0.051745196959575995
sys - mean,0.584466322400925,0.5805453203377868,0.513251048735738,0.932601262555913,0.7829052349416588,0.6695912851974729,77.9,0.08184767271951235,0.037574431208501874,-0.051745196959575995
