user_id,Precision@10 - macro,Recall@10 - macro,F1@10 - macro,NDCG@10,MRR@10,Gini - Top 10,CatalogCoverage - Top 10,DeltaGap - Top 10 | Blockbuster,DeltaGap - Top 10 | Niche,DeltaGap - Top 10 | Diverse
sys - fold1,0.023385226896323285,0.013533581500371126,0.014322603497460291,0.12579120138501965,0.08830364043596903,0.6625822789114847,79.9,-0.33990237598203105,-0.49891238530531523,-0.6981735910516796
sys - mean,0.023385226896323285,0.013533581500371126,0.014322603497460291,0.12579120138501965,0.08830364043596903,0.6625822789114847,79.9,-0.33990237598203105,-0.49891238530531523,-0.6981735910516796
