user_id,Precision@10 - macro,Recall@10 - macro,F1@10 - macro,NDCG@10,MRR@10,Gini - Top 10,CatalogCoverage - Top 10,DeltaGap - Top 10 | Blockbuster,DeltaGap - Top 10 | Niche,DeltaGap - Top 10 | Diverse
sys - fold1,0.006754966887417219,0.005646347286871345,0.004977349811110416,0.039572952457216766,0.023360270156627776,0.4887465216929292,99.22,-0.5628947339084567,-0.6803057185981013,-0.8416423931023156
sys - mean,0.006754966887417219,0.005646347286871345,0.004977349811110416,0.039572952457216766,0.023360270156627776,0.4887465216929292,99.22,-0.5628947339084567,-0.6803057185981013,-0.8416423931023156
