user_id,Precision@10 - macro,Recall@10 - macro,F1@10 - macro,NDCG@10,MRR@10,Gini - Top 10,CatalogCoverage - Top 10,DeltaGap - Top 10 | Blockbuster,DeltaGap - Top 10 | Niche,DeltaGap - Top 10 | Diverse
sys - fold1,0.6615378955114054,0.611094887228366,0.5539187707297956,0.9414732141010826,0.8240962367286869,0.6943223811073639,76.2,0.1989052078588997,0.16946591747284473,0.04783151279568586
sys - mean,0.6615378955114054,0.611094887228366,0.5539187707297956,0.9414732141010826,0.8240962367286869,0.6943223811073639,76.2,0.1989052078588997,0.16946591747284473,0.04783151279568586
