user_id,Precision@5 - macro,Recall@5 - macro,F1@5 - macro,NDCG@5,MRR@5,Gini - Top 5,CatalogCoverage - Top 5,DeltaGap - Top 5 | Blockbuster,DeltaGap - Top 5 | Niche,DeltaGap - Top 5 | Diverse
sys - fold1,0.6759354304635761,0.4063770541713437,0.42938514000591294,0.8779316838066863,0.8634878587196468,0.7205654823814327,57.42,0.3955715784224105,0.4000235000685709,0.11207719120997274
sys - mean,0.6759354304635761,0.4063770541713437,0.42938514000591294,0.8779316838066863,0.8634878587196468,0.7205654823814327,57.42,0.3955715784224105,0.4000235000685709,0.11207719120997274
