user_id,Precision@10 - macro,Recall@10 - macro,F1@10 - macro,NDCG@10,MRR@10,Gini - Top 10,CatalogCoverage - Top 10,DeltaGap - Top 10 | Blockbuster,DeltaGap - Top 10 | Niche,DeltaGap - Top 10 | Diverse
sys - fold1,0.6539681225255919,0.613463358508417,0.5534084502329746,0.9448913414303636,0.851587893079281,0.6948092244895346,75.15,0.23353199526280713,0.1557991233718624,0.056375890402431336
sys - mean,0.6539681225255919,0.613463358508417,0.5534084502329746,0.9448913414303636,0.851587893079281,0.6948092244895346,75.15,0.23353199526280713,0.1557991233718624,0.056375890402431336
