user_id,Precision@10 - macro,Recall@10 - macro,F1@10 - macro,NDCG@10,MRR@10,Gini - Top 10,CatalogCoverage - Top 10,DeltaGap - Top 10 | Blockbuster,DeltaGap - Top 10 | Niche,DeltaGap - Top 10 | Diverse
sys - fold1,0.6316032008830021,0.6057900186854144,0.5420332274173442,0.9456497395968999,0.8644368232944392,0.7061536224405969,72.48,0.21089537825042057,0.18059952255296172,0.0659338493402761
sys - mean,0.6316032008830021,0.6057900186854144,0.5420332274173442,0.9456497395968999,0.8644368232944392,0.7061536224405969,72.48,0.21089537825042057,0.18059952255296172,0.0659338493402761
