user_id,Precision@5 - macro,Recall@5 - macro,F1@5 - macro,NDCG@5,MRR@5,Gini - Top 5,CatalogCoverage - Top 5,DeltaGap - Top 5 | Blockbuster,DeltaGap - Top 5 | Niche,DeltaGap - Top 5 | Diverse
sys - fold1,0.6825496688741721,0.38659868533787217,0.41428114089227286,0.8712794145611319,0.8225883002207506,0.6852571889684654,66.46,0.3324933416392179,0.30514410742609205,0.03171724040622313
sys - mean,0.6825496688741721,0.38659868533787217,0.41428114089227286,0.8712794145611319,0.8225883002207506,0.6852571889684654,66.46,0.3324933416392179,0.30514410742609205,0.03171724040622313
