user_id,Precision@10 - macro,Recall@10 - macro,F1@10 - macro,NDCG@10,MRR@10,Gini - Top 10,CatalogCoverage - Top 10,DeltaGap - Top 10 | Blockbuster,DeltaGap - Top 10 | Niche,DeltaGap - Top 10 | Diverse
sys - fold1,0.5783775491432777,0.5786235033808182,0.5119915300815965,0.9292395650875417,0.7712994060758961,0.7005338372918757,73.53,0.08211826417675225,0.05574391849889246,-0.0030013720610079808
sys - mean,0.5783775491432777,0.5786235033808182,0.5119915300815965,0.9292395650875417,0.7712994060758961,0.7005338372918757,73.53,0.08211826417675225,0.05574391849889246,-0.0030013720610079808
