user_id,Precision@5 - macro,Recall@5 - macro,F1@5 - macro,NDCG@5,MRR@5,Gini - Top 5,CatalogCoverage - Top 5,DeltaGap - Top 5 | Blockbuster,DeltaGap - Top 5 | Niche,DeltaGap - Top 5 | Diverse
sys - fold1,0.6117734724292101,0.37554053744611693,0.3925395466262711,0.8484108498314058,0.7849809571121047,0.6279493325379266,71.86,0.15317007145630188,0.08434356399985064,-0.06549839617468292
sys - mean,0.6117734724292101,0.37554053744611693,0.3925395466262711,0.8484108498314058,0.7849809571121047,0.6279493325379266,71.86,0.15317007145630188,0.08434356399985064,-0.06549839617468292
