user_id,Precision@10 - macro,Recall@10 - macro,F1@10 - macro,NDCG@10,MRR@10,Gini - Top 10,CatalogCoverage - Top 10,DeltaGap - Top 10 | Blockbuster,DeltaGap - Top 10 | Niche,DeltaGap - Top 10 | Diverse
sys - fold1,0.027516556291390725,0.022432437996738937,0.020280526684316104,0.1316869664729809,0.10907928623988228,0.6420410530672709,82.03,-0.35212072402557487,-0.5391016613667804,-0.7249133868959521
sys - mean,0.027516556291390725,0.022432437996738937,0.020280526684316104,0.1316869664729809,0.10907928623988228,0.6420410530672709,82.03,-0.35212072402557487,-0.5391016613667804,-0.7249133868959521
