user_id,Precision@5 - macro,Recall@5 - macro,F1@5 - macro,NDCG@5,MRR@5,Gini - Top 5,CatalogCoverage - Top 5,DeltaGap - Top 5 | Blockbuster,DeltaGap - Top 5 | Niche,DeltaGap - Top 5 | Diverse
sys - fold1,0.5862748344370861,0.36841852581132406,0.38270282542968176,0.8410816231782399,0.7638079470198675,0.6218629450527484,74.07,0.12581277361852822,0.07101470124005314,-0.0606503964551383
sys - mean,0.5862748344370861,0.36841852581132406,0.38270282542968176,0.8410816231782399,0.7638079470198675,0.6218629450527484,74.07,0.12581277361852822,0.07101470124005314,-0.0606503964551383
