user_id,Precision@10 - macro,Recall@10 - macro,F1@10 - macro,NDCG@10,MRR@10,Gini - Top 10,CatalogCoverage - Top 10,DeltaGap - Top 10 | Blockbuster,DeltaGap - Top 10 | Niche,DeltaGap - Top 10 | Diverse
sys - fold1,0.6542897094809663,0.6133587178207587,0.5525815089413286,0.9451211339109746,0.8560050807318565,0.69674651040834,76.25,0.22445462974713487,0.16682715509341267,0.05146563557312325
sys - mean,0.6542897094809663,0.6133587178207587,0.5525815089413286,0.9451211339109746,0.8560050807318565,0.69674651040834,76.25,0.22445462974713487,0.16682715509341267,0.05146563557312325
