user_id,Precision@10 - macro,Recall@10 - macro,F1@10 - macro,NDCG@10,MRR@10,Gini - Top 10,CatalogCoverage - Top 10,DeltaGap - Top 10 | Blockbuster,DeltaGap - Top 10 | Niche,DeltaGap - Top 10 | Diverse
sys - fold1,0.6764921370999544,0.6263927724291211,0.5684012992808944,0.9510266066271859,0.8791621318948248,0.7008260391587232,73.34,0.22544893942797464,0.17378347392186408,0.0667844376602039
sys - mean,0.6764921370999544,0.6263927724291211,0.5684012992808944,0.9510266066271859,0.8791621318948248,0.7008260391587232,73.34,0.22544893942797464,0.17378347392186408,0.0667844376602039
