user_id,Precision@20 - macro,Recall@20 - macro,F1@20 - macro,NDCG@20,MRR@20,Gini - Top 20,CatalogCoverage - Top 20,DeltaGap - Top 20 | Blockbuster,DeltaGap - Top 20 | Niche,DeltaGap - Top 20 | Diverse
sys - fold1,0.0059437086092715245,0.009556396429421021,0.0058617367766643745,0.05864605931090967,0.02611718610869012,0.4594199232614771,99.43,-0.6080288781922819,-0.6936179742171606,-0.8353977419918148
sys - mean,0.0059437086092715245,0.009556396429421021,0.0058617367766643745,0.05864605931090967,0.02611718610869012,0.4594199232614771,99.43,-0.6080288781922819,-0.6936179742171606,-0.8353977419918148
