user_id,Precision@5 - macro,Recall@5 - macro,F1@5 - macro,NDCG@5,MRR@5,Gini - Top 5,CatalogCoverage - Top 5,DeltaGap - Top 5 | Blockbuster,DeltaGap - Top 5 | Niche,DeltaGap - Top 5 | Diverse
sys - fold1,0.5986258278145695,0.3767594478987824,0.3921735309996675,0.8498357549939733,0.7806098233995585,0.6726190192395582,66.54,0.17631458690589405,0.09828316393632287,-0.07283704987429183
sys - mean,0.5986258278145695,0.3767594478987824,0.3921735309996675,0.8498357549939733,0.7806098233995585,0.6726190192395582,66.54,0.17631458690589405,0.09828316393632287,-0.07283704987429183
