user_id,Precision@5 - macro,Recall@5 - macro,F1@5 - macro,NDCG@5,MRR@5,Gini - Top 5,CatalogCoverage - Top 5,DeltaGap - Top 5 | Blockbuster,DeltaGap - Top 5 | Niche,DeltaGap - Top 5 | Diverse
sys - fold1,0.6883653527658166,0.4035569254402009,0.4286336218804825,0.8767316278772237,0.8509191785359391,0.691347956552362,65.0,0.3445232161326094,0.29990994533085175,0.056698294611367876
sys - mean,0.6883653527658166,0.4035569254402009,0.4286336218804825,0.8767316278772237,0.8509191785359391,0.691347956552362,65.0,0.3445232161326094,0.29990994533085175,0.056698294611367876
