user_id,Precision@10 - macro,Recall@10 - macro,F1@10 - macro,NDCG@10,MRR@10,Gini - Top 10,CatalogCoverage - Top 10,DeltaGap - Top 10 | Blockbuster,DeltaGap - Top 10 | Niche,DeltaGap - Top 10 | Diverse
sys - fold1,0.6044670619807232,0.5837694157754411,0.5200604339567602,0.930437046600559,0.7728404261191145,0.6419135192984171,80.9,0.06642314046563322,0.031769645512257694,-0.053667930910873
sys - mean,0.6044670619807232,0.5837694157754411,0.5200604339567602,0.930437046600559,0.7728404261191145,0.6419135192984171,80.9,0.06642314046563322,0.031769645512257694,-0.053667930910873
