user_id,Precision@10 - macro,Recall@10 - macro,F1@10 - macro,NDCG@10,MRR@10,Gini - Top 10,CatalogCoverage - Top 10,DeltaGap - Top 10 | Blockbuster,DeltaGap - Top 10 | Niche,DeltaGap - Top 10 | Diverse
sys - fold1,0.6357939792914958,0.6067323764113861,0.5448415219496741,0.9452670096688197,0.8669555476716073,0.7101972194686479,72.96,0.21295139815262384,0.1730550759533676,0.06617510263575979
sys - mean,0.6357939792914958,0.6067323764113861,0.5448415219496741,0.9452670096688197,0.8669555476716073,0.7101972194686479,72.96,0.21295139815262384,0.1730550759533676,0.06617510263575979
