user_id,Precision@5 - macro,Recall@5 - macro,F1@5 - macro,NDCG@5,MRR@5,Gini - Top 5,CatalogCoverage - Top 5,DeltaGap - Top 5 | Blockbuster,DeltaGap - Top 5 | Niche,DeltaGap - Top 5 | Diverse
sys - fold1,0.6740891023517721,0.3831107463540866,0.4100329941552861,0.8678477421185647,0.8115822016120129,0.6778848243384141,65.65,0.31842502376973575,0.2569151695041758,0.01661889040325099
sys - mean,0.6740891023517721,0.3831107463540866,0.4100329941552861,0.8678477421185647,0.8115822016120129,0.6778848243384141,65.65,0.31842502376973575,0.2569151695041758,0.01661889040325099
