user_id,Precision@10 - macro,Recall@10 - macro,F1@10 - macro,NDCG@10,MRR@10,Gini - Top 10,CatalogCoverage - Top 10,DeltaGap - Top 10 | Blockbuster,DeltaGap - Top 10 | Niche,DeltaGap - Top 10 | Diverse
sys - fold1,0.6024148533585619,0.5895865067006734,0.524429629000953,0.9346192618358733,0.7988936192578576,0.6529943321509956,78.79,0.07949227128764012,0.05203324004539568,-0.011566704449661215
sys - mean,0.6024148533585619,0.5895865067006734,0.524429629000953,0.9346192618358733,0.7988936192578576,0.6529943321509956,78.79,0.07949227128764012,0.05203324004539568,-0.011566704449661215
