user_id,Precision@10 - macro,Recall@10 - macro,F1@10 - macro,NDCG@10,MRR@10,Gini - Top 10,CatalogCoverage - Top 10,DeltaGap - Top 10 | Blockbuster,DeltaGap - Top 10 | Niche,DeltaGap - Top 10 | Diverse
sys - fold1,0.5879115421002838,0.5804480936252656,0.513952520435879,0.9289158785466648,0.7610238620834648,0.6392087905830158,80.57,0.06462167854896096,0.028301571096991454,-0.03691578265591287
sys - mean,0.5879115421002838,0.5804480936252656,0.513952520435879,0.9289158785466648,0.7610238620834648,0.6392087905830158,80.57,0.06462167854896096,0.028301571096991454,-0.03691578265591287
