user_id,Precision@10 - macro,Recall@10 - macro,F1@10 - macro,NDCG@10,MRR@10,Gini - Top 10,CatalogCoverage - Top 10,DeltaGap - Top 10 | Blockbuster,DeltaGap - Top 10 | Niche,DeltaGap - Top 10 | Diverse
sys - fold1,0.5770671712393567,0.5774502612611746,0.5095540019579184,0.9307897679273276,0.7647347708399033,0.6561442989953242,79.03,0.06983054238774641,0.023761207527868575,-0.08688872520461895
sys - mean,0.5770671712393567,0.5774502612611746,0.5095540019579184,0.9307897679273276,0.7647347708399033,0.6561442989953242,79.03,0.06983054238774641,0.023761207527868575,-0.08688872520461895
