user_id,Precision@5 - macro,Recall@5 - macro,F1@5 - macro,NDCG@5,MRR@5,Gini - Top 5,CatalogCoverage - Top 5,DeltaGap - Top 5 | Blockbuster,DeltaGap - Top 5 | Niche,DeltaGap - Top 5 | Diverse
sys - fold1,0.722599525150461,0.4184181181604993,0.44696784167258014,0.8876805814803598,0.8827756612003754,0.7028422217499547,64.36,0.38712138942438923,0.31807820432254014,0.06443608938332035
sys - mean,0.722599525150461,0.4184181181604993,0.44696784167258014,0.8876805814803598,0.8827756612003754,0.7028422217499547,64.36,0.38712138942438923,0.31807820432254014,0.06443608938332035
