user_id,Precision@10 - macro,Recall@10 - macro,F1@10 - macro,NDCG@10,MRR@10,Gini - Top 10,CatalogCoverage - Top 10,DeltaGap - Top 10 | Blockbuster,DeltaGap - Top 10 | Niche,DeltaGap - Top 10 | Diverse
sys - fold1,0.016887417218543047,0.011301817353353031,0.011047752651820746,0.07840605907067516,0.04655307211184694,0.6481328578706061,43.85,-0.33395859919716664,-0.5618573862850496,-0.7665263048203199
sys - mean,0.016887417218543047,0.011301817353353031,0.011047752651820746,0.07840605907067516,0.04655307211184694,0.6481328578706061,43.85,-0.33395859919716664,-0.5618573862850496,-0.7665263048203199
