user_id,Precision@10 - macro,Recall@10 - macro,F1@10 - macro,NDCG@10,MRR@10,Gini - Top 10,CatalogCoverage - Top 10,DeltaGap - Top 10 | Blockbuster,DeltaGap - Top 10 | Niche,DeltaGap - Top 10 | Diverse
sys - fold1,0.6594828062041177,0.6105620832493839,0.5540546293020979,0.9406383597147043,0.826770370896054,0.689195993560987,75.63,0.1911105533959094,0.14252706658715567,0.03761794893390559
sys - mean,0.6594828062041177,0.6105620832493839,0.5540546293020979,0.9406383597147043,0.826770370896054,0.689195993560987,75.63,0.1911105533959094,0.14252706658715567,0.03761794893390559
