user_id,Precision@5 - macro,Recall@5 - macro,F1@5 - macro,NDCG@5,MRR@5,Gini - Top 5,CatalogCoverage - Top 5,DeltaGap - Top 5 | Blockbuster,DeltaGap - Top 5 | Niche,DeltaGap - Top 5 | Diverse
sys - fold1,0.719933774834437,0.4262424785543415,0.45145607642790725,0.8926561093633151,0.8881401766004415,0.7819378973154877,47.92,0.6598081687294087,0.6358878148507728,0.3953065720982715
sys - mean,0.719933774834437,0.4262424785543415,0.45145607642790725,0.8926561093633151,0.8881401766004415,0.7819378973154877,47.92,0.6598081687294087,0.6358878148507728,0.3953065720982715
