user_id,Precision@5 - macro,Recall@5 - macro,F1@5 - macro,NDCG@5,MRR@5,Gini - Top 5,CatalogCoverage - Top 5,DeltaGap - Top 5 | Blockbuster,DeltaGap - Top 5 | Niche,DeltaGap - Top 5 | Diverse
sys - fold1,0.7346141106326599,0.4277205044231301,0.45555020543451863,0.8962658342261048,0.8946477862426852,0.7221970488874779,59.63,0.42826789497117085,0.42602503886213444,0.12581366074614958
sys - mean,0.7346141106326599,0.4277205044231301,0.45555020543451863,0.8962658342261048,0.8946477862426852,0.7221970488874779,59.63,0.42826789497117085,0.42602503886213444,0.12581366074614958
