user_id,Precision@10 - macro,Recall@10 - macro,F1@10 - macro,NDCG@10,MRR@10,Gini - Top 10,CatalogCoverage - Top 10,DeltaGap - Top 10 | Blockbuster,DeltaGap - Top 10 | Niche,DeltaGap - Top 10 | Diverse
sys - fold1,0.6683819510144013,0.6272996494190881,0.5649755004540379,0.9530171123975746,0.8887118942499739,0.7626316324789965,65.62,0.4613429706572357,0.42653001650112643,0.19734827346957354
sys - mean,0.6683819510144013,0.6272996494190881,0.5649755004540379,0.9530171123975746,0.8887118942499739,0.7626316324789965,65.62,0.4613429706572357,0.42653001650112643,0.19734827346957354
