user_id,Precision@20 - macro,Recall@20 - macro,F1@20 - macro,NDCG@20,MRR@20,Gini - Top 20,CatalogCoverage - Top 20,DeltaGap - Top 20 | Blockbuster,DeltaGap - Top 20 | Niche,DeltaGap - Top 20 | Diverse
sys - fold1,0.023245033112582778,0.02965768643871114,0.021090193940444247,0.18574845835992634,0.09649941422737077,0.8672108860785169,35.24,-0.3911801521397487,-0.47505596505611514,-0.6060913452087715
sys - mean,0.023245033112582778,0.02965768643871114,0.021090193940444247,0.18574845835992634,0.09649941422737077,0.8672108860785169,35.24,-0.3911801521397487,-0.47505596505611514,-0.6060913452087715
