user_id,Precision@20 - macro,Recall@20 - macro,F1@20 - macro,NDCG@20,MRR@20,Gini - Top 20,CatalogCoverage - Top 20,DeltaGap - Top 20 | Blockbuster,DeltaGap - Top 20 | Niche,DeltaGap - Top 20 | Diverse
sys - fold1,0.004595131644311972,0.004689266154240169,0.00363995102019508,0.03521589873518086,0.011204587448841131,0.7334145029025148,81.08,-0.7559777343092978,-0.8360677383600436,-0.9038875937279404
sys - mean,0.004595131644311972,0.004689266154240169,0.00363995102019508,0.03521589873518086,0.011204587448841131,0.7334145029025148,81.08,-0.7559777343092978,-0.8360677383600436,-0.9038875937279404
