user_id,Precision@10 - macro,Recall@10 - macro,F1@10 - macro,NDCG@10,MRR@10,Gini - Top 10,CatalogCoverage - Top 10,DeltaGap - Top 10 | Blockbuster,DeltaGap - Top 10 | Niche,DeltaGap - Top 10 | Diverse
sys - fold1,0.017420102666004307,0.010340256116459607,0.010400192405361244,0.07393401783891233,0.04845619872942277,0.5207900877875828,97.65,-0.40710335406170245,-0.6041071723279272,-0.7805320210374069
sys - mean,0.017420102666004307,0.010340256116459607,0.010400192405361244,0.07393401783891233,0.04845619872942277,0.5207900877875828,97.65,-0.40710335406170245,-0.6041071723279272,-0.7805320210374069
