user_id,Precision@20 - macro,Recall@20 - macro,F1@20 - macro,NDCG@20,MRR@20,Gini - Top 20,CatalogCoverage - Top 20,DeltaGap - Top 20 | Blockbuster,DeltaGap - Top 20 | Niche,DeltaGap - Top 20 | Diverse
sys - fold1,0.014089403973509933,0.01643173992475705,0.011991140724087633,0.11340802292051863,0.043393988795139275,0.9009377783979305,16.65,-0.46501838747432556,-0.5125707699741822,-0.5942974196759211
sys - mean,0.014089403973509933,0.01643173992475705,0.011991140724087633,0.11340802292051863,0.043393988795139275,0.9009377783979305,16.65,-0.46501838747432556,-0.5125707699741822,-0.5942974196759211
