user_id,Precision@10 - macro,Recall@10 - macro,F1@10 - macro,NDCG@10,MRR@10,Gini - Top 10,CatalogCoverage - Top 10,DeltaGap - Top 10 | Blockbuster,DeltaGap - Top 10 | Niche,DeltaGap - Top 10 | Diverse
sys - fold1,0.026672185430463576,0.017417870059160463,0.016969959346916745,0.12957842838903805,0.08926902659518554,0.8668842602225681,24.91,-0.2899561226924252,-0.44156320519540015,-0.5995015525851196
sys - mean,0.026672185430463576,0.017417870059160463,0.016969959346916745,0.12957842838903805,0.08926902659518554,0.8668842602225681,24.91,-0.2899561226924252,-0.44156320519540015,-0.5995015525851196
