user_id,Precision@20 - macro,Recall@20 - macro,F1@20 - macro,NDCG@20,MRR@20,Gini - Top 20,CatalogCoverage - Top 20,DeltaGap - Top 20 | Blockbuster,DeltaGap - Top 20 | Niche,DeltaGap - Top 20 | Diverse
sys - fold1,0.006888557708229839,0.006890420307595531,0.005409124420876757,0.05815742468734938,0.02354595979920688,0.5243174703079055,98.14,-0.6155345863540475,-0.759037854629143,-0.8569851730970951
sys - mean,0.006888557708229839,0.006890420307595531,0.005409124420876757,0.05815742468734938,0.02354595979920688,0.5243174703079055,98.14,-0.6155345863540475,-0.759037854629143,-0.8569851730970951
