user_id,Precision@10 - macro,Recall@10 - macro,F1@10 - macro,NDCG@10,MRR@10,Gini - Top 10,CatalogCoverage - Top 10,DeltaGap - Top 10 | Blockbuster,DeltaGap - Top 10 | Niche,DeltaGap - Top 10 | Diverse
sys - fold1,0.0045710500165617755,0.0024778844267330856,0.0025634686613211534,0.02900757754954739,0.01252773440169929,0.6966835253679353,74.85,-0.6627849122426781,-0.7694568786672714,-0.8735595466671208
sys - mean,0.0045710500165617755,0.0024778844267330856,0.0025634686613211534,0.02900757754954739,0.01252773440169929,0.6966835253679353,74.85,-0.6627849122426781,-0.7694568786672714,-0.8735595466671208
