user_id,Precision@10 - macro,Recall@10 - macro,F1@10 - macro,NDCG@10,MRR@10,Gini - Top 10,CatalogCoverage - Top 10,DeltaGap - Top 10 | Blockbuster,DeltaGap - Top 10 | Niche,DeltaGap - Top 10 | Diverse
sys - fold1,0.0049354090758529316,0.0024534209298180524,0.0025808802986984343,0.029127969581611412,0.015294470995862184,0.7825486544216848,49.14,-0.7016405549189467,-0.804638018948397,-0.907337025171399
sys - mean,0.0049354090758529316,0.0024534209298180524,0.0025808802986984343,0.029127969581611412,0.015294470995862184,0.7825486544216848,49.14,-0.7016405549189467,-0.804638018948397,-0.907337025171399
