user_id,Precision@10 - macro,Recall@10 - macro,F1@10 - macro,NDCG@10,MRR@10,Gini - Top 10,CatalogCoverage - Top 10,DeltaGap - Top 10 | Blockbuster,DeltaGap - Top 10 | Niche,DeltaGap - Top 10 | Diverse
sys - fold1,0.007054148037754595,0.0036479649541054683,0.0037844352615132486,0.03795499315820267,0.020464467732227293,0.5804099067879319,93.82,-0.6095735600678559,-0.7662157705947421,-0.8783842007346463
sys - mean,0.007054148037754595,0.0036479649541054683,0.0037844352615132486,0.03795499315820267,0.020464467732227293,0.5804099067879319,93.82,-0.6095735600678559,-0.7662157705947421,-0.8783842007346463
