user_id,Precision@20 - macro,Recall@20 - macro,F1@20 - macro,NDCG@20,MRR@20,Gini - Top 20,CatalogCoverage - Top 20,DeltaGap - Top 20 | Blockbuster,DeltaGap - Top 20 | Niche,DeltaGap - Top 20 | Diverse
sys - fold1,0.015391621129326048,0.018343807464210642,0.01335494071608728,0.11033674826065214,0.05374529023936744,0.4841817497858125,99.3,-0.45580454201097137,-0.6183021207473154,-0.7764692470697752
sys - mean,0.015391621129326048,0.018343807464210642,0.01335494071608728,0.11033674826065214,0.05374529023936744,0.4841817497858125,99.3,-0.45580454201097137,-0.6183021207473154,-0.7764692470697752
