user_id,Precision@10 - macro,Recall@10 - macro,F1@10 - macro,NDCG@10,MRR@10,Gini - Top 10,CatalogCoverage - Top 10,DeltaGap - Top 10 | Blockbuster,DeltaGap - Top 10 | Niche,DeltaGap - Top 10 | Diverse
sys - fold1,0.0035933101506872003,0.0016689980461546093,0.00187983213808615,0.02173730922155558,0.008203489487642492,0.7744299338148514,63.98,-0.7764764960283023,-0.847821862600738,-0.9340205174833395
sys - mean,0.0035933101506872003,0.0016689980461546093,0.00187983213808615,0.02173730922155558,0.008203489487642492,0.7744299338148514,63.98,-0.7764764960283023,-0.847821862600738,-0.9340205174833395
