user_id,Precision@10 - macro,Recall@10 - macro,F1@10 - macro,NDCG@10,MRR@10,Gini - Top 10,CatalogCoverage - Top 10,DeltaGap - Top 10 | Blockbuster,DeltaGap - Top 10 | Niche,DeltaGap - Top 10 | Diverse
sys - fold1,0.010748592249089103,0.005781383697177899,0.006011297707066384,0.05636769588887686,0.03074831621949873,0.48901108562573575,98.81,-0.5043862780955441,-0.6274404561705513,-0.7609419075035486
sys - mean,0.010748592249089103,0.005781383697177899,0.006011297707066384,0.05636769588887686,0.03074831621949873,0.48901108562573575,98.81,-0.5043862780955441,-0.6274404561705513,-0.7609419075035486
