user_id,Precision@10 - macro,Recall@10 - macro,F1@10 - macro,NDCG@10,MRR@10,Gini - Top 10,CatalogCoverage - Top 10,DeltaGap - Top 10 | Blockbuster,DeltaGap - Top 10 | Niche,DeltaGap - Top 10 | Diverse
sys - fold1,0.002666004305348568,0.0016021199060271543,0.0014939420278944513,0.01631121318484758,0.006387186988279885,0.7636652494715088,51.94,-0.8262356726801563,-0.9405895921271306,-0.9406874522442827
sys - mean,0.002666004305348568,0.0016021199060271543,0.0014939420278944513,0.01631121318484758,0.006387186988279885,0.7636652494715088,51.94,-0.8262356726801563,-0.9405895921271306,-0.9406874522442827
