user_id,Precision@10 - macro,Recall@10 - macro,F1@10 - macro,NDCG@10,MRR@10,Gini - Top 10,CatalogCoverage - Top 10,DeltaGap - Top 10 | Blockbuster,DeltaGap - Top 10 | Niche,DeltaGap - Top 10 | Diverse
sys - fold1,0.052343103162775295,0.03262073671963824,0.032333004498873774,0.16058940426791588,0.14612518628912072,0.72179928687149,86.08,0.027936877618783558,-0.19541059503310648,-0.5228157319284498
sys - mean,0.052343103162775295,0.03262073671963824,0.032333004498873774,0.16058940426791588,0.14612518628912072,0.72179928687149,86.08,0.027936877618783558,-0.19541059503310648,-0.5228157319284498
