user_id,Precision@10 - macro,Recall@10 - macro,F1@10 - macro,NDCG@10,MRR@10,Gini - Top 10,CatalogCoverage - Top 10,DeltaGap - Top 10 | Blockbuster,DeltaGap - Top 10 | Niche,DeltaGap - Top 10 | Diverse
sys - fold1,0.039685430463576164,0.02704708100719808,0.026059103544775246,0.17105780962725767,0.13067834805003678,0.8718130714195708,25.53,-0.11861524781648598,-0.26540864969926625,-0.4592085731099708
sys - mean,0.039685430463576164,0.02704708100719808,0.026059103544775246,0.17105780962725767,0.13067834805003678,0.8718130714195708,25.53,-0.11861524781648598,-0.26540864969926625,-0.4592085731099708
