user_id,Precision@20 - macro,Recall@20 - macro,F1@20 - macro,NDCG@20,MRR@20,Gini - Top 20,CatalogCoverage - Top 20,DeltaGap - Top 20 | Blockbuster,DeltaGap - Top 20 | Niche,DeltaGap - Top 20 | Diverse
sys - fold1,0.034495033112582785,0.04692633367857737,0.03214990338307009,0.2418075648080607,0.13957869431420372,0.8707895113656704,34.94,-0.24982764608183486,-0.3422666987285075,-0.45089324350093557
sys - mean,0.034495033112582785,0.04692633367857737,0.03214990338307009,0.2418075648080607,0.13957869431420372,0.8707895113656704,34.94,-0.24982764608183486,-0.3422666987285075,-0.45089324350093557
