user_id,Precision@20 - macro,Recall@20 - macro,F1@20 - macro,NDCG@20,MRR@20,Gini - Top 20,CatalogCoverage - Top 20,DeltaGap - Top 20 | Blockbuster,DeltaGap - Top 20 | Niche,DeltaGap - Top 20 | Diverse
sys - fold1,0.04395595297234641,0.05136863174291563,0.038086136619243434,0.2295242591502165,0.15342023406325644,0.7095510394130748,95.39,-0.06906972889221208,-0.25959993422726796,-0.5401805637886058
sys - mean,0.04395595297234641,0.05136863174291563,0.038086136619243434,0.2295242591502165,0.15342023406325644,0.7095510394130748,95.39,-0.06906972889221208,-0.25959993422726796,-0.5401805637886058
