user_id,Precision@10 - macro,Recall@10 - macro,F1@10 - macro,NDCG@10,MRR@10,Gini - Top 10,CatalogCoverage - Top 10,DeltaGap - Top 10 | Blockbuster,DeltaGap - Top 10 | Niche,DeltaGap - Top 10 | Diverse
sys - fold1,0.005879430274925472,0.0030150978026604425,0.0031039532511676453,0.03312615725919766,0.01617408529051457,0.644947164358891,42.47,-0.6002831448432794,-0.7890784159175048,-0.889925385120669
sys - mean,0.005879430274925472,0.0030150978026604425,0.0031039532511676453,0.03312615725919766,0.01617408529051457,0.644947164358891,42.47,-0.6002831448432794,-0.7890784159175048,-0.889925385120669
