user_id,Precision@20 - macro,Recall@20 - macro,F1@20 - macro,NDCG@20,MRR@20,Gini - Top 20,CatalogCoverage - Top 20,DeltaGap - Top 20 | Blockbuster,DeltaGap - Top 20 | Niche,DeltaGap - Top 20 | Diverse
sys - fold1,0.003229011425732737,0.004016181035825786,0.0026816787918304864,0.026261803130459182,0.00827160623942071,0.7413189627561151,71.8,-0.8063739176760915,-0.8837564661179722,-0.9344982321708553
sys - mean,0.003229011425732737,0.004016181035825786,0.0026816787918304864,0.026261803130459182,0.00827160623942071,0.7413189627561151,71.8,-0.8063739176760915,-0.8837564661179722,-0.9344982321708553
