user_id,Precision@10 - macro,Recall@10 - macro,F1@10 - macro,NDCG@10,MRR@10,Gini - Top 10,CatalogCoverage - Top 10,DeltaGap - Top 10 | Blockbuster,DeltaGap - Top 10 | Niche,DeltaGap - Top 10 | Diverse
sys - fold1,0.011806590495115085,0.005928704857899875,0.006286162789345481,0.04615140090890112,0.028428574056989356,0.5385901708438826,94.41,-0.49008047516413394,-0.730697600461827,-0.8820697127088459
sys - mean,0.011806590495115085,0.005928704857899875,0.006286162789345481,0.04615140090890112,0.028428574056989356,0.5385901708438826,94.41,-0.49008047516413394,-0.730697600461827,-0.8820697127088459
