user_id,Precision@20 - macro,Recall@20 - macro,F1@20 - macro,NDCG@20,MRR@20,Gini - Top 20,CatalogCoverage - Top 20,DeltaGap - Top 20 | Blockbuster,DeltaGap - Top 20 | Niche,DeltaGap - Top 20 | Diverse
sys - fold1,0.001978804437820831,0.001630590455463926,0.0013980946492536982,0.019442973096746387,0.004566325709737188,0.7954524413842847,42.47,-0.8721105128123744,-0.9269632290300386,-0.9388703470732859
sys - mean,0.001978804437820831,0.001630590455463926,0.0013980946492536982,0.019442973096746387,0.004566325709737188,0.7954524413842847,42.47,-0.8721105128123744,-0.9269632290300386,-0.9388703470732859
