user_id,Precision@20 - macro,Recall@20 - macro,F1@20 - macro,NDCG@20,MRR@20,Gini - Top 20,CatalogCoverage - Top 20,DeltaGap - Top 20 | Blockbuster,DeltaGap - Top 20 | Niche,DeltaGap - Top 20 | Diverse
sys - fold1,0.011218744825302203,0.008646915253613737,0.008109974019632721,0.07266997567276468,0.0318110435720775,0.5866353187881317,91.88,-0.5299780707134832,-0.7339217776860885,-0.883786879604026
sys - mean,0.011218744825302203,0.008646915253613737,0.008109974019632721,0.07266997567276468,0.0318110435720775,0.5866353187881317,91.88,-0.5299780707134832,-0.7339217776860885,-0.883786879604026
