user_id,Precision@20 - macro,Recall@20 - macro,F1@20 - macro,NDCG@20,MRR@20,Gini - Top 20,CatalogCoverage - Top 20,DeltaGap - Top 20 | Blockbuster,DeltaGap - Top 20 | Niche,DeltaGap - Top 20 | Diverse
sys - fold1,0.0623778771319755,0.0705662789348167,0.053750004072785434,0.28824117534282984,0.2113410795646734,0.7652912817610317,87.53,0.22637244297373027,0.009243172471134825,-0.36887539534595143
sys - mean,0.0623778771319755,0.0705662789348167,0.053750004072785434,0.28824117534282984,0.2113410795646734,0.7652912817610317,87.53,0.22637244297373027,0.009243172471134825,-0.36887539534595143
