user_id,Precision@10 - macro,Recall@10 - macro,F1@10 - macro,NDCG@10,MRR@10,Gini - Top 10,CatalogCoverage - Top 10,DeltaGap - Top 10 | Blockbuster,DeltaGap - Top 10 | Niche,DeltaGap - Top 10 | Diverse
sys - fold1,0.11980132450331128,0.0832724488069995,0.0794706371195827,0.2937391958492423,0.3056718437927047,0.8660921286965053,16.76,0.6235736004598399,0.5288959636738962,0.4499512373492639
sys - mean,0.11980132450331128,0.0832724488069995,0.0794706371195827,0.2937391958492423,0.3056718437927047,0.8660921286965053,16.76,0.6235736004598399,0.5288959636738962,0.4499512373492639
