user_id,Precision@10 - macro,Recall@10 - macro,F1@10 - macro,NDCG@10,MRR@10,Gini - Top 10,CatalogCoverage - Top 10,DeltaGap - Top 10 | Blockbuster,DeltaGap - Top 10 | Niche,DeltaGap - Top 10 | Diverse
sys - fold1,0.0014406358668653748,0.0006832576067996569,0.0006902276242217556,0.011898708736537998,0.003326854283138436,0.8110584930257062,27.95,-0.8995319217126637,-0.9419355553565465,-0.9420265579758739
sys - mean,0.0014406358668653748,0.0006832576067996569,0.0006902276242217556,0.011898708736537998,0.003326854283138436,0.8110584930257062,27.95,-0.8995319217126637,-0.9419355553565465,-0.9420265579758739
