user_id,Precision@10 - macro,Recall@10 - macro,F1@10 - macro,NDCG@10,MRR@10,Gini - Top 10,CatalogCoverage - Top 10,DeltaGap - Top 10 | Blockbuster,DeltaGap - Top 10 | Niche,DeltaGap - Top 10 | Diverse
sys - fold1,0.011177347242921014,0.004083072205853235,0.005110159097689143,0.04653083982368036,0.027757801801517646,0.6125842297602273,85.81,-0.5401619711076945,-0.7650811551753836,-0.8906334596595669
sys - mean,0.011177347242921014,0.004083072205853235,0.005110159097689143,0.04653083982368036,0.027757801801517646,0.6125842297602273,85.81,-0.5401619711076945,-0.7650811551753836,-0.8906334596595669
