user_id,Precision@5 - macro,Recall@5 - macro,F1@5 - macro,NDCG@5,MRR@5,Gini,CatalogCoverage (PredictionCov),DeltaGap | popular_users,DeltaGap | medium_popular_users,DeltaGap | low_popular_users
sys - fold1,0.05068928950159066,0.012463944497212906,0.017939480632191564,0.05064096444894346,0.1273594909862142,0.021149842601896594,93.34,-0.6988307884583643,-0.6969574601861451,-0.6754953205068782
sys - fold2,0.042205726405090134,0.010415459950548206,0.01495607337845523,0.045851248124201646,0.12043124779073877,0.021366157636819177,93.58,-0.6947447994124584,-0.6968691220051005,-0.6761578207690744
sys - mean,0.0464475079533404,0.011439702223880556,0.016447777005323398,0.048246106286572554,0.12389536938847649,0.021258000119357884,93.46000000000001,-0.6967877939354113,-0.6969132910956228,-0.6758265706379762
