user_id,Precision@10 - macro,Recall@10 - macro,F1@10 - macro,NDCG@10,MRR@10,Gini,CatalogCoverage (PredictionCov),DeltaGap | popular_users,DeltaGap | medium_popular_users,DeltaGap | low_popular_users
sys - fold1,0.04316012725344645,0.01879092824629298,0.022478733403974573,0.050350789423646965,0.1422339207864128,0.021149842601896594,93.34,-0.6988307884583643,-0.6969574601861451,-0.6754953205068782
sys - fold2,0.03637327677624602,0.01668336209710595,0.019352886717698196,0.04504465444087888,0.13245720345402212,0.021366157636819177,93.58,-0.6947447994124584,-0.6968691220051005,-0.6761578207690744
sys - mean,0.039766702014846236,0.017737145171699463,0.020915810060836384,0.04769772193226292,0.13734556212021748,0.021258000119357884,93.46000000000001,-0.6967877939354113,-0.6969132910956228,-0.6758265706379762
