user_id,Precision@10 - macro,Recall@10 - macro,F1@10 - macro,NDCG@10,MRR@10,Gini,CatalogCoverage (PredictionCov),DeltaGap | popular_users,DeltaGap | medium_popular_users,DeltaGap | low_popular_users
sys - fold1,0.0021208907741251328,0.0024357796978945532,0.0019777598921806193,0.007883101198588404,0.004626824218552744,0.03324011157000853,100.0,-0.7188670702644127,-0.7326253775544811,-0.7217751603428821
sys - mean,0.0021208907741251328,0.0024357796978945532,0.0019777598921806193,0.007883101198588404,0.004626824218552744,0.03324011157000853,100.0,-0.7188670702644127,-0.7326253775544811,-0.7217751603428821
