user_id,Precision@10 - macro,Recall@10 - macro,F1@10 - macro,NDCG@10,MRR@10,Gini,CatalogCoverage (PredictionCov),DeltaGap | popular_users,DeltaGap | medium_popular_users,DeltaGap | low_popular_users
sys - fold1,0.0,0.0,0.0,0.0,0.0,0.021052818883259744,95.42,-0.6987354344892684,-0.7120542608500767,-0.6838000186608351
sys - fold2,0.021845174973488868,0.006412496627248383,0.008636576472737802,0.0245667544118452,0.07584078169974245,0.021288779742248694,93.7,-0.6891678853320026,-0.7025683599735314,-0.6783463012110318
sys - mean,0.010922587486744434,0.0032062483136241914,0.004318288236368901,0.0122833772059226,0.03792039084987123,0.02117079931275422,94.56,-0.6939516599106355,-0.7073113104118041,-0.6810731599359334
