user_id,Precision@10 - macro,Recall@10 - macro,F1@10 - macro,NDCG@10,MRR@10,Gini,CatalogCoverage (PredictionCov),DeltaGap | popular_users,DeltaGap | medium_popular_users,DeltaGap | low_popular_users
sys - fold1,0.0,0.0,0.0,0.0,0.0,0.021185741057459823,94.65,-0.6927123679503631,-0.7140936323810645,-0.6830110874453627
sys - fold2,0.020678685047720042,0.011851271003146214,0.012369604007718547,0.032278186303901724,0.04474995371071723,0.02136473590959893,93.7,-0.6891345653824593,-0.7080701505814893,-0.6747981816028403
sys - mean,0.010339342523860021,0.005925635501573107,0.006184802003859274,0.016139093151950862,0.022374976855358615,0.021275238483529378,94.17500000000001,-0.6909234666664112,-0.7110818914812769,-0.6789046345241014
