user_id,Precision@10 - macro,Recall@10 - macro,F1@10 - macro,NDCG@10,MRR@10,Gini,CatalogCoverage (PredictionCov),DeltaGap | popular_users,DeltaGap | medium_popular_users,DeltaGap | low_popular_users
sys - fold1,0.016436903499469777,0.018829809194019307,0.014590406314680508,0.023128206586739718,0.05721734080694844,0.03325975446061559,100.0,-0.7352110904558611,-0.7311754040359137,-0.7257935528470373
sys - mean,0.016436903499469777,0.018829809194019307,0.014590406314680508,0.023128206586739718,0.05721734080694844,0.03325975446061559,100.0,-0.7352110904558611,-0.7311754040359137,-0.7257935528470373
