user_id,Precision@10 - macro,Recall@10 - macro,F1@10 - macro,NDCG@10,MRR@10,Gini,CatalogCoverage (PredictionCov),DeltaGap | popular_users,DeltaGap | medium_popular_users,DeltaGap | low_popular_users
sys - fold1,0.5641569459172853,0.3923188838465761,0.4000047239413529,0.7800165950886971,0.7432106246528303,0.6063587118752093,93.88,0.0,0.0,0.0
sys - fold2,0.5528101802757157,0.39831576449525397,0.39543924417790155,0.7855042814745546,0.7173719470113956,0.6076748813887077,93.52,0.0,0.0,0.0
sys - mean,0.5584835630965005,0.39531732417091503,0.3977219840596272,0.7827604382816259,0.7302912858321129,0.6070167966319585,93.69999999999999,0.0,0.0,0.0
