user_id,Precision@10 - macro,Recall@10 - macro,F1@10 - macro,NDCG@10,MRR@10,Gini,CatalogCoverage (PredictionCov),DeltaGap | popular_users,DeltaGap | medium_popular_users,DeltaGap | low_popular_users
sys - fold1,0.014209968186638389,0.01313461525259355,0.011823856794323736,0.024127188892804685,0.05787338618727803,0.03618079016407239,83.71,-0.6782937695943276,-0.6940930875277417,-0.668421357468321
sys - mean,0.014209968186638389,0.01313461525259355,0.011823856794323736,0.024127188892804685,0.05787338618727803,0.03618079016407239,83.71,-0.6782937695943276,-0.6940930875277417,-0.668421357468321
