user_id,Precision@10 - macro,Recall@10 - macro,F1@10 - macro,NDCG@10,MRR@10,Gini,CatalogCoverage (PredictionCov),DeltaGap | popular_users,DeltaGap | medium_popular_users,DeltaGap | low_popular_users
sys - fold1,0.0016967126193001062,0.0011020530061163379,0.001125455798382794,0.0028947770690252485,0.005279923917251595,0.03603262085801901,84.96,-0.6650331686065365,-0.6793816905737672,-0.665332054265546
sys - mean,0.0016967126193001062,0.0011020530061163379,0.001125455798382794,0.0028947770690252485,0.005279923917251595,0.03603262085801901,84.96,-0.6650331686065365,-0.6793816905737672,-0.665332054265546
