user_id,Precision@10 - macro,Recall@10 - macro,F1@10 - macro,NDCG@10,MRR@10,Gini,CatalogCoverage (PredictionCov),DeltaGap | popular_users,DeltaGap | medium_popular_users,DeltaGap | low_popular_users
sys - fold1,0.020403825717322,0.012084002256770426,0.012442014041355684,0.031899354576613165,0.0481162390567279,0.02112140569115424,94.53,-0.6954125998520828,-0.7043402546483482,-0.6772597450977359
sys - fold2,0.0232237539766702,0.01299622202581751,0.0134398626764478,0.03328227446233973,0.049996212695046206,0.02133573737937133,93.28,-0.6928106431050238,-0.7044675477667733,-0.6767353742114183
sys - mean,0.0218137898469961,0.012540112141293969,0.01294093835890174,0.032590814519476444,0.04905622587588705,0.021228571535262787,93.905,-0.6941116214785533,-0.7044039012075607,-0.6769975596545771
