user_id,Precision@5 - macro,Recall@5 - macro,F1@5 - macro,NDCG@5,MRR@5,Gini,CatalogCoverage (PredictionCov),DeltaGap | popular_users,DeltaGap | medium_popular_users,DeltaGap | low_popular_users
sys - fold1,0.03209351753453772,0.011075647511544585,0.01430409708768087,0.03481440334272336,0.043659227771873886,0.02107466996349298,94.47,-0.7005131721241831,-0.7031107024852199,-0.6766570726543167
sys - fold2,0.032873806998939555,0.010533746424430513,0.013872853772444661,0.033306760617109105,0.04423824673029338,0.021353212297958692,93.58,-0.6941775286795873,-0.7044013292514749,-0.6772360206280572
sys - mean,0.03248366226673864,0.01080469696798755,0.014088475430062766,0.03406058197991623,0.043948737251083635,0.021213941130725836,94.025,-0.6973453504018852,-0.7037560158683474,-0.676946546641187
