user_id,Precision@5 - macro,Recall@5 - macro,F1@5 - macro,NDCG@5,MRR@5,Gini,CatalogCoverage (PredictionCov),DeltaGap | popular_users,DeltaGap | medium_popular_users,DeltaGap | low_popular_users
sys - fold1,0.001484623541887593,0.00026697098770202575,0.00043907233726958003,0.0010477183566904005,0.0034287734181689643,0.033342794155149943,100.0,-0.7174263658669813,-0.727053708377349,-0.7197796688029435
sys - mean,0.001484623541887593,0.00026697098770202575,0.00043907233726958003,0.0010477183566904005,0.0034287734181689643,0.033342794155149943,100.0,-0.7174263658669813,-0.727053708377349,-0.7197796688029435
