user_id,Precision@5 - macro,Recall@5 - macro,F1@5 - macro,NDCG@5,MRR@5,Gini,CatalogCoverage (PredictionCov),DeltaGap | popular_users,DeltaGap | medium_popular_users,DeltaGap | low_popular_users
sys - fold1,0.013361611876988337,0.009424599541670013,0.009072256523182269,0.02102648440390121,0.03499469777306469,0.03612269486228518,84.13,-0.6656803349940474,-0.6823028526318048,-0.669373415077621
sys - mean,0.013361611876988337,0.009424599541670013,0.009072256523182269,0.02102648440390121,0.03499469777306469,0.03612269486228518,84.13,-0.6656803349940474,-0.6823028526318048,-0.669373415077621
