user_id,Precision@5 - macro,Recall@5 - macro,F1@5 - macro,NDCG@5,MRR@5,Gini,CatalogCoverage (PredictionCov),DeltaGap | popular_users,DeltaGap | medium_popular_users,DeltaGap | low_popular_users
sys - fold1,0.0,0.0,0.0,0.0,0.0,0.02126943665018406,93.88,-0.6885261044680198,-0.7065406387185251,-0.6796592091496997
sys - fold2,0.030573248407643312,0.011510927558330247,0.014472973540899313,0.03416668731663075,0.041489738145789094,0.021350457969484912,94.0,-0.6952352145926571,-0.7063843065260049,-0.6773341961596966
sys - mean,0.015286624203821656,0.005755463779165124,0.007236486770449657,0.017083343658315375,0.020744869072894547,0.021309947309834487,93.94,-0.6918806595303384,-0.706462472622265,-0.6784967026546982
