user_id,Precision@10 - macro,Recall@10 - macro,F1@10 - macro,NDCG@10,MRR@10,Gini,CatalogCoverage (PredictionCov),DeltaGap | popular_users,DeltaGap | medium_popular_users,DeltaGap | low_popular_users
sys - fold1,0.0,0.0,0.0,0.0,0.0,0.02117781482871201,94.47,-0.6910250743170623,-0.7091199744081635,-0.6809819801184009
sys - fold2,0.022163308589607637,0.011736768818449879,0.012531886737098182,0.03192609073718502,0.04956782642360585,0.021353212297958692,93.58,-0.6941775286795873,-0.7044013292514749,-0.6772360206280572
sys - mean,0.011081654294803818,0.0058683844092249395,0.006265943368549091,0.01596304536859251,0.024783913211802924,0.02126551356333535,94.025,-0.6926013014983248,-0.7067606518298193,-0.6791090003732291
