user_id,Precision@5 - macro,Recall@5 - macro,F1@5 - macro,NDCG@5,MRR@5,Gini,CatalogCoverage (PredictionCov),DeltaGap | popular_users,DeltaGap | medium_popular_users,DeltaGap | low_popular_users
sys - fold1,0.031030818278427203,0.011200581587039663,0.01444848330828493,0.033522492740558185,0.04263195182430039,0.02112140569115424,94.53,-0.6954125998520828,-0.7043402546483482,-0.6772597450977359
sys - fold2,0.03372216330858961,0.01139297931795374,0.014621287455651723,0.0354652275652824,0.044839165782962175,0.02133573737937133,93.28,-0.6928106431050238,-0.7044675477667733,-0.6767353742114183
sys - mean,0.032376490793508406,0.011296780452496703,0.014534885381968326,0.03449386015292029,0.04373555880363128,0.021228571535262787,93.905,-0.6941116214785533,-0.7044039012075607,-0.6769975596545771
