user_id,Precision@5 - macro,Recall@5 - macro,F1@5 - macro,NDCG@5,MRR@5,Gini,CatalogCoverage (PredictionCov),DeltaGap | popular_users,DeltaGap | medium_popular_users,DeltaGap | low_popular_users
sys - fold1,0.0016967126193001062,0.00030484403723997453,0.0005033417546673114,0.002045907138187392,0.004330151997172146,0.03603262085801901,84.96,-0.6650331686065365,-0.6793816905737672,-0.665332054265546
sys - mean,0.0016967126193001062,0.00030484403723997453,0.0005033417546673114,0.002045907138187392,0.004330151997172146,0.03603262085801901,84.96,-0.6650331686065365,-0.6793816905737672,-0.665332054265546
