user_id,Precision@20 - macro,Recall@20 - macro,F1@20 - macro,NDCG@20,MRR@20,Gini,CatalogCoverage (PredictionCov),DeltaGap | popular_users,DeltaGap | medium_popular_users,DeltaGap | low_popular_users
sys - fold1,0.03907741251325557,0.03021721684201103,0.02812573684967749,0.049350382314731364,0.17843921467940227,0.020489135361859007,100.0,-0.7122134694845976,-0.7282844973017202,-0.6950844210228773
sys - fold2,0.03662420382165605,0.02918653354858959,0.02692909821200195,0.05138769669252922,0.17691099435272295,0.020653442243267258,100.0,-0.7149434281125385,-0.720861088754617,-0.6974434291026423
sys - mean,0.03785080816745581,0.02970187519530031,0.027527417530839718,0.050369039503630295,0.1776751045160626,0.020571288802563134,100.0,-0.7135784487985681,-0.7245727930281686,-0.6962639250627598
