user_id,Precision@5 - macro,Recall@5 - macro,F1@5 - macro,NDCG@5,MRR@5,Gini,CatalogCoverage (PredictionCov),DeltaGap | popular_users,DeltaGap | medium_popular_users,DeltaGap | low_popular_users
sys - fold1,0.0,0.0,0.0,0.0,0.0,0.02117781482871201,94.47,-0.6910250743170623,-0.7091199744081635,-0.6809819801184009
sys - fold2,0.032873806998939555,0.010533746424430513,0.013872853772444661,0.033306760617109105,0.04423824673029338,0.021353212297958692,93.58,-0.6941775286795873,-0.7044013292514749,-0.6772360206280572
sys - mean,0.016436903499469777,0.005266873212215257,0.006936426886222331,0.016653380308554552,0.02211912336514669,0.02126551356333535,94.025,-0.6926013014983248,-0.7067606518298193,-0.6791090003732291
