user_id,Precision@5 - macro,Recall@5 - macro,F1@5 - macro,NDCG@5,MRR@5,Gini,CatalogCoverage (PredictionCov),DeltaGap | popular_users,DeltaGap | medium_popular_users,DeltaGap | low_popular_users
sys - fold1,0.008271474019088019,0.00396122471143474,0.004619215999678886,0.013338945749937195,0.013732767762460232,0.03634093338772722,83.17,-0.6650333562797363,-0.6652635717592873,-0.6562014413194877
sys - mean,0.008271474019088019,0.00396122471143474,0.004619215999678886,0.013338945749937195,0.013732767762460232,0.03634093338772722,83.17,-0.6650333562797363,-0.6652635717592873,-0.6562014413194877
