user_id,Precision@10 - macro,Recall@10 - macro,F1@10 - macro,NDCG@10,MRR@10,Gini,CatalogCoverage (PredictionCov),DeltaGap | popular_users,DeltaGap | medium_popular_users,DeltaGap | low_popular_users
sys - fold1,0.5552492046659597,0.3908428001321522,0.3940409012879304,0.7828820516035123,0.7244967092528068,0.6071056776933087,94.0,0.0,0.0,0.0
sys - fold2,0.5641569459172853,0.3993533297447864,0.402917284443334,0.7833709903959014,0.7352438182766919,0.6065096134916989,93.22,0.0,0.0,0.0
sys - mean,0.5597030752916226,0.39509806493846933,0.3984790928656322,0.7831265209997069,0.7298702637647494,0.6068076455925038,93.61,0.0,0.0,0.0
