user_id,Precision@10 - macro,Recall@10 - macro,F1@10 - macro,NDCG@10,MRR@10,Gini,CatalogCoverage (PredictionCov),DeltaGap | popular_users,DeltaGap | medium_popular_users,DeltaGap | low_popular_users
sys - fold1,0.03641188959660297,0.013966816039396934,0.017554777935201625,0.0400312660245155,0.13024593064401982,0.021150731807133557,94.11,-0.7014165977058955,-0.7056300034298281,-0.6767383701720473
sys - fold2,0.034888653234358434,0.015137365926311281,0.01754900425636998,0.039971004983128576,0.12322964533993166,0.021295177469507477,93.7,-0.687957591771974,-0.7040437652474951,-0.6769767481323794
sys - mean,0.0356502714154807,0.014552090982854107,0.017551891095785803,0.04000113550382203,0.12673778799197574,0.021222954638320517,93.905,-0.6946870947389348,-0.7048368843386617,-0.6768575591522134
