user_id,Precision@10 - macro,Recall@10 - macro,F1@10 - macro,NDCG@10,MRR@10,Gini,CatalogCoverage (PredictionCov),DeltaGap | popular_users,DeltaGap | medium_popular_users,DeltaGap | low_popular_users
sys - fold1,0.02332979851537646,0.012061287443735545,0.012961170162672375,0.03224332650750694,0.049798431214125805,0.021082685553147684,93.88,-0.6950468374265302,-0.7027554223193632,-0.6758033541472758
sys - fold2,0.0208067940552017,0.012823713739458122,0.01284965947273008,0.03214183855849529,0.04649049641087857,0.021350457969484912,94.0,-0.6952352145926571,-0.7063843065260049,-0.6773341961596966
sys - mean,0.022068296285289078,0.012442500591596833,0.012905414817701227,0.03219258253300111,0.04814446381250219,0.021216571761316298,93.94,-0.6951410260095936,-0.7045698644226841,-0.6765687751534861
