user_id,Precision@5 - macro,Recall@5 - macro,F1@5 - macro,NDCG@5,MRR@5,Gini,CatalogCoverage (PredictionCov),DeltaGap | popular_users,DeltaGap | medium_popular_users,DeltaGap | low_popular_users
sys - fold1,0.03205944798301486,0.004638665849949968,0.007464344927399445,0.023689318800718433,0.053538570417551314,0.021007883412627056,94.47,-0.7011276777460514,-0.7076994765002088,-0.6802538344284407
sys - fold2,0.03457051961823966,0.004952359198597265,0.007820638419366982,0.02327913883127595,0.07053729232944503,0.021365170120981176,93.94,-0.6915698566955296,-0.7028541287832559,-0.6747349091155588
sys - mean,0.033314983800627265,0.004795512524273617,0.007642491673383213,0.02348422881599719,0.06203793137349817,0.021186526766804117,94.205,-0.6963487672207905,-0.7052768026417324,-0.6774943717719997
