user_id,Precision@10 - macro,Recall@10 - macro,F1@10 - macro,NDCG@10,MRR@10,Gini,CatalogCoverage (PredictionCov),DeltaGap | popular_users,DeltaGap | medium_popular_users,DeltaGap | low_popular_users
sys - fold1,0.02269353128313892,0.013134924146795733,0.013344215419584533,0.03288446147221888,0.052473110134828055,0.021004627479815973,94.65,-0.7019559843336122,-0.7039540764539539,-0.6801833657482982
sys - fold2,0.020678685047720042,0.011851271003146214,0.012369604007718547,0.032278186303901724,0.04474995371071723,0.02136473590959893,93.7,-0.6891345653824593,-0.7080701505814893,-0.6747981816028403
sys - mean,0.02168610816542948,0.012493097574970973,0.01285690971365154,0.0325813238880603,0.04861153192277264,0.02118468169470745,94.17500000000001,-0.6955452748580357,-0.7060121135177215,-0.6774907736755693
