user_id,Precision@10 - macro,Recall@10 - macro,F1@10 - macro,NDCG@10,MRR@10,Gini,CatalogCoverage (PredictionCov),DeltaGap | popular_users,DeltaGap | medium_popular_users,DeltaGap | low_popular_users
sys - fold1,0.04490445859872611,0.0170434025093281,0.021042748123290128,0.05000218052087102,0.15846855727428977,0.021053637431783262,94.35,-0.7005636619459397,-0.7004969506505114,-0.6773949067514673
sys - fold2,0.047401908801696716,0.01819585663384239,0.022689112990970293,0.050142058861196874,0.1655498325169587,0.021367945971413737,93.52,-0.6942862607803362,-0.7044464074782323,-0.675035249798318
sys - mean,0.04615318370021142,0.017619629571585246,0.02186593055713021,0.05007211969103395,0.16200919489562424,0.0212107917015985,93.935,-0.6974249613631379,-0.7024716790643719,-0.6762150782748926
