user_id,Precision@5 - macro,Recall@5 - macro,F1@5 - macro,NDCG@5,MRR@5,Gini,CatalogCoverage (PredictionCov),DeltaGap | popular_users,DeltaGap | medium_popular_users,DeltaGap | low_popular_users
sys - fold1,0.026299045599151645,0.015702853368491847,0.016790766611602483,0.0301088381558151,0.0717391304347826,0.033232831221916816,100.0,-0.7273814510757864,-0.7346934622977113,-0.7275616338104327
sys - mean,0.026299045599151645,0.015702853368491847,0.016790766611602483,0.0301088381558151,0.0717391304347826,0.033232831221916816,100.0,-0.7273814510757864,-0.7346934622977113,-0.7275616338104327
