user_id,Precision@5 - macro,Recall@5 - macro,F1@5 - macro,NDCG@5,MRR@5,Gini,CatalogCoverage (PredictionCov),DeltaGap | popular_users,DeltaGap | medium_popular_users,DeltaGap | low_popular_users
sys - fold1,0.018027571580063628,0.008873911686584818,0.010109466314676468,0.017822017109509918,0.055920820077766,0.03616067812321185,83.53,-0.6648116792512022,-0.6709383030373818,-0.6683295977438495
sys - mean,0.018027571580063628,0.008873911686584818,0.010109466314676468,0.017822017109509918,0.055920820077766,0.03616067812321185,83.53,-0.6648116792512022,-0.6709383030373818,-0.6683295977438495
