user_id,Precision@10 - macro,Recall@10 - macro,F1@10 - macro,NDCG@10,MRR@10,Gini,CatalogCoverage (PredictionCov),DeltaGap | popular_users,DeltaGap | medium_popular_users,DeltaGap | low_popular_users
sys - fold1,0.0,0.0,0.0,0.0,0.0,0.02126943665018406,93.88,-0.6885261044680198,-0.7065406387185251,-0.6796592091496997
sys - fold2,0.0208067940552017,0.012823713739458122,0.01284965947273008,0.03214183855849529,0.04649049641087857,0.021350457969484912,94.0,-0.6952352145926571,-0.7063843065260049,-0.6773341961596966
sys - mean,0.01040339702760085,0.006411856869729061,0.00642482973636504,0.016070919279247645,0.023245248205439287,0.021309947309834487,93.94,-0.6918806595303384,-0.706462472622265,-0.6784967026546982
