user_id,Precision@5 - macro,Recall@5 - macro,F1@5 - macro,NDCG@5,MRR@5,Gini,CatalogCoverage (PredictionCov),DeltaGap | popular_users,DeltaGap | medium_popular_users,DeltaGap | low_popular_users
sys - fold1,0.022269353128313893,0.013228488607578035,0.013888949283864641,0.02635245270564732,0.05365853658536585,0.03606432255747664,84.19,-0.6844776693819703,-0.6783187695889701,-0.6696996770523796
sys - mean,0.022269353128313893,0.013228488607578035,0.013888949283864641,0.02635245270564732,0.05365853658536585,0.03606432255747664,84.19,-0.6844776693819703,-0.6783187695889701,-0.6696996770523796
