user_id,Precision@10 - macro,Recall@10 - macro,F1@10 - macro,NDCG@10,MRR@10,Gini,CatalogCoverage (PredictionCov),DeltaGap | popular_users,DeltaGap | medium_popular_users,DeltaGap | low_popular_users
sys - fold1,0.00975609756097561,0.008615473366696083,0.0075505549884813524,0.014640751480073903,0.03604209799861974,0.03613489953517404,84.01,-0.6696340943362346,-0.6950022458331278,-0.6666522234199102
sys - mean,0.00975609756097561,0.008615473366696083,0.0075505549884813524,0.014640751480073903,0.03604209799861974,0.03613489953517404,84.01,-0.6696340943362346,-0.6950022458331278,-0.6666522234199102
