user_id,Precision@5 - macro,Recall@5 - macro,F1@5 - macro,NDCG@5,MRR@5,Gini,CatalogCoverage (PredictionCov),DeltaGap | popular_users,DeltaGap | medium_popular_users,DeltaGap | low_popular_users
sys - fold1,0.019724284199363736,0.012499486903297717,0.012858368033422262,0.02255938943237352,0.04984093319194061,0.03325975446061559,100.0,-0.7352110904558611,-0.7311754040359137,-0.7257935528470373
sys - mean,0.019724284199363736,0.012499486903297717,0.012858368033422262,0.02255938943237352,0.04984093319194061,0.03325975446061559,100.0,-0.7352110904558611,-0.7311754040359137,-0.7257935528470373
