user_id,Precision@10 - macro,Recall@10 - macro,F1@10 - macro,NDCG@10,MRR@10,Gini,CatalogCoverage (PredictionCov),DeltaGap | popular_users,DeltaGap | medium_popular_users,DeltaGap | low_popular_users
sys - fold1,0.5523860021208908,0.39121077409153315,0.39439843981879025,0.7841591340644725,0.7290612533454527,0.6081229147710039,93.64,0.0,0.0,0.0
sys - fold2,0.5643690349946978,0.3989907209986319,0.4032279585940686,0.782540744385824,0.7362710195424936,0.6065589051640401,93.88,0.0,0.0,0.0
sys - mean,0.5583775185577944,0.3951007475450825,0.39881319920642944,0.7833499392251482,0.7326661364439732,0.607340909967522,93.75999999999999,0.0,0.0,0.0
