user_id,Precision@5 - macro,Recall@5 - macro,F1@5 - macro,NDCG@5,MRR@5,Gini,CatalogCoverage (PredictionCov),DeltaGap | popular_users,DeltaGap | medium_popular_users,DeltaGap | low_popular_users
sys - fold1,0.5724284199363733,0.1984804648587901,0.26304165917668426,0.7468069861423349,0.7406680805938495,0.6063587118752093,93.88,0.0,0.0,0.0
sys - fold2,0.5552492046659597,0.20135978747557867,0.26016095647629034,0.752326986097144,0.7139448568398727,0.6076748813887077,93.52,0.0,0.0,0.0
sys - mean,0.5638388123011665,0.19992012616718438,0.2616013078264873,0.7495669861197394,0.7273064687168611,0.6070167966319585,93.69999999999999,0.0,0.0,0.0
