user_id,Precision@5 - macro,Recall@5 - macro,F1@5 - macro,NDCG@5,MRR@5,Gini,CatalogCoverage (PredictionCov),DeltaGap | popular_users,DeltaGap | medium_popular_users,DeltaGap | low_popular_users
sys - fold1,0.05668789808917198,0.011080624003648856,0.016601512987198867,0.05125624693165557,0.1461429582448691,0.021053637431783262,94.35,-0.7005636619459397,-0.7004969506505114,-0.6773949067514673
sys - fold2,0.056839872746553555,0.011460913961576592,0.01709626115414425,0.050527448141158095,0.15084835630965004,0.021367945971413737,93.52,-0.6942862607803362,-0.7044464074782323,-0.675035249798318
sys - mean,0.05676388541786277,0.011270768982612724,0.01684888707067156,0.05089184753640683,0.14849565727725955,0.0212107917015985,93.935,-0.6974249613631379,-0.7024716790643719,-0.6762150782748926
