user_id,Precision@10 - macro,Recall@10 - macro,F1@10 - macro,NDCG@10,MRR@10,Gini,CatalogCoverage (PredictionCov),DeltaGap | popular_users,DeltaGap | medium_popular_users,DeltaGap | low_popular_users
sys - fold1,0.047295864262990456,0.01895112515370546,0.02315315710399459,0.04889331293470412,0.16924834621017018,0.020489135361859007,100.0,-0.7122134694845976,-0.7282844973017202,-0.6950844210228773
sys - fold2,0.04554140127388535,0.020046495078479235,0.023506287771062496,0.05214844550301349,0.16939768476392683,0.020653442243267258,100.0,-0.7149434281125385,-0.720861088754617,-0.6974434291026423
sys - mean,0.0464186327684379,0.01949881011609235,0.023329722437528545,0.050520879218858804,0.1693230154870485,0.020571288802563134,100.0,-0.7135784487985681,-0.7245727930281686,-0.6962639250627598
