user_id,Precision@5 - macro,Recall@5 - macro,F1@5 - macro,NDCG@5,MRR@5,Gini,CatalogCoverage (PredictionCov),DeltaGap | popular_users,DeltaGap | medium_popular_users,DeltaGap | low_popular_users
sys - fold1,0.017815482502651116,0.008450894933496397,0.009980631240641896,0.024308483670510875,0.051679038529515726,0.03618079016407239,83.71,-0.6782937695943276,-0.6940930875277417,-0.668421357468321
sys - mean,0.017815482502651116,0.008450894933496397,0.009980631240641896,0.024308483670510875,0.051679038529515726,0.03618079016407239,83.71,-0.6782937695943276,-0.6940930875277417,-0.668421357468321
