user_id,Precision@20 - macro,Recall@20 - macro,F1@20 - macro,NDCG@20,MRR@20,Gini,CatalogCoverage (PredictionCov),DeltaGap | popular_users,DeltaGap | medium_popular_users,DeltaGap | low_popular_users
sys - fold1,0.003976670201484623,0.00735954076762589,0.004462244769668964,0.009435111410293026,0.008087356057489581,0.03324011157000853,100.0,-0.7188670702644127,-0.7326253775544811,-0.7217751603428821
sys - mean,0.003976670201484623,0.00735954076762589,0.004462244769668964,0.009435111410293026,0.008087356057489581,0.03324011157000853,100.0,-0.7188670702644127,-0.7326253775544811,-0.7217751603428821
