user_id,Precision@10 - macro,Recall@10 - macro,F1@10 - macro,NDCG@10,MRR@10,Gini,CatalogCoverage (PredictionCov),DeltaGap | popular_users,DeltaGap | medium_popular_users,DeltaGap | low_popular_users
sys - fold1,0.015694591728525983,0.014383371727856835,0.012448278935165053,0.018091600266453175,0.06318487097914458,0.03616067812321185,83.53,-0.6648116792512022,-0.6709383030373818,-0.6683295977438495
sys - mean,0.015694591728525983,0.014383371727856835,0.012448278935165053,0.018091600266453175,0.06318487097914458,0.03616067812321185,83.53,-0.6648116792512022,-0.6709383030373818,-0.6683295977438495
