user_id,Precision@10 - macro,Recall@10 - macro,F1@10 - macro,NDCG@10,MRR@10,Gini,CatalogCoverage (PredictionCov),DeltaGap | popular_users,DeltaGap | medium_popular_users,DeltaGap | low_popular_users
sys - fold1,0.021762208067940554,0.006214174684870178,0.0085990304765627,0.024536341883904297,0.05850394297846527,0.021007883412627056,94.47,-0.7011276777460514,-0.7076994765002088,-0.6802538344284407
sys - fold2,0.020254506892895017,0.0060184465403624035,0.007960099167606897,0.024039453232651307,0.07347918665522059,0.021365170120981176,93.94,-0.6915698566955296,-0.7028541287832559,-0.6747349091155588
sys - mean,0.021008357480417787,0.006116310612616291,0.0082795648220848,0.0242878975582778,0.06599156481684293,0.021186526766804117,94.205,-0.6963487672207905,-0.7052768026417324,-0.6774943717719997
