user_id,Precision@10 - macro,Recall@10 - macro,F1@10 - macro,NDCG@10,MRR@10,Gini,CatalogCoverage (PredictionCov),DeltaGap | popular_users,DeltaGap | medium_popular_users,DeltaGap | low_popular_users
sys - fold1,0.021314952279957583,0.024199878398791102,0.018647120096762147,0.03087753994403557,0.07996978572270194,0.033232831221916816,100.0,-0.7273814510757864,-0.7346934622977113,-0.7275616338104327
sys - mean,0.021314952279957583,0.024199878398791102,0.018647120096762147,0.03087753994403557,0.07996978572270194,0.033232831221916816,100.0,-0.7273814510757864,-0.7346934622977113,-0.7275616338104327
