user_id,Precision@5 - macro,Recall@5 - macro,F1@5 - macro,NDCG@5,MRR@5,Gini,CatalogCoverage (PredictionCov),DeltaGap | popular_users,DeltaGap | medium_popular_users,DeltaGap | low_popular_users
sys - fold1,0.0,0.0,0.0,0.0,0.0,0.021185741057459823,94.65,-0.6927123679503631,-0.7140936323810645,-0.6830110874453627
sys - fold2,0.03160127253446448,0.0108379896597769,0.014165216958668856,0.033852760875284,0.04036762106751502,0.02136473590959893,93.7,-0.6891345653824593,-0.7080701505814893,-0.6747981816028403
sys - mean,0.01580063626723224,0.00541899482988845,0.007082608479334428,0.016926380437642,0.02018381053375751,0.021275238483529378,94.17500000000001,-0.6909234666664112,-0.7110818914812769,-0.6789046345241014
