user_id,Precision@5 - macro,Recall@5 - macro,F1@5 - macro,NDCG@5,MRR@5,Gini,CatalogCoverage (PredictionCov),DeltaGap | popular_users,DeltaGap | medium_popular_users,DeltaGap | low_popular_users
sys - fold1,0.05549668874172185,0.011708357192695452,0.01739255858629191,0.046528656851450155,0.1332919426048565,0.014634819419977872,96.95,-0.7301435303032594,-0.73648808798158,-0.7115512197897397
sys - fold2,0.054735099337748346,0.011575817858835116,0.017156079039472208,0.04649927672773379,0.13283664459161146,0.014713336857050029,97.38,-0.7292982960236702,-0.7364670021018027,-0.7114009398103194
sys - mean,0.0551158940397351,0.011642087525765284,0.017274318812882057,0.04651396678959197,0.13306429359823396,0.01467407813851395,97.16499999999999,-0.7297209131634648,-0.7364775450416914,-0.7114760798000295
