user_id,Precision@10 - macro,Recall@10 - macro,F1@10 - macro,NDCG@10,MRR@10,Gini,CatalogCoverage (PredictionCov),DeltaGap | popular_users,DeltaGap | medium_popular_users,DeltaGap | low_popular_users
sys - fold1,0.043559602649006615,0.016683991418292497,0.020793685009113758,0.046408138523772895,0.14477202249553242,0.014634819419977872,96.95,-0.7301435303032594,-0.73648808798158,-0.7115512197897397
sys - fold2,0.04350993377483444,0.016702780828933294,0.02075764435535008,0.04658427470671145,0.14443235572374646,0.014713336857050029,97.38,-0.7292982960236702,-0.7364670021018027,-0.7114009398103194
sys - mean,0.043534768211920524,0.016693386123612895,0.02077566468223192,0.046496206615242175,0.14460218910963946,0.01467407813851395,97.16499999999999,-0.7297209131634648,-0.7364775450416914,-0.7114760798000295
