user_id,Precision@10 - macro,Recall@10 - macro,F1@10 - macro,NDCG@10,MRR@10,Gini,CatalogCoverage (PredictionCov),DeltaGap | popular_users,DeltaGap | medium_popular_users,DeltaGap | low_popular_users
sys - fold1,0.0010604453870625664,0.0006895154031352191,0.0006419951798063879,0.0016635854221618504,0.0038176033934252383,0.033342794155149943,100.0,-0.7174263658669813,-0.727053708377349,-0.7197796688029435
sys - mean,0.0010604453870625664,0.0006895154031352191,0.0006419951798063879,0.0016635854221618504,0.0038176033934252383,0.033342794155149943,100.0,-0.7174263658669813,-0.727053708377349,-0.7197796688029435
