user_id,Precision@5 - macro,Recall@5 - macro,F1@5 - macro,NDCG@5,MRR@5,Gini,CatalogCoverage (PredictionCov),DeltaGap | popular_users,DeltaGap | medium_popular_users,DeltaGap | low_popular_users
sys - fold1,0.04225053078556264,0.008906854761746765,0.01322985463142504,0.04049580216450459,0.1164897381457891,0.021150731807133557,94.11,-0.7014165977058955,-0.7056300034298281,-0.6767383701720473
sys - fold2,0.041357370095440084,0.009459095566714693,0.013253188294930182,0.040404869044605767,0.11074584658890067,0.021295177469507477,93.7,-0.687957591771974,-0.7040437652474951,-0.6769767481323794
sys - mean,0.041803950440501364,0.00918297516423073,0.01324152146317761,0.040450335604555174,0.11361779236734489,0.021222954638320517,93.905,-0.6946870947389348,-0.7048368843386617,-0.6768575591522134
