user_id,Precision@10 - macro,Recall@10 - macro,F1@10 - macro,NDCG@10,MRR@10,Gini,CatalogCoverage (PredictionCov),DeltaGap | popular_users,DeltaGap | medium_popular_users,DeltaGap | low_popular_users
sys - fold1,0.0,0.0,0.0,0.0,0.0,0.02112425121522707,94.53,-0.6905369918122073,-0.7052960272408338,-0.6806968340592212
sys - fold2,0.0232237539766702,0.01299622202581751,0.0134398626764478,0.03328227446233973,0.049996212695046206,0.02133573737937133,93.28,-0.6928106431050238,-0.7044675477667733,-0.6767353742114183
sys - mean,0.0116118769883351,0.006498111012908755,0.0067199313382239,0.016641137231169865,0.024998106347523103,0.0212299942972992,93.905,-0.6916738174586156,-0.7048817875038036,-0.6787161041353198
