user_id,Precision@5 - macro,Recall@5 - macro,F1@5 - macro,NDCG@5,MRR@5,Gini,CatalogCoverage (PredictionCov),DeltaGap | popular_users,DeltaGap | medium_popular_users,DeltaGap | low_popular_users
sys - fold1,0.045387062566277836,0.010264887196126888,0.014993018059142507,0.04267542476776974,0.11887592788971367,0.02098590518061941,95.42,-0.6993898763276544,-0.7069604938938239,-0.6809046970141198
sys - fold2,0.04899257688229056,0.011092826133316715,0.016174431022605153,0.047438430995594166,0.12060798868858252,0.02134886122903504,93.1,-0.6958984788597862,-0.699410133570378,-0.6745133104584973
sys - mean,0.047189819724284196,0.010678856664721802,0.01558372454087383,0.04505692788168195,0.1197419582891481,0.021167383204827226,94.25999999999999,-0.6976441775937203,-0.7031853137321009,-0.6777090037363085
