user_id,Precision@10 - macro,Recall@10 - macro,F1@10 - macro,NDCG@10,MRR@10,Gini,CatalogCoverage (PredictionCov),DeltaGap | popular_users,DeltaGap | medium_popular_users,DeltaGap | low_popular_users
sys - fold1,0.01866383881230117,0.009548567065653617,0.010728638005394257,0.031400073440040685,0.06973817098419433,0.02114451780925294,93.7,-0.690528308243292,-0.7007282228671197,-0.6755034529444334
sys - fold2,0.021845174973488868,0.010334983165768556,0.011850930580693128,0.032374670426210325,0.07012026797286605,0.02127245343595709,94.05,-0.702246060616252,-0.7046796213173764,-0.6772160516155418
sys - mean,0.02025450689289502,0.009941775115711086,0.011289784293043692,0.031887371933125505,0.06992921947853019,0.021208485622605015,93.875,-0.696387184429772,-0.702703922092248,-0.6763597522799876
