user_id,Precision@10 - macro,Recall@10 - macro,F1@10 - macro,NDCG@10,MRR@10,Gini,CatalogCoverage (PredictionCov),DeltaGap | popular_users,DeltaGap | medium_popular_users,DeltaGap | low_popular_users
sys - fold1,0.019406150583244963,0.021016626420456767,0.016751045969696444,0.027008967673310923,0.06233272736454073,0.03606432255747664,84.19,-0.6844776693819703,-0.6783187695889701,-0.6696996770523796
sys - mean,0.019406150583244963,0.021016626420456767,0.016751045969696444,0.027008967673310923,0.06233272736454073,0.03606432255747664,84.19,-0.6844776693819703,-0.6783187695889701,-0.6696996770523796
