user_id,Precision@5 - macro,Recall@5 - macro,F1@5 - macro,NDCG@5,MRR@5,Gini,CatalogCoverage (PredictionCov),DeltaGap | popular_users,DeltaGap | medium_popular_users,DeltaGap | low_popular_users
sys - fold1,0.033934252386002124,0.01079448406642898,0.014207902950789194,0.033756699752558184,0.04469777306468717,0.021082685553147684,93.88,-0.6950468374265302,-0.7027554223193632,-0.6758033541472758
sys - fold2,0.030573248407643312,0.011510927558330247,0.014472973540899313,0.03416668731663075,0.041489738145789094,0.021350457969484912,94.0,-0.6952352145926571,-0.7063843065260049,-0.6773341961596966
sys - mean,0.03225375039682272,0.011152705812379614,0.014340438245844253,0.03396169353459447,0.043093755605238135,0.021216571761316298,93.94,-0.6951410260095936,-0.7045698644226841,-0.6765687751534861
