user_id,Precision@5 - macro,Recall@5 - macro,F1@5 - macro,NDCG@5,MRR@5,Gini,CatalogCoverage (PredictionCov),DeltaGap | popular_users,DeltaGap | medium_popular_users,DeltaGap | low_popular_users
sys - fold1,0.0,0.0,0.0,0.0,0.0,0.021052818883259744,95.42,-0.6987354344892684,-0.7120542608500767,-0.6838000186608351
sys - fold2,0.036691410392364794,0.005655937141780493,0.008830617254856201,0.02403915908729644,0.07272887946270766,0.021288779742248694,93.7,-0.6891678853320026,-0.7025683599735314,-0.6783463012110318
sys - mean,0.018345705196182397,0.0028279685708902467,0.0044153086274281005,0.01201957954364822,0.03636443973135383,0.02117079931275422,94.56,-0.6939516599106355,-0.7073113104118041,-0.6810731599359334
