user_id,Precision@10 - macro,Recall@10 - macro,F1@10 - macro,NDCG@10,MRR@10,Gini,CatalogCoverage (PredictionCov),DeltaGap | popular_users,DeltaGap | medium_popular_users,DeltaGap | low_popular_users
sys - fold1,0.03722163308589608,0.016669833711732494,0.019731145298433894,0.04326124304720051,0.13238145735494622,0.02098590518061941,95.42,-0.6993898763276544,-0.7069604938938239,-0.6809046970141198
sys - fold2,0.04209968186638388,0.01776988361097783,0.021430681625736418,0.04725932755095032,0.13482637310845158,0.02134886122903504,93.1,-0.6958984788597862,-0.699410133570378,-0.6745133104584973
sys - mean,0.03966065747613998,0.017219858661355163,0.020580913462085154,0.045260285299075415,0.1336039152316989,0.021167383204827226,94.25999999999999,-0.6976441775937203,-0.7031853137321009,-0.6777090037363085
