user_id,Precision@10 - macro,Recall@10 - macro,F1@10 - macro,NDCG@10,MRR@10,Gini,CatalogCoverage (PredictionCov),DeltaGap | popular_users,DeltaGap | medium_popular_users,DeltaGap | low_popular_users
sys - fold1,0.022693531283138918,0.02506820800658602,0.01964965538153941,0.033635164864075785,0.0852337187968153,0.03608742889922974,84.07,-0.6745403499921493,-0.6829187104978056,-0.6710650354275252
sys - mean,0.022693531283138918,0.02506820800658602,0.01964965538153941,0.033635164864075785,0.0852337187968153,0.03608742889922974,84.07,-0.6745403499921493,-0.6829187104978056,-0.6710650354275252
