user_id,Precision@5 - macro,Recall@5 - macro,F1@5 - macro,NDCG@5,MRR@5,Gini,CatalogCoverage (PredictionCov),DeltaGap | popular_users,DeltaGap | medium_popular_users,DeltaGap | low_popular_users
sys - fold1,0.03266171792152705,0.011719822566364545,0.014788446694946786,0.03469545602810243,0.04616472251679039,0.021004627479815973,94.65,-0.7019559843336122,-0.7039540764539539,-0.6801833657482982
sys - fold2,0.03160127253446448,0.0108379896597769,0.014165216958668856,0.033852760875284,0.04036762106751502,0.02136473590959893,93.7,-0.6891345653824593,-0.7080701505814893,-0.6747981816028403
sys - mean,0.032131495227995764,0.011278906113070723,0.014476831826807821,0.034274108451693215,0.043266171792152704,0.02118468169470745,94.17500000000001,-0.6955452748580357,-0.7060121135177215,-0.6774907736755693
