user_id,Precision@5 - macro,Recall@5 - macro,F1@5 - macro,NDCG@5,MRR@5,Gini,CatalogCoverage (PredictionCov),DeltaGap | popular_users,DeltaGap | medium_popular_users,DeltaGap | low_popular_users
sys - fold1,0.5412513255567338,0.18911048679764347,0.2506846133019402,0.7445537422688324,0.6927536231884058,0.6075258783189235,93.82,0.0,0.0,0.0
sys - fold2,0.545068928950159,0.19441166344403976,0.25580469909588743,0.748654965890513,0.6978614351360904,0.6065475680089828,93.64,0.0,0.0,0.0
sys - mean,0.5431601272534464,0.19176107512084162,0.2532446561989138,0.7466043540796727,0.6953075291622481,0.6070367231639531,93.72999999999999,0.0,0.0,0.0
