user_id,Precision@10 - macro,Recall@10 - macro,F1@10 - macro,NDCG@10,MRR@10,Gini,CatalogCoverage (PredictionCov),DeltaGap | popular_users,DeltaGap | medium_popular_users,DeltaGap | low_popular_users
sys - fold1,0.012513255567338283,0.013507559766024881,0.01051119048339999,0.02103807130869022,0.04164099715531317,0.03612269486228518,84.13,-0.6656803349940474,-0.6823028526318048,-0.669373415077621
sys - mean,0.012513255567338283,0.013507559766024881,0.01051119048339999,0.02103807130869022,0.04164099715531317,0.03612269486228518,84.13,-0.6656803349940474,-0.6823028526318048,-0.669373415077621
