user_id,Precision@5 - macro,Recall@5 - macro,F1@5 - macro,NDCG@5,MRR@5,Gini,CatalogCoverage (PredictionCov),DeltaGap | popular_users,DeltaGap | medium_popular_users,DeltaGap | low_popular_users
sys - fold1,0.565641569459173,0.19727800136783186,0.25894913121279034,0.7510626232292522,0.721191233651467,0.6071056776933087,94.0,0.0,0.0,0.0
sys - fold2,0.5705196182396607,0.20374459556544486,0.2668128211094961,0.7509454029295708,0.7327147401908802,0.6065096134916989,93.22,0.0,0.0,0.0
sys - mean,0.5680805938494169,0.20051129846663834,0.26288097616114325,0.7510040130794116,0.7269529869211736,0.6068076455925038,93.61,0.0,0.0,0.0
