user_id,Precision@10 - macro,Recall@10 - macro,F1@10 - macro,NDCG@10,MRR@10,Gini,CatalogCoverage (PredictionCov),DeltaGap | popular_users,DeltaGap | medium_popular_users,DeltaGap | low_popular_users
sys - fold1,0.008271474019088019,0.00820671265702862,0.006775763369579605,0.013606989955456611,0.01849046440774967,0.03634093338772722,83.17,-0.6650333562797363,-0.6652635717592873,-0.6562014413194877
sys - mean,0.008271474019088019,0.00820671265702862,0.006775763369579605,0.013606989955456611,0.01849046440774967,0.03634093338772722,83.17,-0.6650333562797363,-0.6652635717592873,-0.6562014413194877
