user_id,Precision@5 - macro,Recall@5 - macro,F1@5 - macro,NDCG@5,MRR@5,Gini,CatalogCoverage (PredictionCov),DeltaGap | popular_users,DeltaGap | medium_popular_users,DeltaGap | low_popular_users
sys - fold1,0.0,0.0,0.0,0.0,0.0,0.02112425121522707,94.53,-0.6905369918122073,-0.7052960272408338,-0.6806968340592212
sys - fold2,0.03372216330858961,0.01139297931795374,0.014621287455651723,0.0354652275652824,0.044839165782962175,0.02133573737937133,93.28,-0.6928106431050238,-0.7044675477667733,-0.6767353742114183
sys - mean,0.016861081654294806,0.00569648965897687,0.0073106437278258616,0.0177326137826412,0.022419582891481087,0.0212299942972992,93.905,-0.6916738174586156,-0.7048817875038036,-0.6787161041353198
