user_id,Precision@5 - macro,Recall@5 - macro,F1@5 - macro,NDCG@5,MRR@5,Gini,CatalogCoverage (PredictionCov),DeltaGap | popular_users,DeltaGap | medium_popular_users,DeltaGap | low_popular_users
sys - fold1,0.01993637327677625,0.006072874187115244,0.008280030964380323,0.03132063081450642,0.06058677978084129,0.02114451780925294,93.7,-0.690528308243292,-0.7007282228671197,-0.6755034529444334
sys - fold2,0.023966065747614,0.00641160072206999,0.008982644499822237,0.03220335685918762,0.05929657122658183,0.02127245343595709,94.05,-0.702246060616252,-0.7046796213173764,-0.6772160516155418
sys - mean,0.021951219512195128,0.0062422374545926165,0.00863133773210128,0.031761993836847024,0.05994167550371156,0.021208485622605015,93.875,-0.696387184429772,-0.702703922092248,-0.6763597522799876
