user_id,Precision@10 - macro,Recall@10 - macro,F1@10 - macro,NDCG@10,MRR@10,Gini,CatalogCoverage (PredictionCov),DeltaGap | popular_users,DeltaGap | medium_popular_users,DeltaGap | low_popular_users
sys - fold1,0.021997874601487777,0.01233862183005807,0.012859321195439598,0.0330056069379166,0.049124116525816844,0.02107466996349298,94.47,-0.7005131721241831,-0.7031107024852199,-0.6766570726543167
sys - fold2,0.022163308589607637,0.011736768818449879,0.012531886737098182,0.03192609073718502,0.04956782642360585,0.021353212297958692,93.58,-0.6941775286795873,-0.7044013292514749,-0.6772360206280572
sys - mean,0.022080591595547705,0.012037695324253975,0.012695603966268891,0.03246584883755081,0.04934597147471134,0.021213941130725836,94.025,-0.6973453504018852,-0.7037560158683474,-0.676946546641187
