user_id,Precision@5 - macro,Recall@5 - macro,F1@5 - macro,NDCG@5,MRR@5,Gini,CatalogCoverage (PredictionCov),DeltaGap | popular_users,DeltaGap | medium_popular_users,DeltaGap | low_popular_users
sys - fold1,0.00975609756097561,0.004159690835678031,0.004873273525226337,0.012728328837819144,0.030364086249558147,0.03613489953517404,84.01,-0.6696340943362346,-0.6950022458331278,-0.6666522234199102
sys - mean,0.00975609756097561,0.004159690835678031,0.004873273525226337,0.012728328837819144,0.030364086249558147,0.03613489953517404,84.01,-0.6696340943362346,-0.6950022458331278,-0.6666522234199102
