user_id,Precision@5 - macro,Recall@5 - macro,F1@5 - macro,NDCG@5,MRR@5,Gini,CatalogCoverage (PredictionCov),DeltaGap | popular_users,DeltaGap | medium_popular_users,DeltaGap | low_popular_users
sys - fold1,0.032873806998939555,0.004599140864094733,0.007354158984051035,0.02313792402353528,0.05986214209968187,0.020967046467815373,95.42,-0.7052826242750988,-0.7065079336430751,-0.6807068018322109
sys - fold2,0.036691410392364794,0.005655937141780493,0.008830617254856201,0.02403915908729644,0.07272887946270766,0.021288779742248694,93.7,-0.6891678853320026,-0.7025683599735314,-0.6783463012110318
sys - mean,0.034782608695652174,0.005127539002937613,0.008092388119453618,0.023588541555415857,0.06629551078119476,0.021127913105032033,94.56,-0.6972252548035507,-0.7045381468083032,-0.6795265515216213
