user_id,Precision@5 - macro,Recall@5 - macro,F1@5 - macro,NDCG@5,MRR@5,Gini,CatalogCoverage (PredictionCov),DeltaGap | popular_users,DeltaGap | medium_popular_users,DeltaGap | low_popular_users
sys - fold1,0.5594909862142099,0.19677065796944257,0.2588917698719047,0.7510811079598437,0.725609756097561,0.6081229147710039,93.64,0.0,0.0,0.0
sys - fold2,0.5679745493107105,0.20162976158120896,0.2644726741041969,0.7495297981529877,0.7334747260516084,0.6065589051640401,93.88,0.0,0.0,0.0
sys - mean,0.5637327677624602,0.19920020977532577,0.2616822219880508,0.7503054530564157,0.7295422410745847,0.607340909967522,93.75999999999999,0.0,0.0,0.0
