user_id,Precision@10 - macro,Recall@10 - macro,F1@10 - macro,NDCG@10,MRR@10,Gini,CatalogCoverage (PredictionCov),DeltaGap | popular_users,DeltaGap | medium_popular_users,DeltaGap | low_popular_users
sys - fold1,0.5512195121951219,0.38238609561521675,0.38976228580671124,0.7779932905692726,0.6978138834183372,0.6075258783189235,93.82,0.0,0.0,0.0
sys - fold2,0.5603393425238601,0.3976511820987058,0.40025313339063007,0.7830265780278084,0.7016474776549007,0.6065475680089828,93.64,0.0,0.0,0.0
sys - mean,0.5557794273594909,0.3900186388569613,0.39500770959867065,0.7805099342985404,0.6997306805366189,0.6070367231639531,93.72999999999999,0.0,0.0,0.0
