user_id,Precision@5 - macro,Recall@5 - macro,F1@5 - macro,NDCG@5,MRR@5,Gini,CatalogCoverage (PredictionCov),DeltaGap | popular_users,DeltaGap | medium_popular_users,DeltaGap | low_popular_users
sys - fold1,0.02778366914103924,0.016084646735750874,0.017333209996818803,0.032704407276425845,0.07651113467656415,0.03608742889922974,84.07,-0.6745403499921493,-0.6829187104978056,-0.6710650354275252
sys - mean,0.02778366914103924,0.016084646735750874,0.017333209996818803,0.032704407276425845,0.07651113467656415,0.03608742889922974,84.07,-0.6745403499921493,-0.6829187104978056,-0.6710650354275252
