user_id,Precision@10 - macro,Recall@10 - macro,F1@10 - macro,NDCG@10,MRR@10,Gini,CatalogCoverage (PredictionCov),DeltaGap | popular_users,DeltaGap | medium_popular_users,DeltaGap | low_popular_users
sys - fold1,0.026086956521739132,0.011066974346501652,0.013095909893172709,0.0391601993452237,0.07598512009964821,0.021050691945390696,94.41,-0.694737733868003,-0.7052246932772029,-0.6785213745530374
sys - fold2,0.02895015906680806,0.01167012294300398,0.014241756398868316,0.040001490065448606,0.07953424565301553,0.021329442468074503,93.76,-0.6989064723501217,-0.7039899245475405,-0.6741121976486798
sys - mean,0.027518557794273597,0.011368548644752816,0.013668833146020513,0.039580844705336155,0.07775968287633186,0.0211900672067326,94.08500000000001,-0.6968221031090623,-0.7046073089123717,-0.6763167861008585
