user_id,Precision@5 - macro,Recall@5 - macro,F1@5 - macro,NDCG@5,MRR@5,Gini,CatalogCoverage (PredictionCov),DeltaGap | popular_users,DeltaGap | medium_popular_users,DeltaGap | low_popular_users
sys - fold1,0.548727465535525,0.45107218596518955,0.42776726112287716,0.7931663726909789,0.7133085896076352,0.5713887380431037,84.19,0.0,0.0,0.0
sys - mean,0.548727465535525,0.45107218596518955,0.42776726112287716,0.7931663726909789,0.7133085896076352,0.5713887380431037,84.19,0.0,0.0,0.0
