user_id,Precision@10 - macro,Recall@10 - macro,F1@10 - macro,NDCG@10,MRR@10,Gini,CatalogCoverage (PredictionCov),DeltaGap | popular_users,DeltaGap | medium_popular_users,DeltaGap | low_popular_users
sys - fold1,0.020572640509013786,0.005588344409351064,0.007693291675029414,0.024159680965379036,0.06302370011277753,0.020967046467815373,95.42,-0.7052826242750988,-0.7065079336430751,-0.6807068018322109
sys - fold2,0.021845174973488868,0.006412496627248383,0.008636576472737802,0.0245667544118452,0.07584078169974245,0.021288779742248694,93.7,-0.6891678853320026,-0.7025683599735314,-0.6783463012110318
sys - mean,0.021208907741251327,0.006000420518299724,0.008164934073883608,0.024363217688612118,0.06943224090625999,0.021127913105032033,94.56,-0.6972252548035507,-0.7045381468083032,-0.6795265515216213
