user_id,NDCG,Precision - macro,Recall@5 - macro
sys - fold1,0.921339138340817,0.5503967419005351,0.1936706281880176
sys - fold2,0.922018480096847,0.5593365650204382,0.2000128495675149
sys - mean,0.9216788092188319,0.5548666534604867,0.19684173887776624
