user_id,NDCG,Precision - macro,Recall@5 - macro
sys - fold1,0.918402673336936,0.5481148427161431,0.18732459691950015
sys - fold2,0.9181213664655244,0.553081712016404,0.19143803178871843
sys - mean,0.9182620199012302,0.5505982773662735,0.1893813143541093
