user_id,NDCG,Precision - macro,Recall@5 - macro
sys - fold1,0.9193239723861887,0.5467471327499165,0.1933874517195624
sys - fold2,0.9192445335333117,0.5467575769489826,0.20266762303273037
sys - mean,0.9192842529597502,0.5467523548494495,0.19802753737614637
