user_id,NDCG,Precision - macro,Recall@5 - macro
sys - fold1,0.9261936736977731,0.5525771385432563,0.2083389402067151
sys - fold2,0.9274469847668704,0.5484350904509537,0.21627159183028982
sys - mean,0.9268203292323217,0.5505061144971051,0.21230526601850247
