user_id,Precision@10 - macro,Recall@10 - macro,F1@10 - macro,NDCG@10,MRR@10,Gini - Top 10,CatalogCoverage - Top 10,DeltaGap - Top 10 | Blockbuster,DeltaGap - Top 10 | Niche,DeltaGap - Top 10 | Diverse
sys - fold1,0.09903973509933775,0.06915276665802893,0.06619207703119562,0.2592487883456511,0.2709490959739304,0.8404461227286073,27.39,0.5449310847011868,0.3152550893838984,0.06735109511397558
sys - mean,0.09903973509933775,0.06915276665802893,0.06619207703119562,0.2592487883456511,0.2709490959739304,0.8404461227286073,27.39,0.5449310847011868,0.3152550893838984,0.06735109511397558
