user_id,Precision@10 - macro,Recall@10 - macro,F1@10 - macro,NDCG@10,MRR@10,Gini - Top 10,CatalogCoverage - Top 10,DeltaGap - Top 10 | Blockbuster,DeltaGap - Top 10 | Niche,DeltaGap - Top 10 | Diverse
sys - fold1,0.6554586823136012,0.6183922014968827,0.5576287252415848,0.9453228026572801,0.8280849592790633,0.6781343963667372,76.01,0.1242208133311743,0.09332585456140702,-1.754861555438495e-05
sys - mean,0.6554586823136012,0.6183922014968827,0.5576287252415848,0.9453228026572801,0.8280849592790633,0.6781343963667372,76.01,0.1242208133311743,0.09332585456140702,-1.754861555438495e-05
