user_id,Precision@10 - macro,Recall@10 - macro,F1@10 - macro,NDCG@10,MRR@10,Gini - Top 10,CatalogCoverage - Top 10,DeltaGap - Top 10 | Blockbuster,DeltaGap - Top 10 | Niche,DeltaGap - Top 10 | Diverse
sys - fold1,0.6586882285209547,0.6143376325282159,0.5557179702410505,0.9421308509310966,0.8140656135480581,0.6908452479771916,74.8,0.19285750876175167,0.13904988398646448,0.042588360942318736
sys - mean,0.6586882285209547,0.6143376325282159,0.5557179702410505,0.9421308509310966,0.8140656135480581,0.6908452479771916,74.8,0.19285750876175167,0.13904988398646448,0.042588360942318736
