user_id,Precision@5 - macro,Recall@5 - macro,F1@5 - macro,NDCG@5,MRR@5,Gini - Top 5,CatalogCoverage - Top 5,DeltaGap - Top 5 | Blockbuster,DeltaGap - Top 5 | Niche,DeltaGap - Top 5 | Diverse
sys - fold1,0.5716721854304635,0.3670291875847604,0.37904994177500123,0.8373729588894313,0.7542880794701986,0.7301189819733666,57.12,0.1483810317861495,0.0792866896869123,-0.029986923072504754
sys - mean,0.5716721854304635,0.3670291875847604,0.37904994177500123,0.8373729588894313,0.7542880794701986,0.7301189819733666,57.12,0.1483810317861495,0.0792866896869123,-0.029986923072504754
