user_id,Precision@10 - macro,Recall@10 - macro,F1@10 - macro,NDCG@10,MRR@10,Gini - Top 10,CatalogCoverage - Top 10,DeltaGap - Top 10 | Blockbuster,DeltaGap - Top 10 | Niche,DeltaGap - Top 10 | Diverse
sys - fold1,0.028490972337253603,0.012579852124763482,0.014378243296741453,0.08967839434246022,0.07196586657411569,0.5517352304112403,95.55,-0.13330348056965477,-0.45564456976292517,-0.7656629689418416
sys - mean,0.028490972337253603,0.012579852124763482,0.014378243296741453,0.08967839434246022,0.07196586657411569,0.5517352304112403,95.55,-0.13330348056965477,-0.45564456976292517,-0.7656629689418416
