user_id,Precision@5 - macro,Recall@5 - macro,F1@5 - macro,NDCG@5,MRR@5,Gini - Top 5,CatalogCoverage - Top 5,DeltaGap - Top 5 | Blockbuster,DeltaGap - Top 5 | Niche,DeltaGap - Top 5 | Diverse
sys - fold1,0.6847682119205298,0.3965760309991414,0.4228956231317501,0.873052158403435,0.8173730684326711,0.6769093592954654,67.3,0.2819815836240767,0.26110927548852636,0.002256260886016114
sys - mean,0.6847682119205298,0.3965760309991414,0.4228956231317501,0.873052158403435,0.8173730684326711,0.6769093592954654,67.3,0.2819815836240767,0.26110927548852636,0.002256260886016114
