user_id,Precision@5 - macro,Recall@5 - macro,F1@5 - macro,NDCG@5,MRR@5,Gini - Top 5,CatalogCoverage - Top 5,DeltaGap - Top 5 | Blockbuster,DeltaGap - Top 5 | Niche,DeltaGap - Top 5 | Diverse
sys - fold1,0.6890811258278144,0.4089285513393322,0.4337388072917208,0.875980149390978,0.8310099337748345,0.6672561885503425,67.86,0.20531909869333723,0.11757887350365458,-0.044677663503434564
sys - mean,0.6890811258278144,0.4089285513393322,0.4337388072917208,0.875980149390978,0.8310099337748345,0.6672561885503425,67.86,0.20531909869333723,0.11757887350365458,-0.044677663503434564
