user_id,Precision@20 - macro,Recall@20 - macro,F1@20 - macro,NDCG@20,MRR@20,Gini - Top 20,CatalogCoverage - Top 20,DeltaGap - Top 20 | Blockbuster,DeltaGap - Top 20 | Niche,DeltaGap - Top 20 | Diverse
sys - fold1,0.027207222130197117,0.023379356119034907,0.020408361397368093,0.13532673902716938,0.0783853520778769,0.5319461774830068,98.43,-0.18677051399329722,-0.46393365580999796,-0.7555056365831166
sys - mean,0.027207222130197117,0.023379356119034907,0.020408361397368093,0.13532673902716938,0.0783853520778769,0.5319461774830068,98.43,-0.18677051399329722,-0.46393365580999796,-0.7555056365831166
