user_id,Precision@20 - macro,Recall@20 - macro,F1@20 - macro,NDCG@20,MRR@20,Gini - Top 20,CatalogCoverage - Top 20,DeltaGap - Top 20 | Blockbuster,DeltaGap - Top 20 | Niche,DeltaGap - Top 20 | Diverse
sys - fold1,0.08013245033112583,0.10810258815860184,0.07432896608522759,0.36087858156941044,0.2796294364942234,0.8378991826520514,37.56,0.256593540758819,0.15353809900069157,-0.0332291991132353
sys - mean,0.08013245033112583,0.10810258815860184,0.07432896608522759,0.36087858156941044,0.2796294364942234,0.8378991826520514,37.56,0.256593540758819,0.15353809900069157,-0.0332291991132353
