user_id,Precision@10 - macro,Recall@10 - macro,F1@10 - macro,NDCG@10,MRR@10,Gini - Top 10,CatalogCoverage - Top 10,DeltaGap - Top 10 | Blockbuster,DeltaGap - Top 10 | Niche,DeltaGap - Top 10 | Diverse
sys - fold1,0.0036435905929115605,0.0016125136059823811,0.0018127866091486185,0.027265536228754217,0.010008767225560867,0.7673143572190939,60.71,-0.6774012501031372,-0.7849616116481729,-0.879227820170716
sys - mean,0.0036435905929115605,0.0016125136059823811,0.0018127866091486185,0.027265536228754217,0.010008767225560867,0.7673143572190939,60.71,-0.6774012501031372,-0.7849616116481729,-0.879227820170716
