user_id,Precision@20 - macro,Recall@20 - macro,F1@20 - macro,NDCG@20,MRR@20,Gini - Top 20,CatalogCoverage - Top 20,DeltaGap - Top 20 | Blockbuster,DeltaGap - Top 20 | Niche,DeltaGap - Top 20 | Diverse
sys - fold1,0.0025248344370860927,0.0025299646869496647,0.0020293824694389015,0.026708051966292435,0.0076696769744344735,0.8056228784424421,24.69,-0.7663493046007737,-0.8541796774056127,-0.928446208761404
sys - mean,0.0025248344370860927,0.0025299646869496647,0.0020293824694389015,0.026708051966292435,0.0076696769744344735,0.8056228784424421,24.69,-0.7663493046007737,-0.8541796774056127,-0.928446208761404
