user_id,Precision@10 - macro,Recall@10 - macro,F1@10 - macro,NDCG@10,MRR@10,Gini - Top 10,CatalogCoverage - Top 10,DeltaGap - Top 10 | Blockbuster,DeltaGap - Top 10 | Niche,DeltaGap - Top 10 | Diverse
sys - fold1,0.5737819299905392,0.5763861532846234,0.5067852449401032,0.9269449812395438,0.7545316934720908,0.6405534339814245,80.57,0.04466824325625493,0.024091592838454856,-0.03647173342876784
sys - mean,0.5737819299905392,0.5763861532846234,0.5067852449401032,0.9269449812395438,0.7545316934720908,0.6405534339814245,80.57,0.04466824325625493,0.024091592838454856,-0.03647173342876784
