user_id,Precision@10 - macro,Recall@10 - macro,F1@10 - macro,NDCG@10,MRR@10,Gini - Top 10,CatalogCoverage - Top 10,DeltaGap - Top 10 | Blockbuster,DeltaGap - Top 10 | Niche,DeltaGap - Top 10 | Diverse
sys - fold1,0.5761006351309432,0.5764231488411572,0.5091883192516403,0.9263451055460111,0.7541153383071237,0.6404505874262723,81.0,0.04514501977335613,0.02213677925481183,-0.040490728912535134
sys - mean,0.5761006351309432,0.5764231488411572,0.5091883192516403,0.9263451055460111,0.7541153383071237,0.6404505874262723,81.0,0.04514501977335613,0.02213677925481183,-0.040490728912535134
