user_id,Precision@20 - macro,Recall@20 - macro,F1@20 - macro,NDCG@20,MRR@20,Gini - Top 20,CatalogCoverage - Top 20,DeltaGap - Top 20 | Blockbuster,DeltaGap - Top 20 | Niche,DeltaGap - Top 20 | Diverse
sys - fold1,0.0037843656840013252,0.003966048992298431,0.003035271313078264,0.04223507556894479,0.012201908386713702,0.7594678287364707,75.63,-0.684711423071169,-0.7777794972079825,-0.8637306596308161
sys - mean,0.0037843656840013252,0.003966048992298431,0.003035271313078264,0.04223507556894479,0.012201908386713702,0.7594678287364707,75.63,-0.684711423071169,-0.7777794972079825,-0.8637306596308161
