user_id,Precision@10 - macro,Recall@10 - macro,F1@10 - macro,NDCG@10,MRR@10,Gini - Top 10,CatalogCoverage - Top 10,DeltaGap - Top 10 | Blockbuster,DeltaGap - Top 10 | Niche,DeltaGap - Top 10 | Diverse
sys - fold1,0.5560774486453518,0.5656265475869412,0.49682604080537357,0.9227876165463278,0.72489267706641,0.633882673511418,82.06,0.04272256719176583,0.016538404814768166,-0.047889877697212105
sys - mean,0.5560774486453518,0.5656265475869412,0.49682604080537357,0.9227876165463278,0.72489267706641,0.633882673511418,82.06,0.04272256719176583,0.016538404814768166,-0.047889877697212105
