user_id,Precision@10 - macro,Recall@10 - macro,F1@10 - macro,NDCG@10,MRR@10,Gini - Top 10,CatalogCoverage - Top 10,DeltaGap - Top 10 | Blockbuster,DeltaGap - Top 10 | Niche,DeltaGap - Top 10 | Diverse
sys - fold1,0.5706828972065805,0.5752611158711808,0.5059696963331496,0.9266187257250839,0.7518162747046483,0.6418038095386693,81.14,0.04606807048784294,0.031224400153732946,-0.028412737957946813
sys - mean,0.5706828972065805,0.5752611158711808,0.5059696963331496,0.9266187257250839,0.7518162747046483,0.6418038095386693,81.14,0.04606807048784294,0.031224400153732946,-0.028412737957946813
