user_id,Precision@20 - macro,Recall@20 - macro,F1@20 - macro,NDCG@20,MRR@20,Gini - Top 20,CatalogCoverage - Top 20,DeltaGap - Top 20 | Blockbuster,DeltaGap - Top 20 | Niche,DeltaGap - Top 20 | Diverse
sys - fold1,0.0023931765485260023,0.002508935054747329,0.0019331369021254778,0.02994537989364442,0.009489482207155467,0.8091863596434895,25.12,-0.765016734279932,-0.8401430864249848,-0.9293044983647316
sys - mean,0.0023931765485260023,0.002508935054747329,0.0019331369021254778,0.02994537989364442,0.009489482207155467,0.8091863596434895,25.12,-0.765016734279932,-0.8401430864249848,-0.9293044983647316
