user_id,Precision@10 - macro,Recall@10 - macro,F1@10 - macro,NDCG@10,MRR@10,Gini - Top 10,CatalogCoverage - Top 10,DeltaGap - Top 10 | Blockbuster,DeltaGap - Top 10 | Niche,DeltaGap - Top 10 | Diverse
sys - fold1,0.5864673931613823,0.5732339961133854,0.5077387624265558,0.9278314088849003,0.7548973339956945,0.6451316494533321,80.3,0.07019891954302332,0.048012086828632915,-0.025927915186826418
sys - mean,0.5864673931613823,0.5732339961133854,0.5077387624265558,0.9278314088849003,0.7548973339956945,0.6451316494533321,80.3,0.07019891954302332,0.048012086828632915,-0.025927915186826418
