user_id,Precision@5 - macro,Recall@5 - macro,F1@5 - macro,NDCG@5,MRR@5,Gini - Top 5,CatalogCoverage - Top 5,DeltaGap - Top 5 | Blockbuster,DeltaGap - Top 5 | Niche,DeltaGap - Top 5 | Diverse
sys - fold1,0.6848096026490066,0.3955339265976327,0.4219737332106965,0.8701245301357341,0.817924944812362,0.6773662960950168,66.95,0.3044716039825201,0.21533436187777943,0.0030564838978017097
sys - mean,0.6848096026490066,0.3955339265976327,0.4219737332106965,0.8701245301357341,0.817924944812362,0.6773662960950168,66.95,0.3044716039825201,0.21533436187777943,0.0030564838978017097
