user_id,Precision@5 - macro,Recall@5 - macro,F1@5 - macro,NDCG@5,MRR@5,Gini - Top 5,CatalogCoverage - Top 5,DeltaGap - Top 5 | Blockbuster,DeltaGap - Top 5 | Niche,DeltaGap - Top 5 | Diverse
sys - fold1,0.5486920529801325,0.3563075678104853,0.3663219410590152,0.8285867459465106,0.7195309050772628,0.6169323102922034,72.77,0.10373296516403548,0.034920500115130794,-0.09575692027302829
sys - mean,0.5486920529801325,0.3563075678104853,0.3663219410590152,0.8285867459465106,0.7195309050772628,0.6169323102922034,72.77,0.10373296516403548,0.034920500115130794,-0.09575692027302829
