user_id,Precision@10 - macro,Recall@10 - macro,F1@10 - macro,NDCG@10,MRR@10,Gini - Top 10,CatalogCoverage - Top 10,DeltaGap - Top 10 | Blockbuster,DeltaGap - Top 10 | Niche,DeltaGap - Top 10 | Diverse
sys - fold1,0.6661790951408438,0.6216757897236828,0.5617602038464863,0.9480930431370314,0.8616802950136283,0.6995433161693072,75.12,0.18221050459662405,0.1648229474072426,0.06529681476863161
sys - mean,0.6661790951408438,0.6216757897236828,0.5617602038464863,0.9480930431370314,0.8616802950136283,0.6995433161693072,75.12,0.18221050459662405,0.1648229474072426,0.06529681476863161
