user_id,Precision@10 - macro,Recall@10 - macro,F1@10 - macro,NDCG@10,MRR@10,Gini - Top 10,CatalogCoverage - Top 10,DeltaGap - Top 10 | Blockbuster,DeltaGap - Top 10 | Niche,DeltaGap - Top 10 | Diverse
sys - fold1,0.6558443051613582,0.6185441040428539,0.5564626609159362,0.9495766286604803,0.8749088746977821,0.7441844791519705,68.24,0.28898660180188274,0.38339359926629757,0.14272007379860754
sys - mean,0.6558443051613582,0.6185441040428539,0.5564626609159362,0.9495766286604803,0.8749088746977821,0.7441844791519705,68.24,0.28898660180188274,0.38339359926629757,0.14272007379860754
