user_id,Precision@10 - macro,Recall@10 - macro,F1@10 - macro,NDCG@10,MRR@10,Gini - Top 10,CatalogCoverage - Top 10,DeltaGap - Top 10 | Blockbuster,DeltaGap - Top 10 | Niche,DeltaGap - Top 10 | Diverse
sys - fold1,0.664153614410322,0.6205492440157618,0.5612991559971834,0.9481816672053185,0.8629405958032987,0.6910135266227703,73.83,0.18488339710801147,0.14995926053986708,0.06008599333791636
sys - mean,0.664153614410322,0.6205492440157618,0.5612991559971834,0.9481816672053185,0.8629405958032987,0.6910135266227703,73.83,0.18488339710801147,0.14995926053986708,0.06008599333791636
