user_id,Precision@10 - macro,Recall@10 - macro,F1@10 - macro,NDCG@10,MRR@10,Gini - Top 10,CatalogCoverage - Top 10,DeltaGap - Top 10 | Blockbuster,DeltaGap - Top 10 | Niche,DeltaGap - Top 10 | Diverse
sys - fold1,0.6651206901082729,0.6238883218601163,0.5643820427430934,0.9513914886791232,0.8876526200988121,0.7382624354133271,68.51,0.319113345016263,0.37875802208510484,0.1409353435464118
sys - mean,0.6651206901082729,0.6238883218601163,0.5643820427430934,0.9513914886791232,0.8876526200988121,0.7382624354133271,68.51,0.319113345016263,0.37875802208510484,0.1409353435464118
