user_id,Precision@5 - macro,Recall@5 - macro,F1@5 - macro,NDCG@5,MRR@5,Gini - Top 5,CatalogCoverage - Top 5,DeltaGap - Top 5 | Blockbuster,DeltaGap - Top 5 | Niche,DeltaGap - Top 5 | Diverse
sys - fold1,0.5704455117588606,0.35782269992685967,0.3719670579174544,0.8331822013907586,0.7340316881969746,0.6173688827718261,73.64,0.13610531307128165,0.04676066002166421,-0.09719324156311619
sys - mean,0.5704455117588606,0.35782269992685967,0.3719670579174544,0.8331822013907586,0.7340316881969746,0.6173688827718261,73.64,0.13610531307128165,0.04676066002166421,-0.09719324156311619
