user_id,Precision@10 - macro,Recall@10 - macro,F1@10 - macro,NDCG@10,MRR@10,Gini - Top 10,CatalogCoverage - Top 10,DeltaGap - Top 10 | Blockbuster,DeltaGap - Top 10 | Niche,DeltaGap - Top 10 | Diverse
sys - fold1,0.01689301093077178,0.012361002728509422,0.011608604844092247,0.08001652909296769,0.047520794229141364,0.707347606701283,42.07,-0.3292935364041049,-0.5550465013493585,-0.7911157135772218
sys - mean,0.01689301093077178,0.012361002728509422,0.011608604844092247,0.08001652909296769,0.047520794229141364,0.707347606701283,42.07,-0.3292935364041049,-0.5550465013493585,-0.7911157135772218
