user_id,Precision@10 - macro,Recall@10 - macro,F1@10 - macro,NDCG@10,MRR@10,Gini - Top 10,CatalogCoverage - Top 10,DeltaGap - Top 10 | Blockbuster,DeltaGap - Top 10 | Niche,DeltaGap - Top 10 | Diverse
sys - fold1,0.5861191291134982,0.581561287621628,0.514400350234041,0.9297722523239049,0.7754559088734312,0.6431233618317587,81.38,0.05447848508216553,0.02332530810663687,-0.08342171477446896
sys - mean,0.5861191291134982,0.581561287621628,0.514400350234041,0.9297722523239049,0.7754559088734312,0.6431233618317587,81.38,0.05447848508216553,0.02332530810663687,-0.08342171477446896
