user_id,Precision@20 - macro,Recall@20 - macro,F1@20 - macro,NDCG@20,MRR@20,Gini - Top 20,CatalogCoverage - Top 20,DeltaGap - Top 20 | Blockbuster,DeltaGap - Top 20 | Niche,DeltaGap - Top 20 | Diverse
sys - fold1,0.004223252732692945,0.0037573093273344967,0.0031141229329467108,0.037589281502069055,0.012324057552586977,0.7563663303755839,49.97,-0.6900564813309289,-0.7959916568559189,-0.9174184400645123
sys - mean,0.004223252732692945,0.0037573093273344967,0.0031141229329467108,0.037589281502069055,0.012324057552586977,0.7563663303755839,49.97,-0.6900564813309289,-0.7959916568559189,-0.9174184400645123
