user_id,Precision@5 - macro,Recall@5 - macro,F1@5 - macro,NDCG@5,MRR@5,Gini - Top 5,CatalogCoverage - Top 5,DeltaGap - Top 5 | Blockbuster,DeltaGap - Top 5 | Niche,DeltaGap - Top 5 | Diverse
sys - fold1,0.580424944812362,0.3676532543481918,0.3812700987053577,0.8444164446872432,0.7598620309050772,0.7084343228527378,58.31,0.16379300232221017,0.12371501734253873,-0.013935175023271669
sys - mean,0.580424944812362,0.3676532543481918,0.3812700987053577,0.8444164446872432,0.7598620309050772,0.7084343228527378,58.31,0.16379300232221017,0.12371501734253873,-0.013935175023271669
