user_id,Precision@5 - macro,Recall@5 - macro,F1@5 - macro,NDCG@5,MRR@5,Gini - Top 5,CatalogCoverage - Top 5,DeltaGap - Top 5 | Blockbuster,DeltaGap - Top 5 | Niche,DeltaGap - Top 5 | Diverse
sys - fold1,0.6857269063000385,0.40813634415438166,0.4317903294338518,0.8750326758776147,0.827527469493678,0.6661424911815815,68.29,0.20078287098513733,0.1281312267095415,-0.06536618682050437
sys - mean,0.6857269063000385,0.40813634415438166,0.4317903294338518,0.8750326758776147,0.827527469493678,0.6661424911815815,68.29,0.20078287098513733,0.1281312267095415,-0.06536618682050437
