user_id,Precision@10 - macro,Recall@10 - macro,F1@10 - macro,NDCG@10,MRR@10,Gini - Top 10,CatalogCoverage - Top 10,DeltaGap - Top 10 | Blockbuster,DeltaGap - Top 10 | Niche,DeltaGap - Top 10 | Diverse
sys - fold1,0.572488108378009,0.5740223587218799,0.5056667817803048,0.9296990578279084,0.762464062335751,0.6979009912152638,71.61,0.08404129856914391,0.06219064546956019,0.002604002204924455
sys - mean,0.572488108378009,0.5740223587218799,0.5056667817803048,0.9296990578279084,0.762464062335751,0.6979009912152638,71.61,0.08404129856914391,0.06219064546956019,0.002604002204924455
