user_id,Precision@5 - macro,Recall@5 - macro,F1@5 - macro,NDCG@5,MRR@5,Gini - Top 5,CatalogCoverage - Top 5,DeltaGap - Top 5 | Blockbuster,DeltaGap - Top 5 | Niche,DeltaGap - Top 5 | Diverse
sys - fold1,0.6371584699453552,0.3816481924161439,0.40075247909396167,0.8566753862695197,0.809358613456974,0.6687149608265642,67.19,0.16427763896294179,0.10122841525466209,-0.03747706164197044
sys - mean,0.6371584699453552,0.3816481924161439,0.40075247909396167,0.8566753862695197,0.809358613456974,0.6687149608265642,67.19,0.16427763896294179,0.10122841525466209,-0.03747706164197044
