user_id,Precision@10 - macro,Recall@10 - macro,F1@10 - macro,NDCG@10,MRR@10,Gini - Top 10,CatalogCoverage - Top 10,DeltaGap - Top 10 | Blockbuster,DeltaGap - Top 10 | Niche,DeltaGap - Top 10 | Diverse
sys - fold1,0.5719843240828341,0.5751564950232539,0.5060863563768543,0.9264188959602112,0.7529113450015767,0.7186855245633949,70.94,0.08309121277832385,0.06496688564140331,0.017441670361051004
sys - mean,0.5719843240828341,0.5751564950232539,0.5060863563768543,0.9264188959602112,0.7529113450015767,0.7186855245633949,70.94,0.08309121277832385,0.06496688564140331,0.017441670361051004
