user_id,Precision@5 - macro,Recall@5 - macro,F1@5 - macro,NDCG@5,MRR@5,Gini - Top 5,CatalogCoverage - Top 5,DeltaGap - Top 5 | Blockbuster,DeltaGap - Top 5 | Niche,DeltaGap - Top 5 | Diverse
sys - fold1,0.7111258278145695,0.42382572496635296,0.44813472116514175,0.8894624530801102,0.8775579470198676,0.7561950221861289,51.83,0.5523026758118079,0.5561441757862635,0.31320785828887865
sys - mean,0.7111258278145695,0.42382572496635296,0.44813472116514175,0.8894624530801102,0.8775579470198676,0.7561950221861289,51.83,0.5523026758118079,0.5561441757862635,0.31320785828887865
