user_id,Precision@10 - macro,Recall@10 - macro,F1@10 - macro,NDCG@10,MRR@10,Gini - Top 10,CatalogCoverage - Top 10,DeltaGap - Top 10 | Blockbuster,DeltaGap - Top 10 | Niche,DeltaGap - Top 10 | Diverse
sys - fold1,0.6524666529966298,0.6190140134954888,0.5553353737606745,0.9440137917908135,0.8112801463745485,0.6743566435501828,76.74,0.11058960664308436,0.07183779204273842,-0.025419064929309145
sys - mean,0.6524666529966298,0.6190140134954888,0.5553353737606745,0.9440137917908135,0.8112801463745485,0.6743566435501828,76.74,0.11058960664308436,0.07183779204273842,-0.025419064929309145
