user_id,Precision@10 - macro,Recall@10 - macro,F1@10 - macro,NDCG@10,MRR@10,Gini - Top 10,CatalogCoverage - Top 10,DeltaGap - Top 10 | Blockbuster,DeltaGap - Top 10 | Niche,DeltaGap - Top 10 | Diverse
sys - fold1,0.6648007332071901,0.6178701865200623,0.5591307254145602,0.9433171872691325,0.8296257095553453,0.6966916821033459,75.28,0.2071011459998021,0.17243192823047734,0.05252696644946026
sys - mean,0.6648007332071901,0.6178701865200623,0.5591307254145602,0.9433171872691325,0.8296257095553453,0.6966916821033459,75.28,0.2071011459998021,0.17243192823047734,0.05252696644946026
