user_id,Precision@10 - macro,Recall@10 - macro,F1@10 - macro,NDCG@10,MRR@10,Gini - Top 10,CatalogCoverage - Top 10,DeltaGap - Top 10 | Blockbuster,DeltaGap - Top 10 | Niche,DeltaGap - Top 10 | Diverse
sys - fold1,0.012603511096389535,0.006717340175407117,0.007088460543562453,0.06149145691609434,0.03574655488782683,0.7129145270139831,52.78,-0.3862073120187493,-0.5252486876818896,-0.6931598255054722
sys - mean,0.012603511096389535,0.006717340175407117,0.007088460543562453,0.06149145691609434,0.03574655488782683,0.7129145270139831,52.78,-0.3862073120187493,-0.5252486876818896,-0.6931598255054722
