user_id,Precision@10 - macro,Recall@10 - macro,F1@10 - macro,NDCG@10,MRR@10,Gini - Top 10,CatalogCoverage - Top 10,DeltaGap - Top 10 | Blockbuster,DeltaGap - Top 10 | Niche,DeltaGap - Top 10 | Diverse
sys - fold1,0.012421331566743955,0.005256139494827837,0.006104171160337327,0.06072326166867728,0.03580162936323917,0.6290872344896478,92.26,-0.3677442339418428,-0.5621843594999341,-0.7662038344074014
sys - mean,0.012421331566743955,0.005256139494827837,0.006104171160337327,0.06072326166867728,0.03580162936323917,0.6290872344896478,92.26,-0.3677442339418428,-0.5621843594999341,-0.7662038344074014
