user_id,Precision@20 - macro,Recall@20 - macro,F1@20 - macro,NDCG@20,MRR@20,Gini - Top 20,CatalogCoverage - Top 20,DeltaGap - Top 20 | Blockbuster,DeltaGap - Top 20 | Niche,DeltaGap - Top 20 | Diverse
sys - fold1,0.006285193772772442,0.006754806444828576,0.004995598622401821,0.06580205140132415,0.023148809839731214,0.2866230023060643,99.43,-0.6079513750795817,-0.6877868796407315,-0.8083209586282787
sys - mean,0.006285193772772442,0.006754806444828576,0.004995598622401821,0.06580205140132415,0.023148809839731214,0.2866230023060643,99.43,-0.6079513750795817,-0.6877868796407315,-0.8083209586282787
