user_id,Precision@10 - macro,Recall@10 - macro,F1@10 - macro,NDCG@10,MRR@10,Gini - Top 10,CatalogCoverage - Top 10,DeltaGap - Top 10 | Blockbuster,DeltaGap - Top 10 | Niche,DeltaGap - Top 10 | Diverse
sys - fold1,0.018228476821192052,0.009920870952114922,0.01033930465213938,0.09149077161482944,0.054023113108378006,0.8993256634601441,7.39,-0.32075519522867413,-0.396713256002445,-0.48235026329075986
sys - mean,0.018228476821192052,0.009920870952114922,0.01033930465213938,0.09149077161482944,0.054023113108378006,0.8993256634601441,7.39,-0.32075519522867413,-0.396713256002445,-0.48235026329075986
