user_id,Precision@10 - macro,Recall@10 - macro,F1@10 - macro,NDCG@10,MRR@10,Gini - Top 10,CatalogCoverage - Top 10,DeltaGap - Top 10 | Blockbuster,DeltaGap - Top 10 | Niche,DeltaGap - Top 10 | Diverse
sys - fold1,0.009970188804239815,0.006497663897022427,0.006293477895413279,0.05079085913737919,0.02852476642638948,0.4908961791117231,97.95,-0.4762361048758534,-0.6655563378175822,-0.8357789073752828
sys - mean,0.009970188804239815,0.006497663897022427,0.006293477895413279,0.05079085913737919,0.02852476642638948,0.4908961791117231,97.95,-0.4762361048758534,-0.6655563378175822,-0.8357789073752828
