user_id,Precision@20 - macro,Recall@20 - macro,F1@20 - macro,NDCG@20,MRR@20,Gini - Top 20,CatalogCoverage - Top 20,DeltaGap - Top 20 | Blockbuster,DeltaGap - Top 20 | Niche,DeltaGap - Top 20 | Diverse
sys - fold1,0.01206525339516396,0.013167404729647792,0.010001819811653637,0.09457629923109291,0.04112552052439602,0.6791998914962798,62.14,-0.44972136891559095,-0.5440565267789487,-0.6877275305912024
sys - mean,0.01206525339516396,0.013167404729647792,0.010001819811653637,0.09457629923109291,0.04112552052439602,0.6791998914962798,62.14,-0.44972136891559095,-0.5440565267789487,-0.6877275305912024
