user_id,Precision@20 - macro,Recall@20 - macro,F1@20 - macro,NDCG@20,MRR@20,Gini - Top 20,CatalogCoverage - Top 20,DeltaGap - Top 20 | Blockbuster,DeltaGap - Top 20 | Niche,DeltaGap - Top 20 | Diverse
sys - fold1,0.004695263332229215,0.0050950521792570876,0.0038676836491966285,0.05083772199428774,0.016143642552874024,0.4734365391866887,99.43,-0.6216518415856728,-0.7115422282267786,-0.8585975775596258
sys - mean,0.004695263332229215,0.0050950521792570876,0.0038676836491966285,0.05083772199428774,0.016143642552874024,0.4734365391866887,99.43,-0.6216518415856728,-0.7115422282267786,-0.8585975775596258
