user_id,Precision@20 - macro,Recall@20 - macro,F1@20 - macro,NDCG@20,MRR@20,Gini - Top 20,CatalogCoverage - Top 20,DeltaGap - Top 20 | Blockbuster,DeltaGap - Top 20 | Niche,DeltaGap - Top 20 | Diverse
sys - fold1,0.011593242795627694,0.009908380709295936,0.008496811210063593,0.09080164055016078,0.040221739615984985,0.6038264558445448,98.41,-0.4219322105188812,-0.5751592591021903,-0.7639600822840692
sys - mean,0.011593242795627694,0.009908380709295936,0.008496811210063593,0.09080164055016078,0.040221739615984985,0.6038264558445448,98.41,-0.4219322105188812,-0.5751592591021903,-0.7639600822840692
