user_id,Precision@20 - macro,Recall@20 - macro,F1@20 - macro,NDCG@20,MRR@20,Gini - Top 20,CatalogCoverage - Top 20,DeltaGap - Top 20 | Blockbuster,DeltaGap - Top 20 | Niche,DeltaGap - Top 20 | Diverse
sys - fold1,0.016299668874172186,0.01734697341459822,0.01343935113881917,0.13584133718935593,0.05980070428893933,0.8858411638311178,11.14,-0.39502144284269736,-0.4461132696833138,-0.5083487898262594
sys - mean,0.016299668874172186,0.01734697341459822,0.01343935113881917,0.13584133718935593,0.05980070428893933,0.8858411638311178,11.14,-0.39502144284269736,-0.4461132696833138,-0.5083487898262594
