user_id,Precision@10 - macro,Recall@10 - macro,F1@10 - macro,NDCG@10,MRR@10,Gini - Top 10,CatalogCoverage - Top 10,DeltaGap - Top 10 | Blockbuster,DeltaGap - Top 10 | Niche,DeltaGap - Top 10 | Diverse
sys - fold1,0.019933774834437087,0.010707362400513442,0.011322410202605764,0.09657955627124813,0.05474528277094502,0.8970663751902099,8.34,-0.2821542084161746,-0.3620111804686621,-0.4447387393211662
sys - mean,0.019933774834437087,0.010707362400513442,0.011322410202605764,0.09657955627124813,0.05474528277094502,0.8970663751902099,8.34,-0.2821542084161746,-0.3620111804686621,-0.4447387393211662
