user_id,Precision@20 - macro,Recall@20 - macro,F1@20 - macro,NDCG@20,MRR@20,Gini - Top 20,CatalogCoverage - Top 20,DeltaGap - Top 20 | Blockbuster,DeltaGap - Top 20 | Niche,DeltaGap - Top 20 | Diverse
sys - fold1,0.04306291390728477,0.05465214546341296,0.03834459376252921,0.223015275662616,0.14706310687276078,0.7129551991628521,97.17,0.08060380915095415,-0.19823984770213618,-0.5645222487517038
sys - mean,0.04306291390728477,0.05465214546341296,0.03834459376252921,0.223015275662616,0.14706310687276078,0.7129551991628521,97.17,0.08060380915095415,-0.19823984770213618,-0.5645222487517038
