user_id,Precision@10 - macro,Recall@10 - macro,F1@10 - macro,NDCG@10,MRR@10,Gini - Top 10,CatalogCoverage - Top 10,DeltaGap - Top 10 | Blockbuster,DeltaGap - Top 10 | Niche,DeltaGap - Top 10 | Diverse
sys - fold1,0.050016556291390735,0.033117157168451886,0.03200173069257617,0.15496369086012154,0.1389970303794807,0.7304107878401974,90.37,0.19269552903748519,-0.15483009953578897,-0.5569932957470406
sys - mean,0.050016556291390735,0.033117157168451886,0.03200173069257617,0.15496369086012154,0.1389970303794807,0.7304107878401974,90.37,0.19269552903748519,-0.15483009953578897,-0.5569932957470406
