user_id,Precision@20 - macro,Recall@20 - macro,F1@20 - macro,NDCG@20,MRR@20,Gini - Top 20,CatalogCoverage - Top 20,DeltaGap - Top 20 | Blockbuster,DeltaGap - Top 20 | Niche,DeltaGap - Top 20 | Diverse
sys - fold1,0.018485099337748345,0.024158374604801608,0.01648202214985028,0.12613456149955135,0.058256232830164616,0.681942609949972,58.47,-0.2548202399034749,-0.437764475512498,-0.6240258725595608
sys - mean,0.018485099337748345,0.024158374604801608,0.01648202214985028,0.12613456149955135,0.058256232830164616,0.681942609949972,58.47,-0.2548202399034749,-0.437764475512498,-0.6240258725595608
