user_id,Precision@20 - macro,Recall@20 - macro,F1@20 - macro,NDCG@20,MRR@20,Gini - Top 20,CatalogCoverage - Top 20,DeltaGap - Top 20 | Blockbuster,DeltaGap - Top 20 | Niche,DeltaGap - Top 20 | Diverse
sys - fold1,0.017591059602649006,0.019723642786482656,0.014915498905732913,0.14485215922162356,0.06138054641980354,0.8839700131308518,12.52,-0.3638812650642266,-0.4102844592960489,-0.49381647839102333
sys - mean,0.017591059602649006,0.019723642786482656,0.014915498905732913,0.14485215922162356,0.06138054641980354,0.8839700131308518,12.52,-0.3638812650642266,-0.4102844592960489,-0.49381647839102333
