user_id,Precision@20 - macro,Recall@20 - macro,F1@20 - macro,NDCG@20,MRR@20,Gini - Top 20,CatalogCoverage - Top 20,DeltaGap - Top 20 | Blockbuster,DeltaGap - Top 20 | Niche,DeltaGap - Top 20 | Diverse
sys - fold1,0.010525008280887711,0.012588523787375093,0.009058764447321989,0.09083047631240833,0.037385839824734306,0.32666082988685236,46.92,-0.44863298563610954,-0.6154286669840778,-0.7633405902324291
sys - mean,0.010525008280887711,0.012588523787375093,0.009058764447321989,0.09083047631240833,0.037385839824734306,0.32666082988685236,46.92,-0.44863298563610954,-0.6154286669840778,-0.7633405902324291
