user_id,Precision@10 - macro,Recall@10 - macro,F1@10 - macro,NDCG@10,MRR@10,Gini - Top 10,CatalogCoverage - Top 10,DeltaGap - Top 10 | Blockbuster,DeltaGap - Top 10 | Niche,DeltaGap - Top 10 | Diverse
sys - fold1,0.019652317880794704,0.013362619254688096,0.012456465258158125,0.08132277048503603,0.05159603962998003,0.7188876043152261,50.62,-0.1940990966840293,-0.40409424642846253,-0.6214331079263508
sys - mean,0.019652317880794704,0.013362619254688096,0.012456465258158125,0.08132277048503603,0.05159603962998003,0.7188876043152261,50.62,-0.1940990966840293,-0.40409424642846253,-0.6214331079263508
