user_id,Precision@10 - macro,Recall@10 - macro,F1@10 - macro,NDCG@10,MRR@10,Gini - Top 10,CatalogCoverage - Top 10,DeltaGap - Top 10 | Blockbuster,DeltaGap - Top 10 | Niche,DeltaGap - Top 10 | Diverse
sys - fold1,0.02021523178807947,0.013152760189820879,0.012976859171079297,0.09087867895634813,0.044758159886471145,0.8129570299093695,28.12,-0.433866007093336,-0.5764863709935318,-0.7397299336043207
sys - mean,0.02021523178807947,0.013152760189820879,0.012976859171079297,0.09087867895634813,0.044758159886471145,0.8129570299093695,28.12,-0.433866007093336,-0.5764863709935318,-0.7397299336043207
