user_id,Precision@10 - macro,Recall@10 - macro,F1@10 - macro,NDCG@10,MRR@10,Gini - Top 10,CatalogCoverage - Top 10,DeltaGap - Top 10 | Blockbuster,DeltaGap - Top 10 | Niche,DeltaGap - Top 10 | Diverse
sys - fold1,0.015281456953642386,0.006980653785224579,0.0075640062070773785,0.06867624578561007,0.04092261904761905,0.611771086392226,85.91,-0.3146086751317483,-0.5201369220841537,-0.7438532854317134
sys - mean,0.015281456953642386,0.006980653785224579,0.0075640062070773785,0.06867624578561007,0.04092261904761905,0.611771086392226,85.91,-0.3146086751317483,-0.5201369220841537,-0.7438532854317134
