user_id,Precision@10 - macro,Recall@10 - macro,F1@10 - macro,NDCG@10,MRR@10,Gini - Top 10,CatalogCoverage - Top 10,DeltaGap - Top 10 | Blockbuster,DeltaGap - Top 10 | Niche,DeltaGap - Top 10 | Diverse
sys - fold1,0.014077509108976483,0.009727511474473465,0.009209799139178867,0.07287433785785798,0.04177642128950509,0.6960713506938968,35.54,-0.4156883985278349,-0.5486357718252229,-0.7891023448938701
sys - mean,0.014077509108976483,0.009727511474473465,0.009209799139178867,0.07287433785785798,0.04177642128950509,0.6960713506938968,35.54,-0.4156883985278349,-0.5486357718252229,-0.7891023448938701
