user_id,Precision@10 - macro,Recall@10 - macro,F1@10 - macro,NDCG@10,MRR@10,Gini - Top 10,CatalogCoverage - Top 10,DeltaGap - Top 10 | Blockbuster,DeltaGap - Top 10 | Niche,DeltaGap - Top 10 | Diverse
sys - fold1,0.13834437086092718,0.09442965857524951,0.09092420865334364,0.3287192577920765,0.36662113686534215,0.8952115186356567,20.45,0.7457451218898218,0.721893358179114,0.5738218691717385
sys - mean,0.13834437086092718,0.09442965857524951,0.09092420865334364,0.3287192577920765,0.36662113686534215,0.8952115186356567,20.45,0.7457451218898218,0.721893358179114,0.5738218691717385
