user_id,Precision@20 - macro,Recall@20 - macro,F1@20 - macro,NDCG@20,MRR@20,Gini - Top 20,CatalogCoverage - Top 20,DeltaGap - Top 20 | Blockbuster,DeltaGap - Top 20 | Niche,DeltaGap - Top 20 | Diverse
sys - fold1,0.05138267925153171,0.06409628720521086,0.04609007032394296,0.24773312868661126,0.16489538067270423,0.6827782601324347,90.5,0.14694271034683282,-0.14097581533842476,-0.5478923562721746
sys - mean,0.05138267925153171,0.06409628720521086,0.04609007032394296,0.24773312868661126,0.16489538067270423,0.6827782601324347,90.5,0.14694271034683282,-0.14097581533842476,-0.5478923562721746
