user_id,Precision@10 - macro,Recall@10 - macro,F1@10 - macro,NDCG@10,MRR@10,Gini - Top 10,CatalogCoverage - Top 10,DeltaGap - Top 10 | Blockbuster,DeltaGap - Top 10 | Niche,DeltaGap - Top 10 | Diverse
sys - fold1,0.06848816029143899,0.04592459994764008,0.04399523167635555,0.19662762627582842,0.1878698512578294,0.7901904456962521,74.39,0.3805444860760386,0.07575138310713422,-0.4066332987814615
sys - mean,0.06848816029143899,0.04592459994764008,0.04399523167635555,0.19662762627582842,0.1878698512578294,0.7901904456962521,74.39,0.3805444860760386,0.07575138310713422,-0.4066332987814615
