user_id,Precision@10 - macro,Recall@10 - macro,F1@10 - macro,NDCG@10,MRR@10,Gini - Top 10,CatalogCoverage - Top 10,DeltaGap - Top 10 | Blockbuster,DeltaGap - Top 10 | Niche,DeltaGap - Top 10 | Diverse
sys - fold1,0.06004305348567644,0.039338376532683496,0.03871001862440421,0.17124484671027074,0.15680963945991266,0.6817014988971514,83.59,0.2060601207182453,-0.11136469726038278,-0.5434722319004941
sys - mean,0.06004305348567644,0.039338376532683496,0.03871001862440421,0.17124484671027074,0.15680963945991266,0.6817014988971514,83.59,0.2060601207182453,-0.11136469726038278,-0.5434722319004941
