user_id,Precision@20 - macro,Recall@20 - macro,F1@20 - macro,NDCG@20,MRR@20,Gini - Top 20,CatalogCoverage - Top 20,DeltaGap - Top 20 | Blockbuster,DeltaGap - Top 20 | Niche,DeltaGap - Top 20 | Diverse
sys - fold1,0.05736876966385164,0.07366760744981828,0.0513518066434705,0.2774674828827891,0.19630551378108665,0.794630838189315,86.48,0.2500402000270269,0.004035554116353876,-0.41963889189387493
sys - mean,0.05736876966385164,0.07366760744981828,0.0513518066434705,0.2774674828827891,0.19630551378108665,0.794630838189315,86.48,0.2500402000270269,0.004035554116353876,-0.41963889189387493
