user_id,Precision@10 - macro,Recall@10 - macro,F1@10 - macro,NDCG@10,MRR@10,Gini - Top 10,CatalogCoverage - Top 10,DeltaGap - Top 10 | Blockbuster,DeltaGap - Top 10 | Niche,DeltaGap - Top 10 | Diverse
sys - fold1,0.06961417453220732,0.04683586882220525,0.04394411817062025,0.19208447153517283,0.18328510186433683,0.812774296535509,37.18,0.6515778532635973,0.3920043357053948,-0.03936971562008099
sys - mean,0.06961417453220732,0.04683586882220525,0.04394411817062025,0.19208447153517283,0.18328510186433683,0.812774296535509,37.18,0.6515778532635973,0.3920043357053948,-0.03936971562008099
