user_id,Precision@20 - macro,Recall@20 - macro,F1@20 - macro,NDCG@20,MRR@20,Gini - Top 20,CatalogCoverage - Top 20,DeltaGap - Top 20 | Blockbuster,DeltaGap - Top 20 | Niche,DeltaGap - Top 20 | Diverse
sys - fold1,0.057923497267759576,0.0769623833376794,0.05171375405042914,0.2758979470929253,0.19259921200371358,0.8072701850068619,48.19,0.4603911929109048,0.23079249984056488,-0.11701721332812652
sys - mean,0.057923497267759576,0.0769623833376794,0.05171375405042914,0.2758979470929253,0.19259921200371358,0.8072701850068619,48.19,0.4603911929109048,0.23079249984056488,-0.11701721332812652
