user_id,Precision@5 - macro,Recall@5 - macro,F1@5 - macro,NDCG@5,MRR@5,Gini - Top 5,CatalogCoverage - Top 5,DeltaGap - Top 5 | Blockbuster,DeltaGap - Top 5 | Niche,DeltaGap - Top 5 | Diverse
sys - fold1,0.575968863862206,0.3663835306219766,0.3799466083991866,0.837151474856312,0.7495279894004638,0.6230093500256417,72.72,0.11720812716482933,0.06901927531798112,-0.06796521908905145
sys - mean,0.575968863862206,0.3663835306219766,0.3799466083991866,0.837151474856312,0.7495279894004638,0.6230093500256417,72.72,0.11720812716482933,0.06901927531798112,-0.06796521908905145
