user_id,Precision@20 - macro,Recall@20 - macro,F1@20 - macro,NDCG@20,MRR@20,Gini - Top 20,CatalogCoverage - Top 20,DeltaGap - Top 20 | Blockbuster,DeltaGap - Top 20 | Niche,DeltaGap - Top 20 | Diverse
sys - fold1,0.007361709175223584,0.008437923509689837,0.006157325360549835,0.07212971249749499,0.026814761446420896,0.42298535262915044,99.41,-0.5880295626673566,-0.6727576484296078,-0.7725722006471771
sys - mean,0.007361709175223584,0.008437923509689837,0.006157325360549835,0.07212971249749499,0.026814761446420896,0.42298535262915044,99.41,-0.5880295626673566,-0.6727576484296078,-0.7725722006471771
