user_id,Precision@5 - macro,Recall@5 - macro,F1@5 - macro,NDCG@5,MRR@5,Gini - Top 5,CatalogCoverage - Top 5,DeltaGap - Top 5 | Blockbuster,DeltaGap - Top 5 | Niche,DeltaGap - Top 5 | Diverse
sys - fold1,0.7174751655629139,0.42473494458468686,0.45214628941829826,0.8891732090160779,0.8871881898454747,0.7568064201975296,52.64,0.5258020058843831,0.5326471845953816,0.2941642822677461
sys - mean,0.7174751655629139,0.42473494458468686,0.45214628941829826,0.8891732090160779,0.8871881898454747,0.7568064201975296,52.64,0.5258020058843831,0.5326471845953816,0.2941642822677461
