user_id,Precision@10 - macro,Recall@10 - macro,F1@10 - macro,NDCG@10,MRR@10,Gini - Top 10,CatalogCoverage - Top 10,DeltaGap - Top 10 | Blockbuster,DeltaGap - Top 10 | Niche,DeltaGap - Top 10 | Diverse
sys - fold1,0.6649796331336066,0.6192836996310677,0.560976557236952,0.9478641144424421,0.8626357353095764,0.6980432563329579,75.12,0.18798638109897128,0.1600802024019489,0.07099886254227696
sys - mean,0.6649796331336066,0.6192836996310677,0.560976557236952,0.9478641144424421,0.8626357353095764,0.6980432563329579,75.12,0.18798638109897128,0.1600802024019489,0.07099886254227696
