user_id,Precision@10 - macro,Recall@10 - macro,F1@10 - macro,NDCG@10,MRR@10,Gini - Top 10,CatalogCoverage - Top 10,DeltaGap - Top 10 | Blockbuster,DeltaGap - Top 10 | Niche,DeltaGap - Top 10 | Diverse
sys - fold1,0.658208836513458,0.6122942320097622,0.5538517476188345,0.9423162734527465,0.8155189164175416,0.6958853953457256,76.07,0.17304539211642725,0.15235930125877606,0.03862666018672446
sys - mean,0.658208836513458,0.6122942320097622,0.5538517476188345,0.9423162734527465,0.8155189164175416,0.6958853953457256,76.07,0.17304539211642725,0.15235930125877606,0.03862666018672446
