user_id,Precision@10 - macro,Recall@10 - macro,F1@10 - macro,NDCG@10,MRR@10,Gini - Top 10,CatalogCoverage - Top 10,DeltaGap - Top 10 | Blockbuster,DeltaGap - Top 10 | Niche,DeltaGap - Top 10 | Diverse
sys - fold1,0.006142384105960265,0.0039044038969743783,0.003725590461887674,0.039041743508579314,0.01633889151687165,0.8879189896811951,23.21,-0.6127885828382972,-0.7061737853152277,-0.7841514299074264
sys - mean,0.006142384105960265,0.0039044038969743783,0.003725590461887674,0.039041743508579314,0.01633889151687165,0.8879189896811951,23.21,-0.6127885828382972,-0.7061737853152277,-0.7841514299074264
