user_id,Precision@20 - macro,Recall@20 - macro,F1@20 - macro,NDCG@20,MRR@20,Gini - Top 20,CatalogCoverage - Top 20,DeltaGap - Top 20 | Blockbuster,DeltaGap - Top 20 | Niche,DeltaGap - Top 20 | Diverse
sys - fold1,0.0064983443708609276,0.007706266136923498,0.005443493302626519,0.06178035204009847,0.020154896382842687,0.887789080412947,30.71,-0.6497768915822849,-0.7024453347798048,-0.7606062466047508
sys - mean,0.0064983443708609276,0.007706266136923498,0.005443493302626519,0.06178035204009847,0.020154896382842687,0.887789080412947,30.71,-0.6497768915822849,-0.7024453347798048,-0.7606062466047508
