user_id,Precision@5 - macro,Recall@5 - macro,F1@5 - macro,NDCG@5,MRR@5,Gini - Top 5,CatalogCoverage - Top 5,DeltaGap - Top 5 | Blockbuster,DeltaGap - Top 5 | Niche,DeltaGap - Top 5 | Diverse
sys - fold1,0.5538837363365353,0.3568497586864138,0.3686341313838156,0.8298576686770714,0.7215661918957712,0.6216306806171411,73.37,0.10990012501072277,0.04656849971853537,-0.09355472291686123
sys - mean,0.5538837363365353,0.3568497586864138,0.3686341313838156,0.8298576686770714,0.7215661918957712,0.6216306806171411,73.37,0.10990012501072277,0.04656849971853537,-0.09355472291686123
