user_id,Precision@10 - macro,Recall@10 - macro,F1@10 - macro,NDCG@10,MRR@10,Gini - Top 10,CatalogCoverage - Top 10,DeltaGap - Top 10 | Blockbuster,DeltaGap - Top 10 | Niche,DeltaGap - Top 10 | Diverse
sys - fold1,0.002152317880794702,0.001008618327741019,0.001151687462823208,0.016910887201210846,0.006059077052454536,0.8201627597322961,15.3,-0.7857921826280725,-0.8837728311555235,-0.9411609562632882
sys - mean,0.002152317880794702,0.001008618327741019,0.001151687462823208,0.016910887201210846,0.006059077052454536,0.8201627597322961,15.3,-0.7857921826280725,-0.8837728311555235,-0.9411609562632882
