user_id,Precision@5 - macro,Recall@5 - macro,F1@5 - macro,NDCG@5,MRR@5,Gini - Top 5,CatalogCoverage - Top 5,DeltaGap - Top 5 | Blockbuster,DeltaGap - Top 5 | Niche,DeltaGap - Top 5 | Diverse
sys - fold1,0.705794701986755,0.411542316659639,0.4392014850406712,0.8823528303067276,0.8617273730684327,0.6970453091325899,64.49,0.33740827459726813,0.2840318379699994,0.07500007191615175
sys - mean,0.705794701986755,0.411542316659639,0.4392014850406712,0.8823528303067276,0.8617273730684327,0.6970453091325899,64.49,0.33740827459726813,0.2840318379699994,0.07500007191615175
