user_id,Precision@5 - macro,Recall@5 - macro,F1@5 - macro,NDCG@5,MRR@5,Gini - Top 5,CatalogCoverage - Top 5,DeltaGap - Top 5 | Blockbuster,DeltaGap - Top 5 | Niche,DeltaGap - Top 5 | Diverse
sys - fold1,0.5790907585293142,0.3642310420852117,0.3795149939573534,0.8371698511956989,0.7514601965330683,0.6342496666021049,72.67,0.10912173530090488,0.04271667036745238,-0.08260410835566835
sys - mean,0.5790907585293142,0.3642310420852117,0.3795149939573534,0.8371698511956989,0.7514601965330683,0.6342496666021049,72.67,0.10912173530090488,0.04271667036745238,-0.08260410835566835
