user_id,Precision@5 - macro,Recall@5 - macro,F1@5 - macro,NDCG@5,MRR@5,Gini - Top 5,CatalogCoverage - Top 5,DeltaGap - Top 5 | Blockbuster,DeltaGap - Top 5 | Niche,DeltaGap - Top 5 | Diverse
sys - fold1,0.68090939208216,0.3945111698113069,0.4192899635215374,0.8713911109638376,0.8140687979680856,0.6775523854609001,67.0,0.2942366557254314,0.21834308819686155,-0.0034785381195870484
sys - mean,0.68090939208216,0.3945111698113069,0.4192899635215374,0.8713911109638376,0.8140687979680856,0.6775523854609001,67.0,0.2942366557254314,0.21834308819686155,-0.0034785381195870484
