user_id,Precision@10 - macro,Recall@10 - macro,F1@10 - macro,NDCG@10,MRR@10,Gini - Top 10,CatalogCoverage - Top 10,DeltaGap - Top 10 | Blockbuster,DeltaGap - Top 10 | Niche,DeltaGap - Top 10 | Diverse
sys - fold1,0.0035264900662251657,0.0018819812203580656,0.002010097973981745,0.024854250312123644,0.009264033427940712,0.7698045349841635,62.06,-0.6790642539911984,-0.7908259044300223,-0.8821455933370675
sys - mean,0.0035264900662251657,0.0018819812203580656,0.002010097973981745,0.024854250312123644,0.009264033427940712,0.7698045349841635,62.06,-0.6790642539911984,-0.7908259044300223,-0.8821455933370675
