user_id,Precision@5 - macro,Recall@5 - macro,F1@5 - macro,NDCG@5,MRR@5,Gini - Top 5,CatalogCoverage - Top 5,DeltaGap - Top 5 | Blockbuster,DeltaGap - Top 5 | Niche,DeltaGap - Top 5 | Diverse
sys - fold1,0.5800165562913907,0.36695584598712655,0.3802150521402644,0.838737847938615,0.7520695364238411,0.6342268610051036,71.91,0.11761860821053231,0.05432687595279311,-0.08087711093580473
sys - mean,0.5800165562913907,0.36695584598712655,0.3802150521402644,0.838737847938615,0.7520695364238411,0.6342268610051036,71.91,0.11761860821053231,0.05432687595279311,-0.08087711093580473
