user_id,Precision@10 - macro,Recall@10 - macro,F1@10 - macro,NDCG@10,MRR@10,Gini - Top 10,CatalogCoverage - Top 10,DeltaGap - Top 10 | Blockbuster,DeltaGap - Top 10 | Niche,DeltaGap - Top 10 | Diverse
sys - fold1,0.5537653736991486,0.5663281125127472,0.49491535014213334,0.9222838374524945,0.7232133002207507,0.6312128995541721,81.08,0.04128143720008585,0.02186133147393422,-0.046423260253846604
sys - mean,0.5537653736991486,0.5663281125127472,0.49491535014213334,0.9222838374524945,0.7232133002207507,0.6312128995541721,81.08,0.04128143720008585,0.02186133147393422,-0.046423260253846604
