user_id,Precision@10 - macro,Recall@10 - macro,F1@10 - macro,NDCG@10,MRR@10,Gini - Top 10,CatalogCoverage - Top 10,DeltaGap - Top 10 | Blockbuster,DeltaGap - Top 10 | Niche,DeltaGap - Top 10 | Diverse
sys - fold1,0.5746099439002719,0.5696289641346044,0.5044641324497339,0.9242350976724678,0.7369801442714659,0.63373909807288,81.03,0.07102328814121767,0.028930130926187417,-0.04900747416276109
sys - mean,0.5746099439002719,0.5696289641346044,0.5044641324497339,0.9242350976724678,0.7369801442714659,0.63373909807288,81.03,0.07102328814121767,0.028930130926187417,-0.04900747416276109
