user_id,Precision@5 - macro,Recall@5 - macro,F1@5 - macro,NDCG@5,MRR@5,Gini - Top 5,CatalogCoverage - Top 5,DeltaGap - Top 5 | Blockbuster,DeltaGap - Top 5 | Niche,DeltaGap - Top 5 | Diverse
sys - fold1,0.6165866180854588,0.3817280041893416,0.39923792200926633,0.8513845950387441,0.7966020757425196,0.6409704592762324,69.91,0.16177355700445264,0.09514062653611541,-0.04172911030927924
sys - mean,0.6165866180854588,0.3817280041893416,0.39923792200926633,0.8513845950387441,0.7966020757425196,0.6409704592762324,69.91,0.16177355700445264,0.09514062653611541,-0.04172911030927924
