user_id,Precision@10 - macro,Recall@10 - macro,F1@10 - macro,NDCG@10,MRR@10,Gini - Top 10,CatalogCoverage - Top 10,DeltaGap - Top 10 | Blockbuster,DeltaGap - Top 10 | Niche,DeltaGap - Top 10 | Diverse
sys - fold1,0.003494534614110633,0.0016184887613076395,0.0017609421089397456,0.023778014793678897,0.00972333948484992,0.8025849278101435,36.7,-0.7018488019823542,-0.8688681073199488,-0.9399477992121098
sys - mean,0.003494534614110633,0.0016184887613076395,0.0017609421089397456,0.023778014793678897,0.00972333948484992,0.8025849278101435,36.7,-0.7018488019823542,-0.8688681073199488,-0.9399477992121098
