user_id,Precision@5 - macro,Recall@5 - macro,F1@5 - macro,NDCG@5,MRR@5,Gini - Top 5,CatalogCoverage - Top 5,DeltaGap - Top 5 | Blockbuster,DeltaGap - Top 5 | Niche,DeltaGap - Top 5 | Diverse
sys - fold1,0.5990311361377939,0.37211602835335694,0.3882550519843936,0.8446942169083684,0.7731533620404106,0.6431189463032654,72.64,0.10844150110679916,0.025285355437587812,-0.1584288385246431
sys - mean,0.5990311361377939,0.37211602835335694,0.3882550519843936,0.8446942169083684,0.7731533620404106,0.6431189463032654,72.64,0.10844150110679916,0.025285355437587812,-0.1584288385246431
