user_id,Precision@20 - macro,Recall@20 - macro,F1@20 - macro,NDCG@20,MRR@20,Gini - Top 20,CatalogCoverage - Top 20,DeltaGap - Top 20 | Blockbuster,DeltaGap - Top 20 | Niche,DeltaGap - Top 20 | Diverse
sys - fold1,0.014839350778403444,0.021279162659107034,0.014055000210588114,0.11908629041222572,0.05295909912320862,0.6572574883497215,52.1,-0.36120565853166586,-0.5807487679311126,-0.7860531461688339
sys - mean,0.014839350778403444,0.021279162659107034,0.014055000210588114,0.11908629041222572,0.05295909912320862,0.6572574883497215,52.1,-0.36120565853166586,-0.5807487679311126,-0.7860531461688339
