user_id,Precision@20 - macro,Recall@20 - macro,F1@20 - macro,NDCG@20,MRR@20,Gini - Top 20,CatalogCoverage - Top 20,DeltaGap - Top 20 | Blockbuster,DeltaGap - Top 20 | Niche,DeltaGap - Top 20 | Diverse
sys - fold1,0.002533951639615767,0.0033143639031611755,0.002223636712160059,0.023718786166943066,0.004813194409906205,0.8745471418446672,14.49,-0.8382483559818426,-0.8875197254987622,-0.9490943520468353
sys - mean,0.002533951639615767,0.0033143639031611755,0.002223636712160059,0.023718786166943066,0.004813194409906205,0.8745471418446672,14.49,-0.8382483559818426,-0.8875197254987622,-0.9490943520468353
