user_id,Precision@10 - macro,Recall@10 - macro,F1@10 - macro,NDCG@10,MRR@10,Gini - Top 10,CatalogCoverage - Top 10,DeltaGap - Top 10 | Blockbuster,DeltaGap - Top 10 | Niche,DeltaGap - Top 10 | Diverse
sys - fold1,0.022003311258278146,0.013676349465656148,0.013701601101250188,0.1044087791372582,0.054103003784295174,0.8615679018003773,23.39,-0.3862086463969023,-0.5271199245221285,-0.6855272589077722
sys - mean,0.022003311258278146,0.013676349465656148,0.013701601101250188,0.1044087791372582,0.054103003784295174,0.8615679018003773,23.39,-0.3862086463969023,-0.5271199245221285,-0.6855272589077722
