user_id,Precision@10 - macro,Recall@10 - macro,F1@10 - macro,NDCG@10,MRR@10,Gini - Top 10,CatalogCoverage - Top 10,DeltaGap - Top 10 | Blockbuster,DeltaGap - Top 10 | Niche,DeltaGap - Top 10 | Diverse
sys - fold1,0.5688702959108589,0.5741405698249701,0.5053787543596132,0.9259217246945529,0.7431813702302112,0.7060674804390737,72.13,0.05895363203767426,0.032830119858898846,-0.036062435831847185
sys - mean,0.5688702959108589,0.5741405698249701,0.5053787543596132,0.9259217246945529,0.7431813702302112,0.7060674804390737,72.13,0.05895363203767426,0.032830119858898846,-0.036062435831847185
