user_id,Precision@5 - macro,Recall@5 - macro,F1@5 - macro,NDCG@5,MRR@5,Gini - Top 5,CatalogCoverage - Top 5,DeltaGap - Top 5 | Blockbuster,DeltaGap - Top 5 | Niche,DeltaGap - Top 5 | Diverse
sys - fold1,0.7044709388971683,0.4118358396525595,0.43816345213166247,0.8825349053066368,0.8606667770602197,0.6946470067679085,63.79,0.3140326085295382,0.2828198075277695,0.06406382884573834
sys - mean,0.7044709388971683,0.4118358396525595,0.43816345213166247,0.8825349053066368,0.8606667770602197,0.6946470067679085,63.79,0.3140326085295382,0.2828198075277695,0.06406382884573834
