user_id,Precision@10 - macro,Recall@10 - macro,F1@10 - macro,NDCG@10,MRR@10,Gini - Top 10,CatalogCoverage - Top 10,DeltaGap - Top 10 | Blockbuster,DeltaGap - Top 10 | Niche,DeltaGap - Top 10 | Diverse
sys - fold1,0.6613616892673184,0.6139537777531798,0.5563973773766377,0.9414796723587269,0.8195354383475244,0.6928132887154065,75.85,0.19441799132523527,0.13963050229195645,0.04154022070115284
sys - mean,0.6613616892673184,0.6139537777531798,0.5563973773766377,0.9414796723587269,0.8195354383475244,0.6928132887154065,75.85,0.19441799132523527,0.13963050229195645,0.04154022070115284
