user_id,Precision@10 - macro,Recall@10 - macro,F1@10 - macro,NDCG@10,MRR@10,Gini - Top 10,CatalogCoverage - Top 10,DeltaGap - Top 10 | Blockbuster,DeltaGap - Top 10 | Niche,DeltaGap - Top 10 | Diverse
sys - fold1,0.6590603647640071,0.6185545355458172,0.5589252892798329,0.9450530065692422,0.8319045648060548,0.681665509061027,77.06,0.12308256755753227,0.09265549552127163,0.00588688910303605
sys - mean,0.6590603647640071,0.6185545355458172,0.5589252892798329,0.9450530065692422,0.8319045648060548,0.681665509061027,77.06,0.12308256755753227,0.09265549552127163,0.00588688910303605
