user_id,Precision@5 - macro,Recall@5 - macro,F1@5 - macro,NDCG@5,MRR@5,Gini - Top 5,CatalogCoverage - Top 5,DeltaGap - Top 5 | Blockbuster,DeltaGap - Top 5 | Niche,DeltaGap - Top 5 | Diverse
sys - fold1,0.6314787216426561,0.37985991228156724,0.39905633553762665,0.8552900775142962,0.7973560744052548,0.6569070742845908,68.86,0.1669640241735988,0.11665681788970704,-0.04156343717014818
sys - mean,0.6314787216426561,0.37985991228156724,0.39905633553762665,0.8552900775142962,0.7973560744052548,0.6569070742845908,68.86,0.1669640241735988,0.11665681788970704,-0.04156343717014818
