user_id,Precision@5 - macro,Recall@5 - macro,F1@5 - macro,NDCG@5,MRR@5,Gini - Top 5,CatalogCoverage - Top 5,DeltaGap - Top 5 | Blockbuster,DeltaGap - Top 5 | Niche,DeltaGap - Top 5 | Diverse
sys - fold1,0.7181953642384106,0.4250421430431872,0.4525628532044038,0.889960193246381,0.8819564017660044,0.7574187833835553,52.43,0.5197812449917036,0.5601154001260974,0.3060090727418305
sys - mean,0.7181953642384106,0.4250421430431872,0.4525628532044038,0.889960193246381,0.8819564017660044,0.7574187833835553,52.43,0.5197812449917036,0.5601154001260974,0.3060090727418305
