user_id,Precision@5 - macro,Recall@5 - macro,F1@5 - macro,NDCG@5,MRR@5,Gini - Top 5,CatalogCoverage - Top 5,DeltaGap - Top 5 | Blockbuster,DeltaGap - Top 5 | Niche,DeltaGap - Top 5 | Diverse
sys - fold1,0.682899966876449,0.3964196768655168,0.42220043460909834,0.871139674785347,0.8125703875455448,0.6755928934507508,65.95,0.2941394147206908,0.2254130390634862,0.003924170933869013
sys - mean,0.682899966876449,0.3964196768655168,0.42220043460909834,0.871139674785347,0.8125703875455448,0.6755928934507508,65.95,0.2941394147206908,0.2254130390634862,0.003924170933869013
