user_id,Precision@5 - macro,Recall@5 - macro,F1@5 - macro,NDCG@5,MRR@5,Gini - Top 5,CatalogCoverage - Top 5,DeltaGap - Top 5 | Blockbuster,DeltaGap - Top 5 | Niche,DeltaGap - Top 5 | Diverse
sys - fold1,0.6277363801953966,0.38254180606952604,0.4014970877072077,0.8536216419016148,0.7960893083843903,0.6283408351673627,71.83,0.14458869771987218,0.07080470341117084,-0.0765187760751402
sys - mean,0.6277363801953966,0.38254180606952604,0.4014970877072077,0.8536216419016148,0.7960893083843903,0.6283408351673627,71.83,0.14458869771987218,0.07080470341117084,-0.0765187760751402
