user_id,Precision@5 - macro,Recall@5 - macro,F1@5 - macro,NDCG@5,MRR@5,Gini - Top 5,CatalogCoverage - Top 5,DeltaGap - Top 5 | Blockbuster,DeltaGap - Top 5 | Niche,DeltaGap - Top 5 | Diverse
sys - fold1,0.5738245033112583,0.3681709004822754,0.38097587053737986,0.8358892073304778,0.7404056291390729,0.7205441311156795,56.23,0.11111029701319292,0.04735983891846896,-0.09281103082776362
sys - mean,0.5738245033112583,0.3681709004822754,0.38097587053737986,0.8358892073304778,0.7404056291390729,0.7205441311156795,56.23,0.11111029701319292,0.04735983891846896,-0.09281103082776362
