user_id,Precision@5 - macro,Recall@5 - macro,F1@5 - macro,NDCG@5,MRR@5,Gini - Top 5,CatalogCoverage - Top 5,DeltaGap - Top 5 | Blockbuster,DeltaGap - Top 5 | Niche,DeltaGap - Top 5 | Diverse
sys - fold1,0.6871066578337198,0.4091092954368033,0.4335152650885842,0.8761591110382697,0.8274539030584077,0.6617042488940432,66.78,0.19250231475076332,0.13294969917021499,-0.060357398331355
sys - mean,0.6871066578337198,0.4091092954368033,0.4335152650885842,0.8761591110382697,0.8274539030584077,0.6617042488940432,66.78,0.19250231475076332,0.13294969917021499,-0.060357398331355
