user_id,Precision@5 - macro,Recall@5 - macro,F1@5 - macro,NDCG@5,MRR@5,Gini - Top 5,CatalogCoverage - Top 5,DeltaGap - Top 5 | Blockbuster,DeltaGap - Top 5 | Niche,DeltaGap - Top 5 | Diverse
sys - fold1,0.5876635204504057,0.3592079801795704,0.3744604057536099,0.8402492488296268,0.7519677650825192,0.6292265533604047,73.12,0.14774079445922575,0.08344556575811309,-0.0699898378747888
sys - mean,0.5876635204504057,0.3592079801795704,0.3744604057536099,0.8402492488296268,0.7519677650825192,0.6292265533604047,73.12,0.14774079445922575,0.08344556575811309,-0.0699898378747888
