user_id,Precision@10 - macro,Recall@10 - macro,F1@10 - macro,NDCG@10,MRR@10,Gini - Top 10,CatalogCoverage - Top 10,DeltaGap - Top 10 | Blockbuster,DeltaGap - Top 10 | Niche,DeltaGap - Top 10 | Diverse
sys - fold1,0.6569457915086331,0.6188956129915194,0.558759137235074,0.9449253522052369,0.825381449151941,0.6718623721135183,76.61,0.10600600239883254,0.07739104549972085,-0.024955604071158103
sys - mean,0.6569457915086331,0.6188956129915194,0.558759137235074,0.9449253522052369,0.825381449151941,0.6718623721135183,76.61,0.10600600239883254,0.07739104549972085,-0.024955604071158103
