user_id,Precision@5 - macro,Recall@5 - macro,F1@5 - macro,NDCG@5,MRR@5,Gini - Top 5,CatalogCoverage - Top 5,DeltaGap - Top 5 | Blockbuster,DeltaGap - Top 5 | Niche,DeltaGap - Top 5 | Diverse
sys - fold1,0.7081373523241692,0.41319602842013103,0.44061705852764266,0.8832851405761598,0.8685878326156563,0.6902952930413824,63.3,0.3229052310848482,0.29056354475261476,0.07384727298612656
sys - mean,0.7081373523241692,0.41319602842013103,0.44061705852764266,0.8832851405761598,0.8685878326156563,0.6902952930413824,63.3,0.3229052310848482,0.29056354475261476,0.07384727298612656
