user_id,Precision@10 - macro,Recall@10 - macro,F1@10 - macro,NDCG@10,MRR@10,Gini - Top 10,CatalogCoverage - Top 10,DeltaGap - Top 10 | Blockbuster,DeltaGap - Top 10 | Niche,DeltaGap - Top 10 | Diverse
sys - fold1,0.6564226584673605,0.6189308940456546,0.5580497408231438,0.9499482426671966,0.8731274308840534,0.7425431561023608,67.73,0.2974132097192285,0.34732662217850274,0.14519863058122046
sys - mean,0.6564226584673605,0.6189308940456546,0.5580497408231438,0.9499482426671966,0.8731274308840534,0.7425431561023608,67.73,0.2974132097192285,0.34732662217850274,0.14519863058122046
