user_id,Precision@5 - macro,Recall@5 - macro,F1@5 - macro,NDCG@5,MRR@5,Gini - Top 5,CatalogCoverage - Top 5,DeltaGap - Top 5 | Blockbuster,DeltaGap - Top 5 | Niche,DeltaGap - Top 5 | Diverse
sys - fold1,0.687117072362974,0.4104403287082288,0.4350946619988534,0.8752147815687159,0.8245901639344262,0.6576919628809945,68.83,0.1753945637095149,0.08222178913969048,-0.10108899528685214
sys - mean,0.687117072362974,0.4104403287082288,0.4350946619988534,0.8752147815687159,0.8245901639344262,0.6576919628809945,68.83,0.1753945637095149,0.08222178913969048,-0.10108899528685214
