user_id,Precision@5 - macro,Recall@5 - macro,F1@5 - macro,NDCG@5,MRR@5,Gini - Top 5,CatalogCoverage - Top 5,DeltaGap - Top 5 | Blockbuster,DeltaGap - Top 5 | Niche,DeltaGap - Top 5 | Diverse
sys - fold1,0.7035347682119204,0.4176489816939695,0.44195595446346425,0.8851819617129782,0.8743460264900662,0.7612007494218127,51.24,0.4998561113033574,0.5248422151837258,0.28448001460142
sys - mean,0.7035347682119204,0.4176489816939695,0.44195595446346425,0.8851819617129782,0.8743460264900662,0.7612007494218127,51.24,0.4998561113033574,0.5248422151837258,0.28448001460142
