user_id,Precision@10 - macro,Recall@10 - macro,F1@10 - macro,NDCG@10,MRR@10,Gini - Top 10,CatalogCoverage - Top 10,DeltaGap - Top 10 | Blockbuster,DeltaGap - Top 10 | Niche,DeltaGap - Top 10 | Diverse
sys - fold1,0.6128459326546758,0.5900959293750275,0.5265451188836036,0.9350668082757965,0.7985679064914036,0.6635442380313885,78.06,0.08982632130352217,0.058846407319760104,-0.007254469198086209
sys - mean,0.6128459326546758,0.5900959293750275,0.5265451188836036,0.9350668082757965,0.7985679064914036,0.6635442380313885,78.06,0.08982632130352217,0.058846407319760104,-0.007254469198086209
