user_id,Precision@10 - macro,Recall@10 - macro,F1@10 - macro,NDCG@10,MRR@10,Gini - Top 10,CatalogCoverage - Top 10,DeltaGap - Top 10 | Blockbuster,DeltaGap - Top 10 | Niche,DeltaGap - Top 10 | Diverse
sys - fold1,0.6668701382318932,0.6249518011496599,0.5656794391109884,0.951928905978397,0.8825080810469884,0.7381906631394736,67.78,0.29964837215918777,0.39664668538540615,0.1484389243931929
sys - mean,0.6668701382318932,0.6249518011496599,0.5656794391109884,0.951928905978397,0.8825080810469884,0.7381906631394736,67.78,0.29964837215918777,0.39664668538540615,0.1484389243931929
