user_id,Precision@10 - macro,Recall@10 - macro,F1@10 - macro,NDCG@10,MRR@10,Gini - Top 10,CatalogCoverage - Top 10,DeltaGap - Top 10 | Blockbuster,DeltaGap - Top 10 | Niche,DeltaGap - Top 10 | Diverse
sys - fold1,0.6609749816041207,0.6158083984769339,0.5573757300646293,0.9429127159381745,0.8189307395143489,0.6943525398184249,76.09,0.18689724396383003,0.1632537456728727,0.04133757469638784
sys - mean,0.6609749816041207,0.6158083984769339,0.5573757300646293,0.9429127159381745,0.8189307395143489,0.6943525398184249,76.09,0.18689724396383003,0.1632537456728727,0.04133757469638784
