user_id,Precision@5 - macro,Recall@5 - macro,F1@5 - macro,NDCG@5,MRR@5,Gini - Top 5,CatalogCoverage - Top 5,DeltaGap - Top 5 | Blockbuster,DeltaGap - Top 5 | Niche,DeltaGap - Top 5 | Diverse
sys - fold1,0.7041652865187148,0.41269240539543445,0.43922894812705426,0.8829612478353176,0.8624158109749365,0.6885935338873749,63.65,0.3127302053112188,0.26250185931594877,0.056659643946270107
sys - mean,0.7041652865187148,0.41269240539543445,0.43922894812705426,0.8829612478353176,0.8624158109749365,0.6885935338873749,63.65,0.3127302053112188,0.26250185931594877,0.056659643946270107
