user_id,Precision@10 - macro,Recall@10 - macro,F1@10 - macro,NDCG@10,MRR@10,Gini - Top 10,CatalogCoverage - Top 10,DeltaGap - Top 10 | Blockbuster,DeltaGap - Top 10 | Niche,DeltaGap - Top 10 | Diverse
sys - fold1,0.5659011352885526,0.5725831059701695,0.5025564102028488,0.9268005940903564,0.7566634473877851,0.7082149458175526,71.94,0.07056986559674379,0.04080636950090254,-0.008847645907040081
sys - mean,0.5659011352885526,0.5725831059701695,0.5025564102028488,0.9268005940903564,0.7566634473877851,0.7082149458175526,71.94,0.07056986559674379,0.04080636950090254,-0.008847645907040081
