user_id,Precision@10 - macro,Recall@10 - macro,F1@10 - macro,NDCG@10,MRR@10,Gini - Top 10,CatalogCoverage - Top 10,DeltaGap - Top 10 | Blockbuster,DeltaGap - Top 10 | Niche,DeltaGap - Top 10 | Diverse
sys - fold1,0.6094347718664659,0.591223003301621,0.5268399444614774,0.9343555041863143,0.797791274703843,0.6479786105702987,80.28,0.06602326161523209,0.04112195249431937,-0.027745348122513506
sys - mean,0.6094347718664659,0.591223003301621,0.5268399444614774,0.9343555041863143,0.797791274703843,0.6479786105702987,80.28,0.06602326161523209,0.04112195249431937,-0.027745348122513506
