user_id,Precision@5 - macro,Recall@5 - macro,F1@5 - macro,NDCG@5,MRR@5,Gini - Top 5,CatalogCoverage - Top 5,DeltaGap - Top 5 | Blockbuster,DeltaGap - Top 5 | Niche,DeltaGap - Top 5 | Diverse
sys - fold1,0.7046274834437087,0.41837303685317295,0.4437386844450683,0.8862198683529398,0.8725689845474613,0.7617077448030849,51.59,0.5190474474248072,0.5013723939419288,0.27625031817360135
sys - mean,0.7046274834437087,0.41837303685317295,0.4437386844450683,0.8862198683529398,0.8725689845474613,0.7617077448030849,51.59,0.5190474474248072,0.5013723939419288,0.27625031817360135
