user_id,Precision@5 - macro,Recall@5 - macro,F1@5 - macro,NDCG@5,MRR@5,Gini - Top 5,CatalogCoverage - Top 5,DeltaGap - Top 5 | Blockbuster,DeltaGap - Top 5 | Niche,DeltaGap - Top 5 | Diverse
sys - fold1,0.7118507479163217,0.4144027184958348,0.4427722549769268,0.8839827576441548,0.8687641441739803,0.6889433971446333,63.36,0.32061213492681473,0.2738246058751502,0.052715429704520124
sys - mean,0.7118507479163217,0.4144027184958348,0.4427722549769268,0.8839827576441548,0.8687641441739803,0.6889433971446333,63.36,0.32061213492681473,0.2738246058751502,0.052715429704520124
