user_id,Precision@5 - macro,Recall@5 - macro,F1@5 - macro,NDCG@5,MRR@5,Gini - Top 5,CatalogCoverage - Top 5,DeltaGap - Top 5 | Blockbuster,DeltaGap - Top 5 | Niche,DeltaGap - Top 5 | Diverse
sys - fold1,0.6844952254788319,0.39737903303006816,0.42367178142568046,0.8722752079886622,0.8233427167853398,0.675188737809775,66.57,0.2985882515980121,0.23205812740389262,0.004466442780696347
sys - mean,0.6844952254788319,0.39737903303006816,0.42367178142568046,0.8722752079886622,0.8233427167853398,0.675188737809775,66.57,0.2985882515980121,0.23205812740389262,0.004466442780696347
