user_id,Precision@10 - macro,Recall@10 - macro,F1@10 - macro,NDCG@10,MRR@10,Gini - Top 10,CatalogCoverage - Top 10,DeltaGap - Top 10 | Blockbuster,DeltaGap - Top 10 | Niche,DeltaGap - Top 10 | Diverse
sys - fold1,0.6594662471711652,0.6142201767737125,0.5566378615337014,0.9425832158610479,0.8248645050557619,0.6925993149528364,75.55,0.18715850013604152,0.15239179158561358,0.04047990245371081
sys - mean,0.6594662471711652,0.6142201767737125,0.5566378615337014,0.9425832158610479,0.8248645050557619,0.6925993149528364,75.55,0.18715850013604152,0.15239179158561358,0.04047990245371081
