user_id,Precision@10 - macro,Recall@10 - macro,F1@10 - macro,NDCG@10,MRR@10,Gini - Top 10,CatalogCoverage - Top 10,DeltaGap - Top 10 | Blockbuster,DeltaGap - Top 10 | Niche,DeltaGap - Top 10 | Diverse
sys - fold1,0.6719683170502843,0.6243210707546697,0.5668449931284766,0.9489762285754519,0.8692027614158762,0.6935222822655339,74.23,0.19824884461732742,0.14113669079853988,0.062438546047678206
sys - mean,0.6719683170502843,0.6243210707546697,0.5668449931284766,0.9489762285754519,0.8692027614158762,0.6935222822655339,74.23,0.19824884461732742,0.14113669079853988,0.062438546047678206
