user_id,Precision@10 - macro,Recall@10 - macro,F1@10 - macro,NDCG@10,MRR@10,Gini - Top 10,CatalogCoverage - Top 10,DeltaGap - Top 10 | Blockbuster,DeltaGap - Top 10 | Niche,DeltaGap - Top 10 | Diverse
sys - fold1,0.656183183538316,0.6179483860207744,0.5570256441054259,0.9498506977472669,0.8797100678019552,0.7440075314855177,68.75,0.30933019869454265,0.3670614596439765,0.1347103784798649
sys - mean,0.656183183538316,0.6179483860207744,0.5570256441054259,0.9498506977472669,0.8797100678019552,0.7440075314855177,68.75,0.30933019869454265,0.3670614596439765,0.1347103784798649
