user_id,Precision@10 - macro,Recall@10 - macro,F1@10 - macro,NDCG@10,MRR@10,Gini - Top 10,CatalogCoverage - Top 10,DeltaGap - Top 10 | Blockbuster,DeltaGap - Top 10 | Niche,DeltaGap - Top 10 | Diverse
sys - fold1,0.5976295630320142,0.5884642595150452,0.5221433896794757,0.9331672734625425,0.7981798477368202,0.6522232241141573,78.95,0.07242940002110593,0.04510944148412739,-0.008256813779186188
sys - mean,0.5976295630320142,0.5884642595150452,0.5221433896794757,0.9331672734625425,0.7981798477368202,0.6522232241141573,78.95,0.07242940002110593,0.04510944148412739,-0.008256813779186188
