user_id,Precision@10 - macro,Recall@10 - macro,F1@10 - macro,NDCG@10,MRR@10,Gini - Top 10,CatalogCoverage - Top 10,DeltaGap - Top 10 | Blockbuster,DeltaGap - Top 10 | Niche,DeltaGap - Top 10 | Diverse
sys - fold1,0.6100985788144258,0.5888533589546814,0.5248387034950622,0.9351131973082563,0.8147378021694961,0.6681545139359171,77.2,0.08082827362620736,0.06372123795195278,0.005433072521038779
sys - mean,0.6100985788144258,0.5888533589546814,0.5248387034950622,0.9351131973082563,0.8147378021694961,0.6681545139359171,77.2,0.08082827362620736,0.06372123795195278,0.005433072521038779
