user_id,Precision@10 - macro,Recall@10 - macro,F1@10 - macro,NDCG@10,MRR@10,Gini - Top 10,CatalogCoverage - Top 10,DeltaGap - Top 10 | Blockbuster,DeltaGap - Top 10 | Niche,DeltaGap - Top 10 | Diverse
sys - fold1,0.5874789398013442,0.5726906255070031,0.5072007483271181,0.9289004442187618,0.7611434406516374,0.6536192763297274,79.3,0.07557838642224964,0.04282225566830474,-0.020556441174411546
sys - mean,0.5874789398013442,0.5726906255070031,0.5072007483271181,0.9289004442187618,0.7611434406516374,0.6536192763297274,79.3,0.07557838642224964,0.04282225566830474,-0.020556441174411546
