user_id,Precision@5 - macro,Recall@5 - macro,F1@5 - macro,NDCG@5,MRR@5,Gini - Top 5,CatalogCoverage - Top 5,DeltaGap - Top 5 | Blockbuster,DeltaGap - Top 5 | Niche,DeltaGap - Top 5 | Diverse
sys - fold1,0.6299387315780758,0.3795040548870137,0.3981283655503028,0.8554543062925407,0.8132058287795992,0.6613322703516697,66.78,0.1685836261459185,0.12891673976178777,-0.025392654272371973
sys - mean,0.6299387315780758,0.3795040548870137,0.3981283655503028,0.8554543062925407,0.8132058287795992,0.6613322703516697,66.78,0.1685836261459185,0.12891673976178777,-0.025392654272371973
