user_id,Precision@10 - macro,Recall@10 - macro,F1@10 - macro,NDCG@10,MRR@10,Gini - Top 10,CatalogCoverage - Top 10,DeltaGap - Top 10 | Blockbuster,DeltaGap - Top 10 | Niche,DeltaGap - Top 10 | Diverse
sys - fold1,0.6154471464580754,0.590353336768503,0.5270082054343654,0.9355380433633109,0.8107846616043337,0.6738332183732807,76.96,0.08701643315268932,0.061001736849112836,-0.006884775975474368
sys - mean,0.6154471464580754,0.590353336768503,0.5270082054343654,0.9355380433633109,0.8107846616043337,0.6738332183732807,76.96,0.08701643315268932,0.061001736849112836,-0.006884775975474368
