user_id,Precision@5 - macro,Recall@5 - macro,F1@5 - macro,NDCG@5,MRR@5,Gini - Top 5,CatalogCoverage - Top 5,DeltaGap - Top 5 | Blockbuster,DeltaGap - Top 5 | Niche,DeltaGap - Top 5 | Diverse
sys - fold1,0.5771854304635762,0.3680137464854102,0.3805089167896176,0.8371903584138694,0.7503614790286974,0.7367333192613222,54.59,0.15628592703085795,0.1111741604303722,-0.008525301760598972
sys - mean,0.5771854304635762,0.3680137464854102,0.3805089167896176,0.8371903584138694,0.7503614790286974,0.7367333192613222,54.59,0.15628592703085795,0.1111741604303722,-0.008525301760598972
