user_id,Precision@5 - macro,Recall@5 - macro,F1@5 - macro,NDCG@5,MRR@5,Gini - Top 5,CatalogCoverage - Top 5,DeltaGap - Top 5 | Blockbuster,DeltaGap - Top 5 | Niche,DeltaGap - Top 5 | Diverse
sys - fold1,0.5944692829938731,0.3627218618231186,0.3776932909293113,0.8430795834277571,0.7585361814870011,0.6403807330680523,69.99,0.1571031416453384,0.08476454159506747,-0.054189604306706544
sys - mean,0.5944692829938731,0.3627218618231186,0.3776932909293113,0.8430795834277571,0.7585361814870011,0.6403807330680523,69.99,0.1571031416453384,0.08476454159506747,-0.054189604306706544
