user_id,Precision@5 - macro,Recall@5 - macro,F1@5 - macro,NDCG@5,MRR@5,Gini - Top 5,CatalogCoverage - Top 5,DeltaGap - Top 5 | Blockbuster,DeltaGap - Top 5 | Niche,DeltaGap - Top 5 | Diverse
sys - fold1,0.6901158940397352,0.3992717286637785,0.4255495667025703,0.8738274338317116,0.8282450331125828,0.683880505240543,66.14,0.3136151159541358,0.2760951570711853,0.026045275660014276
sys - mean,0.6901158940397352,0.3992717286637785,0.4255495667025703,0.8738274338317116,0.8282450331125828,0.683880505240543,66.14,0.3136151159541358,0.2760951570711853,0.026045275660014276
