user_id,Precision@5 - macro,Recall@5 - macro,F1@5 - macro,NDCG@5,MRR@5,Gini - Top 5,CatalogCoverage - Top 5,DeltaGap - Top 5 | Blockbuster,DeltaGap - Top 5 | Niche,DeltaGap - Top 5 | Diverse
sys - fold1,0.7193441536932759,0.4208093621129202,0.447612059005917,0.8908706635540623,0.8771889146516507,0.7101306899562184,61.28,0.40904797953686806,0.3841477489327709,0.11614997774845576
sys - mean,0.7193441536932759,0.4208093621129202,0.447612059005917,0.8908706635540623,0.8771889146516507,0.7101306899562184,61.28,0.40904797953686806,0.3841477489327709,0.11614997774845576
