user_id,Precision@10 - macro,Recall@10 - macro,F1@10 - macro,NDCG@10,MRR@10,Gini - Top 10,CatalogCoverage - Top 10,DeltaGap - Top 10 | Blockbuster,DeltaGap - Top 10 | Niche,DeltaGap - Top 10 | Diverse
sys - fold1,0.6721254804229299,0.626607824807103,0.5655914205206257,0.9518061862649971,0.8779003480601691,0.7080603159982387,73.77,0.23532285326046312,0.19723053221955691,0.09578485099677739
sys - mean,0.6721254804229299,0.626607824807103,0.5655914205206257,0.9518061862649971,0.8779003480601691,0.7080603159982387,73.77,0.23532285326046312,0.19723053221955691,0.09578485099677739
