user_id,Precision@5 - macro,Recall@5 - macro,F1@5 - macro,NDCG@5,MRR@5,Gini - Top 5,CatalogCoverage - Top 5,DeltaGap - Top 5 | Blockbuster,DeltaGap - Top 5 | Niche,DeltaGap - Top 5 | Diverse
sys - fold1,0.6792977807220935,0.4090045318692768,0.430806523377152,0.8735149357328347,0.8103152257922048,0.6549533152475905,67.81,0.17087524161653087,0.08660773189542752,-0.10779176627417514
sys - mean,0.6792977807220935,0.4090045318692768,0.430806523377152,0.8735149357328347,0.8103152257922048,0.6549533152475905,67.81,0.17087524161653087,0.08660773189542752,-0.10779176627417514
