user_id,Precision@5 - macro,Recall@5 - macro,F1@5 - macro,NDCG@5,MRR@5,Gini - Top 5,CatalogCoverage - Top 5,DeltaGap - Top 5 | Blockbuster,DeltaGap - Top 5 | Niche,DeltaGap - Top 5 | Diverse
sys - fold1,0.5549022855250083,0.35718300356365934,0.367155443919493,0.8303623834287199,0.740319642265651,0.6339328111189003,73.53,0.13088758529162084,0.06516561519415497,-0.06458132143657458
sys - mean,0.5549022855250083,0.35718300356365934,0.367155443919493,0.8303623834287199,0.740319642265651,0.6339328111189003,73.53,0.13088758529162084,0.06516561519415497,-0.06458132143657458
