user_id,Precision@5 - macro,Recall@5 - macro,F1@5 - macro,NDCG@5,MRR@5,Gini - Top 5,CatalogCoverage - Top 5,DeltaGap - Top 5 | Blockbuster,DeltaGap - Top 5 | Niche,DeltaGap - Top 5 | Diverse
sys - fold1,0.693873157807584,0.40759395080602556,0.4327018410618867,0.8774362957432216,0.8537230225754816,0.6997965630032397,63.73,0.32965503184568984,0.30382695867483256,0.08074767893886203
sys - mean,0.693873157807584,0.40759395080602556,0.4327018410618867,0.8774362957432216,0.8537230225754816,0.6997965630032397,63.73,0.32965503184568984,0.30382695867483256,0.08074767893886203
