user_id,Precision@5 - macro,Recall@5 - macro,F1@5 - macro,NDCG@5,MRR@5,Gini - Top 5,CatalogCoverage - Top 5,DeltaGap - Top 5 | Blockbuster,DeltaGap - Top 5 | Niche,DeltaGap - Top 5 | Diverse
sys - fold1,0.6557533112582781,0.39565609115876954,0.41617266886264886,0.8662215576913547,0.8303394039735099,0.7472463934392923,52.48,0.31908743958972785,0.2976093458061801,0.13714874051415762
sys - mean,0.6557533112582781,0.39565609115876954,0.41617266886264886,0.8662215576913547,0.8303394039735099,0.7472463934392923,52.48,0.31908743958972785,0.2976093458061801,0.13714874051415762
