user_id,Precision@5 - macro,Recall@5 - macro,F1@5 - macro,NDCG@5,MRR@5,Gini - Top 5,CatalogCoverage - Top 5,DeltaGap - Top 5 | Blockbuster,DeltaGap - Top 5 | Niche,DeltaGap - Top 5 | Diverse
sys - fold1,0.6944269625703875,0.409905612405351,0.43534881464158165,0.8801285905099671,0.8558904714585402,0.6921334293904624,63.6,0.3126480459453333,0.26224741516264805,0.07290633185603246
sys - mean,0.6944269625703875,0.409905612405351,0.43534881464158165,0.8801285905099671,0.8558904714585402,0.6921334293904624,63.6,0.3126480459453333,0.26224741516264805,0.07290633185603246
