user_id,Precision@10 - macro,Recall@10 - macro,F1@10 - macro,NDCG@10,MRR@10,Gini - Top 10,CatalogCoverage - Top 10,DeltaGap - Top 10 | Blockbuster,DeltaGap - Top 10 | Niche,DeltaGap - Top 10 | Diverse
sys - fold1,0.6300860423665988,0.5960018146897106,0.5351982151240237,0.934475977832113,0.7810113329863247,0.6826386103957139,76.71,0.1568105075119467,0.11296667020903596,0.027526705477598543
sys - mean,0.6300860423665988,0.5960018146897106,0.5351982151240237,0.934475977832113,0.7810113329863247,0.6826386103957139,76.71,0.1568105075119467,0.11296667020903596,0.027526705477598543
