user_id,Precision@10 - macro,Recall@10 - macro,F1@10 - macro,NDCG@10,MRR@10,Gini - Top 10,CatalogCoverage - Top 10,DeltaGap - Top 10 | Blockbuster,DeltaGap - Top 10 | Niche,DeltaGap - Top 10 | Diverse
sys - fold1,0.6407939792914958,0.6113243627714217,0.5496630988993297,0.9446981491469896,0.8475756202039314,0.7281628149318011,69.43,0.1892279522313965,0.20270803821572833,0.14381686225399024
sys - mean,0.6407939792914958,0.6113243627714217,0.5496630988993297,0.9446981491469896,0.8475756202039314,0.7281628149318011,69.43,0.1892279522313965,0.20270803821572833,0.14381686225399024
