user_id,Precision@5 - macro,Recall@5 - macro,F1@5 - macro,NDCG@5,MRR@5,Gini - Top 5,CatalogCoverage - Top 5,DeltaGap - Top 5 | Blockbuster,DeltaGap - Top 5 | Niche,DeltaGap - Top 5 | Diverse
sys - fold1,0.6288955125020699,0.3770413393385424,0.39636297400091425,0.8537639998394111,0.7911547165645525,0.6766941595267674,66.19,0.21661901477523565,0.17772809964476688,0.014386503311836357
sys - mean,0.6288955125020699,0.3770413393385424,0.39636297400091425,0.8537639998394111,0.7911547165645525,0.6766941595267674,66.19,0.21661901477523565,0.17772809964476688,0.014386503311836357
