user_id,Precision@5 - macro,Recall@5 - macro,F1@5 - macro,NDCG@5,MRR@5,Gini - Top 5,CatalogCoverage - Top 5,DeltaGap - Top 5 | Blockbuster,DeltaGap - Top 5 | Niche,DeltaGap - Top 5 | Diverse
sys - fold1,0.6978690515623275,0.4098220825318493,0.4359927968042236,0.8797652454560475,0.8606823451473997,0.6949927290624965,64.11,0.3135275658894362,0.28605867719765954,0.09321549007492977
sys - mean,0.6978690515623275,0.4098220825318493,0.4359927968042236,0.8797652454560475,0.8606823451473997,0.6949927290624965,64.11,0.3135275658894362,0.28605867719765954,0.09321549007492977
