user_id,Precision@10 - macro,Recall@10 - macro,F1@10 - macro,NDCG@10,MRR@10,Gini - Top 10,CatalogCoverage - Top 10,DeltaGap - Top 10 | Blockbuster,DeltaGap - Top 10 | Niche,DeltaGap - Top 10 | Diverse
sys - fold1,0.5649860059918007,0.5713403701628478,0.5008477102069181,0.9258899519242406,0.755758895721644,0.714038506758976,73.72,0.0697140935915347,0.04953084899018135,0.0038459010457066816
sys - mean,0.5649860059918007,0.5713403701628478,0.5008477102069181,0.9258899519242406,0.755758895721644,0.714038506758976,73.72,0.0697140935915347,0.04953084899018135,0.0038459010457066816
