user_id,Precision@10 - macro,Recall@10 - macro,F1@10 - macro,NDCG@10,MRR@10,Gini - Top 10,CatalogCoverage - Top 10,DeltaGap - Top 10 | Blockbuster,DeltaGap - Top 10 | Niche,DeltaGap - Top 10 | Diverse
sys - fold1,0.5772108937409484,0.5705852598814255,0.5036732455936973,0.9260504851001696,0.7457832948270106,0.651150286448407,80.22,0.07878855110789085,0.05602694060197252,-0.010289845102295907
sys - mean,0.5772108937409484,0.5705852598814255,0.5036732455936973,0.9260504851001696,0.7457832948270106,0.651150286448407,80.22,0.07878855110789085,0.05602694060197252,-0.010289845102295907
