user_id,Precision@5 - macro,Recall@5 - macro,F1@5 - macro,NDCG@5,MRR@5,Gini - Top 5,CatalogCoverage - Top 5,DeltaGap - Top 5 | Blockbuster,DeltaGap - Top 5 | Niche,DeltaGap - Top 5 | Diverse
sys - fold1,0.6819370860927152,0.40982628413324584,0.43378772766374435,0.8748593394030911,0.846887417218543,0.7421165463519968,53.67,0.37773457507628494,0.374790713846064,0.20795661618944952
sys - mean,0.6819370860927152,0.40982628413324584,0.43378772766374435,0.8748593394030911,0.846887417218543,0.7421165463519968,53.67,0.37773457507628494,0.374790713846064,0.20795661618944952
