user_id,Precision@5 - macro,Recall@5 - macro,F1@5 - macro,NDCG@5,MRR@5,Gini - Top 5,CatalogCoverage - Top 5,DeltaGap - Top 5 | Blockbuster,DeltaGap - Top 5 | Niche,DeltaGap - Top 5 | Diverse
sys - fold1,0.6481456953642384,0.38078778396258006,0.403072147666798,0.8586843839915297,0.7790176600441501,0.6661110557981277,69.27,0.25455293383154165,0.21178226017632723,-0.03571708867406456
sys - mean,0.6481456953642384,0.38078778396258006,0.403072147666798,0.8586843839915297,0.7790176600441501,0.6661110557981277,69.27,0.25455293383154165,0.21178226017632723,-0.03571708867406456
