user_id,Precision@10 - macro,Recall@10 - macro,F1@10 - macro,NDCG@10,MRR@10,Gini - Top 10,CatalogCoverage - Top 10,DeltaGap - Top 10 | Blockbuster,DeltaGap - Top 10 | Niche,DeltaGap - Top 10 | Diverse
sys - fold1,0.5570578794618212,0.5676674146150494,0.49615423056515034,0.9231833056883637,0.7433913915571748,0.640505011114292,81.57,0.047267458382755916,0.030803775551333085,-0.03124211048192334
sys - mean,0.5570578794618212,0.5676674146150494,0.49615423056515034,0.9231833056883637,0.7433913915571748,0.640505011114292,81.57,0.047267458382755916,0.030803775551333085,-0.03124211048192334
