user_id,Precision@10 - macro,Recall@10 - macro,F1@10 - macro,NDCG@10,MRR@10,Gini - Top 10,CatalogCoverage - Top 10,DeltaGap - Top 10 | Blockbuster,DeltaGap - Top 10 | Niche,DeltaGap - Top 10 | Diverse
sys - fold1,0.6234933117838747,0.5993701757006576,0.5349996042199474,0.940269366684671,0.8313101808052138,0.7341083505496253,69.83,0.16242184998532835,0.15762072814982092,0.11518275302660548
sys - mean,0.6234933117838747,0.5993701757006576,0.5349996042199474,0.940269366684671,0.8313101808052138,0.7341083505496253,69.83,0.16242184998532835,0.15762072814982092,0.11518275302660548
