user_id,Precision@10 - macro,Recall@10 - macro,F1@10 - macro,NDCG@10,MRR@10,Gini - Top 10,CatalogCoverage - Top 10,DeltaGap - Top 10 | Blockbuster,DeltaGap - Top 10 | Niche,DeltaGap - Top 10 | Diverse
sys - fold1,0.610726376436759,0.5872992408218113,0.524269624837006,0.9343821627047505,0.7927363013428587,0.6782553886235055,76.36,0.11296782698507152,0.09463192959804882,0.028088996187131364
sys - mean,0.610726376436759,0.5872992408218113,0.524269624837006,0.9343821627047505,0.7927363013428587,0.6782553886235055,76.36,0.11296782698507152,0.09463192959804882,0.028088996187131364
