user_id,Precision@5 - macro,Recall@5 - macro,F1@5 - macro,NDCG@5,MRR@5,Gini - Top 5,CatalogCoverage - Top 5,DeltaGap - Top 5 | Blockbuster,DeltaGap - Top 5 | Niche,DeltaGap - Top 5 | Diverse
sys - fold1,0.6542301324503311,0.3957890232375956,0.4172828227582787,0.8654018203005106,0.8257671081677704,0.7509348439846267,53.21,0.3118179002510823,0.279489886705916,0.13539504661213214
sys - mean,0.6542301324503311,0.3957890232375956,0.4172828227582787,0.8654018203005106,0.8257671081677704,0.7509348439846267,53.21,0.3118179002510823,0.279489886705916,0.13539504661213214
