user_id,Precision@5 - macro,Recall@5 - macro,F1@5 - macro,NDCG@5,MRR@5,Gini - Top 5,CatalogCoverage - Top 5,DeltaGap - Top 5 | Blockbuster,DeltaGap - Top 5 | Niche,DeltaGap - Top 5 | Diverse
sys - fold1,0.6360301424312687,0.37456155617735365,0.395690407130148,0.8549553244411127,0.7789030584078613,0.6642157556941044,68.08,0.2545801451616496,0.17218067718231103,-0.011399645086525634
sys - mean,0.6360301424312687,0.37456155617735365,0.395690407130148,0.8549553244411127,0.7789030584078613,0.6642157556941044,68.08,0.2545801451616496,0.17218067718231103,-0.011399645086525634
