user_id,Precision@10 - macro,Recall@10 - macro,F1@10 - macro,NDCG@10,MRR@10,Gini - Top 10,CatalogCoverage - Top 10,DeltaGap - Top 10 | Blockbuster,DeltaGap - Top 10 | Niche,DeltaGap - Top 10 | Diverse
sys - fold1,0.5625126800168191,0.5711431614451808,0.5015581166826557,0.9245498794987435,0.7386371938400085,0.6976760290943587,72.21,0.046464583481318864,0.024353380955034847,-0.0603022196465565
sys - mean,0.5625126800168191,0.5711431614451808,0.5015581166826557,0.9245498794987435,0.7386371938400085,0.6976760290943587,72.21,0.046464583481318864,0.024353380955034847,-0.0603022196465565
