user_id,Precision@10 - macro,Recall@10 - macro,F1@10 - macro,NDCG@10,MRR@10,Gini - Top 10,CatalogCoverage - Top 10,DeltaGap - Top 10 | Blockbuster,DeltaGap - Top 10 | Niche,DeltaGap - Top 10 | Diverse
sys - fold1,0.6322888415851993,0.5960017200335432,0.5360378686950803,0.9352652048699325,0.7806646168401136,0.6828230783657495,77.79,0.15409874582334657,0.11333935902109235,0.01988401932150321
sys - mean,0.6322888415851993,0.5960017200335432,0.5360378686950803,0.9352652048699325,0.7806646168401136,0.6828230783657495,77.79,0.15409874582334657,0.11333935902109235,0.01988401932150321
