user_id,Precision@10 - macro,Recall@10 - macro,F1@10 - macro,NDCG@10,MRR@10,Gini - Top 10,CatalogCoverage - Top 10,DeltaGap - Top 10 | Blockbuster,DeltaGap - Top 10 | Niche,DeltaGap - Top 10 | Diverse
sys - fold1,0.6242868968779565,0.6000876190090346,0.5368916019530989,0.9400020494914445,0.8268845921370755,0.7316766559882437,69.48,0.15951770233640933,0.1503550971284173,0.10859694177655499
sys - mean,0.6242868968779565,0.6000876190090346,0.5368916019530989,0.9400020494914445,0.8268845921370755,0.7316766559882437,69.48,0.15951770233640933,0.1503550971284173,0.10859694177655499
