user_id,Precision@10 - macro,Recall@10 - macro,F1@10 - macro,NDCG@10,MRR@10,Gini - Top 10,CatalogCoverage - Top 10,DeltaGap - Top 10 | Blockbuster,DeltaGap - Top 10 | Niche,DeltaGap - Top 10 | Diverse
sys - fold1,0.5580019006608936,0.5697245572774577,0.4980638637357885,0.9246778341328108,0.7485074028507285,0.6571053847553315,80.03,0.0528162313851399,0.03276553995446289,-0.02928334548604278
sys - mean,0.5580019006608936,0.5697245572774577,0.4980638637357885,0.9246778341328108,0.7485074028507285,0.6571053847553315,80.03,0.0528162313851399,0.03276553995446289,-0.02928334548604278
