user_id,Precision@10 - macro,Recall@10 - macro,F1@10 - macro,NDCG@10,MRR@10,Gini - Top 10,CatalogCoverage - Top 10,DeltaGap - Top 10 | Blockbuster,DeltaGap - Top 10 | Niche,DeltaGap - Top 10 | Diverse
sys - fold1,0.5950128025152868,0.5871380218148681,0.5205986346345397,0.9318177896760652,0.7798807946497578,0.6381591831708721,81.35,0.04539548304053407,0.021321173166090005,-0.1038669187647539
sys - mean,0.5950128025152868,0.5871380218148681,0.5205986346345397,0.9318177896760652,0.7798807946497578,0.6381591831708721,81.35,0.04539548304053407,0.021321173166090005,-0.1038669187647539
