user_id,Precision@10 - macro,Recall@10 - macro,F1@10 - macro,NDCG@10,MRR@10,Gini - Top 10,CatalogCoverage - Top 10,DeltaGap - Top 10 | Blockbuster,DeltaGap - Top 10 | Niche,DeltaGap - Top 10 | Diverse
sys - fold1,0.5717430752654263,0.5739907851036854,0.5054486304914989,0.9288448392527751,0.7577863844213181,0.6917515424343821,71.83,0.07209427185805385,0.046351065126299835,-0.022326218562779197
sys - mean,0.5717430752654263,0.5739907851036854,0.5054486304914989,0.9288448392527751,0.7577863844213181,0.6917515424343821,71.83,0.07209427185805385,0.046351065126299835,-0.022326218562779197
