user_id,Precision@10 - macro,Recall@10 - macro,F1@10 - macro,NDCG@10,MRR@10,Gini - Top 10,CatalogCoverage - Top 10,DeltaGap - Top 10 | Blockbuster,DeltaGap - Top 10 | Niche,DeltaGap - Top 10 | Diverse
sys - fold1,0.6620163382458465,0.6188357845889982,0.5603754632075372,0.9471499027404393,0.8589387236928221,0.699169781799733,74.77,0.1991831817560812,0.16306113526871663,0.06814750575986683
sys - mean,0.6620163382458465,0.6188357845889982,0.5603754632075372,0.9471499027404393,0.8589387236928221,0.699169781799733,74.77,0.1991831817560812,0.16306113526871663,0.06814750575986683
