user_id,Precision@10 - macro,Recall@10 - macro,F1@10 - macro,NDCG@10,MRR@10,Gini - Top 10,CatalogCoverage - Top 10,DeltaGap - Top 10 | Blockbuster,DeltaGap - Top 10 | Niche,DeltaGap - Top 10 | Diverse
sys - fold1,0.6320606669820246,0.6025416689178679,0.5401624286625565,0.9426170855633775,0.8446165116156839,0.7419716700815621,69.24,0.2071665554064709,0.20414200086110776,0.134428772208334
sys - mean,0.6320606669820246,0.6025416689178679,0.5401624286625565,0.9426170855633775,0.8446165116156839,0.7419716700815621,69.24,0.2071665554064709,0.20414200086110776,0.134428772208334
