user_id,Precision@10 - macro,Recall@10 - macro,F1@10 - macro,NDCG@10,MRR@10,Gini - Top 10,CatalogCoverage - Top 10,DeltaGap - Top 10 | Blockbuster,DeltaGap - Top 10 | Niche,DeltaGap - Top 10 | Diverse
sys - fold1,0.5817480691072939,0.5730081310100424,0.5086596313694454,0.9271726358093118,0.7458444402382792,0.6365854150316952,81.25,0.06758182803930078,0.03663189209261917,-0.05016409226700718
sys - mean,0.5817480691072939,0.5730081310100424,0.5086596313694454,0.9271726358093118,0.7458444402382792,0.6365854150316952,81.25,0.06758182803930078,0.03663189209261917,-0.05016409226700718
