user_id,Precision@10 - macro,Recall@10 - macro,F1@10 - macro,NDCG@10,MRR@10,Gini - Top 10,CatalogCoverage - Top 10,DeltaGap - Top 10 | Blockbuster,DeltaGap - Top 10 | Niche,DeltaGap - Top 10 | Diverse
sys - fold1,0.6095686897599466,0.5865012397374533,0.5228249633322521,0.9338055219959633,0.7954195217856419,0.6819269236534372,76.98,0.099329294264549,0.07086507665611345,0.024163302878033272
sys - mean,0.6095686897599466,0.5865012397374533,0.5228249633322521,0.9338055219959633,0.7954195217856419,0.6819269236534372,76.98,0.099329294264549,0.07086507665611345,0.024163302878033272
