user_id,Precision@5 - macro,Recall@5 - macro,F1@5 - macro,NDCG@5,MRR@5,Gini - Top 5,CatalogCoverage - Top 5,DeltaGap - Top 5 | Blockbuster,DeltaGap - Top 5 | Niche,DeltaGap - Top 5 | Diverse
sys - fold1,0.6089087597284318,0.3726496067848144,0.3890126371838425,0.8468419281306296,0.7843185957940056,0.6563763365077935,67.16,0.15872460802143198,0.10364755428519502,-0.025908460984008366
sys - mean,0.6089087597284318,0.3726496067848144,0.3890126371838425,0.8468419281306296,0.7843185957940056,0.6563763365077935,67.16,0.15872460802143198,0.10364755428519502,-0.025908460984008366
