user_id,Precision@10 - macro,Recall@10 - macro,F1@10 - macro,NDCG@10,MRR@10,Gini - Top 10,CatalogCoverage - Top 10,DeltaGap - Top 10 | Blockbuster,DeltaGap - Top 10 | Niche,DeltaGap - Top 10 | Diverse
sys - fold1,0.5956756611128196,0.5813715233596658,0.5158328194384105,0.9310252722533701,0.7859932922774453,0.6654325217840555,77.55,0.07023545790884723,0.05216446453876625,0.0027744658545546027
sys - mean,0.5956756611128196,0.5813715233596658,0.5158328194384105,0.9310252722533701,0.7859932922774453,0.6654325217840555,77.55,0.07023545790884723,0.05216446453876625,0.0027744658545546027
