user_id,Precision@10 - macro,Recall@10 - macro,F1@10 - macro,NDCG@10,MRR@10,Gini - Top 10,CatalogCoverage - Top 10,DeltaGap - Top 10 | Blockbuster,DeltaGap - Top 10 | Niche,DeltaGap - Top 10 | Diverse
sys - fold1,0.5665207479238936,0.5736777620780211,0.5037517368244205,0.9254850488861197,0.7481484547461369,0.7158773574659533,70.97,0.07291729542922638,0.05992085766636021,0.01354178556738549
sys - mean,0.5665207479238936,0.5736777620780211,0.5037517368244205,0.9254850488861197,0.7481484547461369,0.7158773574659533,70.97,0.07291729542922638,0.05992085766636021,0.01354178556738549
