user_id,Precision@10 - macro,Recall@10 - macro,F1@10 - macro,NDCG@10,MRR@10,Gini - Top 10,CatalogCoverage - Top 10,DeltaGap - Top 10 | Blockbuster,DeltaGap - Top 10 | Niche,DeltaGap - Top 10 | Diverse
sys - fold1,0.6443702696310312,0.6055411391320001,0.5452141122971275,0.9387403171768925,0.7962821927888152,0.6914453542968311,76.39,0.180661511777132,0.14664707824803075,0.04444742670682362
sys - mean,0.6443702696310312,0.6055411391320001,0.5452141122971275,0.9387403171768925,0.7962821927888152,0.6914453542968311,76.39,0.180661511777132,0.14664707824803075,0.04444742670682362
