user_id,Precision@5 - macro,Recall@5 - macro,F1@5 - macro,NDCG@5,MRR@5,Gini - Top 5,CatalogCoverage - Top 5,DeltaGap - Top 5 | Blockbuster,DeltaGap - Top 5 | Niche,DeltaGap - Top 5 | Diverse
sys - fold1,0.6608112582781457,0.3884263326235512,0.41097867165233765,0.8639732128470923,0.7941004415011038,0.6718456157166424,68.0,0.2742651021414374,0.22998532373769334,-0.00221880333926654
sys - mean,0.6608112582781457,0.3884263326235512,0.41097867165233765,0.8639732128470923,0.7941004415011038,0.6718456157166424,68.0,0.2742651021414374,0.22998532373769334,-0.00221880333926654
