user_id,Precision@5 - macro,Recall@5 - macro,F1@5 - macro,NDCG@5,MRR@5,Gini - Top 5,CatalogCoverage - Top 5,DeltaGap - Top 5 | Blockbuster,DeltaGap - Top 5 | Niche,DeltaGap - Top 5 | Diverse
sys - fold1,0.7050679032792315,0.4147893325209409,0.4399249287653998,0.8848732743639378,0.866307828199183,0.7116140198817632,61.95,0.4097038732698705,0.3820357951259957,0.12245487124950809
sys - mean,0.7050679032792315,0.4147893325209409,0.4399249287653998,0.8848732743639378,0.866307828199183,0.7116140198817632,61.95,0.4097038732698705,0.3820357951259957,0.12245487124950809
