user_id,Precision@10 - macro,Recall@10 - macro,F1@10 - macro,NDCG@10,MRR@10,Gini - Top 10,CatalogCoverage - Top 10,DeltaGap - Top 10 | Blockbuster,DeltaGap - Top 10 | Niche,DeltaGap - Top 10 | Diverse
sys - fold1,0.6606647318306809,0.6197017681851854,0.5578319640022664,0.9490071099590969,0.8669167363312774,0.7058599338422624,73.85,0.23021151056016903,0.2067348484688628,0.09440046107626718
sys - mean,0.6606647318306809,0.6197017681851854,0.5578319640022664,0.9490071099590969,0.8669167363312774,0.7058599338422624,73.85,0.23021151056016903,0.2067348484688628,0.09440046107626718
