user_id,Precision@5 - macro,Recall@5 - macro,F1@5 - macro,NDCG@5,MRR@5,Gini - Top 5,CatalogCoverage - Top 5,DeltaGap - Top 5 | Blockbuster,DeltaGap - Top 5 | Niche,DeltaGap - Top 5 | Diverse
sys - fold1,0.6781208609271523,0.40288509285836005,0.4269829223288021,0.8705013219427277,0.8237030905077263,0.6906230274495487,65.92,0.2560761065423884,0.17821237507817472,0.01441310959662407
sys - mean,0.6781208609271523,0.40288509285836005,0.4269829223288021,0.8705013219427277,0.8237030905077263,0.6906230274495487,65.92,0.2560761065423884,0.17821237507817472,0.01441310959662407
