user_id,Precision@10 - macro,Recall@10 - macro,F1@10 - macro,NDCG@10,MRR@10,Gini - Top 10,CatalogCoverage - Top 10,DeltaGap - Top 10 | Blockbuster,DeltaGap - Top 10 | Niche,DeltaGap - Top 10 | Diverse
sys - fold1,0.04998344370860928,0.03564688651186333,0.03380634683660498,0.17709165027343787,0.15122838484179543,0.8412991526027201,25.09,0.08980621466012971,-0.111655774819471,-0.33983214204957324
sys - mean,0.04998344370860928,0.03564688651186333,0.03380634683660498,0.17709165027343787,0.15122838484179543,0.8412991526027201,25.09,0.08980621466012971,-0.111655774819471,-0.33983214204957324
