user_id,Precision@10 - macro,Recall@10 - macro,F1@10 - macro,NDCG@10,MRR@10,Gini - Top 10,CatalogCoverage - Top 10,DeltaGap - Top 10 | Blockbuster,DeltaGap - Top 10 | Niche,DeltaGap - Top 10 | Diverse
sys - fold1,0.6593355836317082,0.6155465362485607,0.5572278745815543,0.9465558431526574,0.8613983133277602,0.6993679586799273,75.58,0.18891607766572682,0.16255107615531209,0.07920277410802418
sys - mean,0.6593355836317082,0.6155465362485607,0.5572278745815543,0.9465558431526574,0.8613983133277602,0.6993679586799273,75.58,0.18891607766572682,0.16255107615531209,0.07920277410802418
