user_id,Precision@20 - macro,Recall@20 - macro,F1@20 - macro,NDCG@20,MRR@20,Gini - Top 20,CatalogCoverage - Top 20,DeltaGap - Top 20 | Blockbuster,DeltaGap - Top 20 | Niche,DeltaGap - Top 20 | Diverse
sys - fold1,0.0031384564425306397,0.0035034833589849164,0.002638668153113252,0.03405045038349185,0.008077180082344485,0.8897883970625066,55.32,-0.7006823392992304,-0.8066801666861301,-0.9265938362305643
sys - mean,0.0031384564425306397,0.0035034833589849164,0.002638668153113252,0.03405045038349185,0.008077180082344485,0.8897883970625066,55.32,-0.7006823392992304,-0.8066801666861301,-0.9265938362305643
