user_id,Precision@5 - macro,Recall@5 - macro,F1@5 - macro,NDCG@5,MRR@5,Gini - Top 5,CatalogCoverage - Top 5,DeltaGap - Top 5 | Blockbuster,DeltaGap - Top 5 | Niche,DeltaGap - Top 5 | Diverse
sys - fold1,0.6806921675774135,0.4088767461309263,0.4326335930002825,0.8725568104812264,0.8090301926367499,0.6824050214921491,66.35,0.22573620119056223,0.13735697826804022,-0.06385700962525233
sys - mean,0.6806921675774135,0.4088767461309263,0.4326335930002825,0.8725568104812264,0.8090301926367499,0.6824050214921491,66.35,0.22573620119056223,0.13735697826804022,-0.06385700962525233
