user_id,Precision@5 - macro,Recall@5 - macro,F1@5 - macro,NDCG@5,MRR@5,Gini - Top 5,CatalogCoverage - Top 5,DeltaGap - Top 5 | Blockbuster,DeltaGap - Top 5 | Niche,DeltaGap - Top 5 | Diverse
sys - fold1,0.6406705298013246,0.3760585270974774,0.39775497283275474,0.8569085615745698,0.778344370860927,0.6636623568033385,68.86,0.25672934059328484,0.16157001795407938,-0.01031919809109711
sys - mean,0.6406705298013246,0.3760585270974774,0.39775497283275474,0.8569085615745698,0.778344370860927,0.6636623568033385,68.86,0.25672934059328484,0.16157001795407938,-0.01031919809109711
