user_id,Precision@5 - macro,Recall@5 - macro,F1@5 - macro,NDCG@5,MRR@5,Gini - Top 5,CatalogCoverage - Top 5,DeltaGap - Top 5 | Blockbuster,DeltaGap - Top 5 | Niche,DeltaGap - Top 5 | Diverse
sys - fold1,0.5637913907284767,0.3659976418436908,0.37679210325916407,0.8329469230608014,0.7354497792494481,0.7107152858043894,56.93,0.08235891979103377,0.031120569058585873,-0.12749692911617
sys - mean,0.5637913907284767,0.3659976418436908,0.37679210325916407,0.8329469230608014,0.7354497792494481,0.7107152858043894,56.93,0.08235891979103377,0.031120569058585873,-0.12749692911617
