user_id,Precision@10 - macro,Recall@10 - macro,F1@10 - macro,NDCG@10,MRR@10,Gini - Top 10,CatalogCoverage - Top 10,DeltaGap - Top 10 | Blockbuster,DeltaGap - Top 10 | Niche,DeltaGap - Top 10 | Diverse
sys - fold1,0.6511795700620204,0.6131865523524712,0.5532213459730652,0.942556447711405,0.8245362924419217,0.6951418839850539,76.23,0.15469685099004307,0.11211445122313743,0.03950080339208525
sys - mean,0.6511795700620204,0.6131865523524712,0.5532213459730652,0.942556447711405,0.8245362924419217,0.6951418839850539,76.23,0.15469685099004307,0.11211445122313743,0.03950080339208525
