user_id,Precision@10 - macro,Recall@10 - macro,F1@10 - macro,NDCG@10,MRR@10,Gini - Top 10,CatalogCoverage - Top 10,DeltaGap - Top 10 | Blockbuster,DeltaGap - Top 10 | Niche,DeltaGap - Top 10 | Diverse
sys - fold1,0.6523423803478449,0.6174052482998418,0.5566434618077334,0.9436594926358446,0.8100435791692623,0.6922716149580249,76.25,0.13219507025618057,0.10310900891172597,0.006099483536692151
sys - mean,0.6523423803478449,0.6174052482998418,0.5566434618077334,0.9436594926358446,0.8100435791692623,0.6922716149580249,76.25,0.13219507025618057,0.10310900891172597,0.006099483536692151
