user_id,Precision@10 - macro,Recall@10 - macro,F1@10 - macro,NDCG@10,MRR@10,Gini - Top 10,CatalogCoverage - Top 10,DeltaGap - Top 10 | Blockbuster,DeltaGap - Top 10 | Niche,DeltaGap - Top 10 | Diverse
sys - fold1,0.002484266313348791,0.0015840502576261904,0.0015100799021149276,0.02782374192579306,0.00356255619173804,0.8404657640716408,3.43,-0.7139688056464021,-0.7868425254686889,-0.9924853039084741
sys - mean,0.002484266313348791,0.0015840502576261904,0.0015100799021149276,0.02782374192579306,0.00356255619173804,0.8404657640716408,3.43,-0.7139688056464021,-0.7868425254686889,-0.9924853039084741
