user_id,Precision@10 - macro,Recall@10 - macro,F1@10 - macro,NDCG@10,MRR@10,Gini - Top 10,CatalogCoverage - Top 10,DeltaGap - Top 10 | Blockbuster,DeltaGap - Top 10 | Niche,DeltaGap - Top 10 | Diverse
sys - fold1,0.638822663723326,0.6021650559667023,0.5420918316862402,0.9363365737547367,0.7813130058866814,0.6883124251704716,77.6,0.16659464251956452,0.1390017840293982,0.02527881837034376
sys - mean,0.638822663723326,0.6021650559667023,0.5420918316862402,0.9363365737547367,0.7813130058866814,0.6883124251704716,77.6,0.16659464251956452,0.1390017840293982,0.02527881837034376
