user_id,Precision@10 - macro,Recall@10 - macro,F1@10 - macro,NDCG@10,MRR@10,Gini - Top 10,CatalogCoverage - Top 10,DeltaGap - Top 10 | Blockbuster,DeltaGap - Top 10 | Niche,DeltaGap - Top 10 | Diverse
sys - fold1,0.6472109181532831,0.6129389503651351,0.5515471811290794,0.9427772167843729,0.8249667450064933,0.6903168493000971,74.96,0.1469128105419301,0.11900369884672357,0.034209168388045955
sys - mean,0.6472109181532831,0.6129389503651351,0.5515471811290794,0.9427772167843729,0.8249667450064933,0.6903168493000971,74.96,0.1469128105419301,0.11900369884672357,0.034209168388045955
