user_id,Precision@10 - macro,Recall@10 - macro,F1@10 - macro,NDCG@10,MRR@10,Gini - Top 10,CatalogCoverage - Top 10,DeltaGap - Top 10 | Blockbuster,DeltaGap - Top 10 | Niche,DeltaGap - Top 10 | Diverse
sys - fold1,0.5650903405416489,0.5714610844034573,0.5010355101476559,0.9253435270013429,0.7464752992949416,0.6372496284549604,81.52,0.04662133542969085,0.037913299609771946,-0.020472860582094434
sys - mean,0.5650903405416489,0.5714610844034573,0.5010355101476559,0.9253435270013429,0.7464752992949416,0.6372496284549604,81.52,0.04662133542969085,0.037913299609771946,-0.020472860582094434
