user_id,Precision@10 - macro,Recall@10 - macro,F1@10 - macro,NDCG@10,MRR@10,Gini - Top 10,CatalogCoverage - Top 10,DeltaGap - Top 10 | Blockbuster,DeltaGap - Top 10 | Niche,DeltaGap - Top 10 | Diverse
sys - fold1,0.002086783703212985,0.0010341478134794219,0.0011726928386863213,0.021104417084081346,0.005749170596802263,0.8983762385643531,35.38,-0.723678231810647,-0.8497274364929845,-0.9714768901732256
sys - mean,0.002086783703212985,0.0010341478134794219,0.0011726928386863213,0.021104417084081346,0.005749170596802263,0.8983762385643531,35.38,-0.723678231810647,-0.8497274364929845,-0.9714768901732256
