user_id,Precision@5 - macro,Recall@5 - macro,F1@5 - macro,NDCG@5,MRR@5,Gini - Top 5,CatalogCoverage - Top 5,DeltaGap - Top 5 | Blockbuster,DeltaGap - Top 5 | Niche,DeltaGap - Top 5 | Diverse
sys - fold1,0.6229011425732737,0.38036745449108067,0.39920277935790355,0.8528735725805265,0.7884997516145057,0.6245742368965971,72.91,0.12026605785760744,0.0584217152236032,-0.10007900310026115
sys - mean,0.6229011425732737,0.38036745449108067,0.39920277935790355,0.8528735725805265,0.7884997516145057,0.6245742368965971,72.91,0.12026605785760744,0.0584217152236032,-0.10007900310026115
