user_id,Precision@10 - macro,Recall@10 - macro,F1@10 - macro,NDCG@10,MRR@10,Gini - Top 10,CatalogCoverage - Top 10,DeltaGap - Top 10 | Blockbuster,DeltaGap - Top 10 | Niche,DeltaGap - Top 10 | Diverse
sys - fold1,0.6057586665510162,0.5892865702258342,0.5247845027031257,0.933963289882453,0.7899734398368278,0.6415306013315457,80.87,0.05512896641769709,0.02441998818843141,-0.04750225431496141
sys - mean,0.6057586665510162,0.5892865702258342,0.5247845027031257,0.933963289882453,0.7899734398368278,0.6415306013315457,80.87,0.05512896641769709,0.02441998818843141,-0.04750225431496141
