user_id,Precision@10 - macro,Recall@10 - macro,F1@10 - macro,NDCG@10,MRR@10,Gini - Top 10,CatalogCoverage - Top 10,DeltaGap - Top 10 | Blockbuster,DeltaGap - Top 10 | Niche,DeltaGap - Top 10 | Diverse
sys - fold1,0.6574193667089842,0.6172410120502668,0.556312508101181,0.9458210974458288,0.854702765358503,0.7008989662184396,74.64,0.20399642554728312,0.16045423695123276,0.08069713777930511
sys - mean,0.6574193667089842,0.6172410120502668,0.556312508101181,0.9458210974458288,0.854702765358503,0.7008989662184396,74.64,0.20399642554728312,0.16045423695123276,0.08069713777930511
