user_id,Precision@5 - macro,Recall@5 - macro,F1@5 - macro,NDCG@5,MRR@5,Gini - Top 5,CatalogCoverage - Top 5,DeltaGap - Top 5 | Blockbuster,DeltaGap - Top 5 | Niche,DeltaGap - Top 5 | Diverse
sys - fold1,0.7013576158940397,0.4109203041456787,0.43788218058215794,0.8797323393977668,0.8591942604856512,0.698159389227297,64.03,0.3422843601958407,0.29297796245996566,0.08517566864528817
sys - mean,0.7013576158940397,0.4109203041456787,0.43788218058215794,0.8797323393977668,0.8591942604856512,0.698159389227297,64.03,0.3422843601958407,0.29297796245996566,0.08517566864528817
