user_id,Precision@10 - macro,Recall@10 - macro,F1@10 - macro,NDCG@10,MRR@10,Gini - Top 10,CatalogCoverage - Top 10,DeltaGap - Top 10 | Blockbuster,DeltaGap - Top 10 | Niche,DeltaGap - Top 10 | Diverse
sys - fold1,0.6558396031483146,0.6160025025416888,0.5559816204801938,0.9470044672098152,0.8565976329805411,0.6950830557507923,74.04,0.18882719965019193,0.1452897788124059,0.07069338370133559
sys - mean,0.6558396031483146,0.6160025025416888,0.5559816204801938,0.9470044672098152,0.8565976329805411,0.6950830557507923,74.04,0.18882719965019193,0.1452897788124059,0.07069338370133559
