user_id,Precision@20 - macro,Recall@20 - macro,F1@20 - macro,NDCG@20,MRR@20,Gini - Top 20,CatalogCoverage - Top 20,DeltaGap - Top 20 | Blockbuster,DeltaGap - Top 20 | Niche,DeltaGap - Top 20 | Diverse
sys - fold1,0.006111295130838027,0.006969375084342291,0.005178508878831564,0.06106360266011047,0.021868105693429726,0.47155030292370304,99.19,-0.6251553140070321,-0.6912980445537854,-0.8048683097345879
sys - mean,0.006111295130838027,0.006969375084342291,0.005178508878831564,0.06106360266011047,0.021868105693429726,0.47155030292370304,99.19,-0.6251553140070321,-0.6912980445537854,-0.8048683097345879
