user_id,Precision@20 - macro,Recall@20 - macro,F1@20 - macro,NDCG@20,MRR@20,Gini - Top 20,CatalogCoverage - Top 20,DeltaGap - Top 20 | Blockbuster,DeltaGap - Top 20 | Niche,DeltaGap - Top 20 | Diverse
sys - fold1,0.0053991387876780395,0.007550356090633971,0.00501153971477967,0.04898044668238105,0.0075157142581002,0.8592330445192146,7.69,-0.6409541206927634,-0.7307147489624818,-0.8845600348757957
sys - mean,0.0053991387876780395,0.007550356090633971,0.00501153971477967,0.04898044668238105,0.0075157142581002,0.8592330445192146,7.69,-0.6409541206927634,-0.7307147489624818,-0.8845600348757957
