user_id,Precision@10 - macro,Recall@10 - macro,F1@10 - macro,NDCG@10,MRR@10,Gini - Top 10,CatalogCoverage - Top 10,DeltaGap - Top 10 | Blockbuster,DeltaGap - Top 10 | Niche,DeltaGap - Top 10 | Diverse
sys - fold1,0.001987413050679033,0.0011188997000722604,0.0011567577762397882,0.019998575813056724,0.004867058891570319,0.8986180090960841,36.05,-0.7233924915010573,-0.857185065705239,-0.9822183027795134
sys - mean,0.001987413050679033,0.0011188997000722604,0.0011567577762397882,0.019998575813056724,0.004867058891570319,0.8986180090960841,36.05,-0.7233924915010573,-0.857185065705239,-0.9822183027795134
