user_id,Precision@5 - macro,Recall@5 - macro,F1@5 - macro,NDCG@5,MRR@5,Gini - Top 5,CatalogCoverage - Top 5,DeltaGap - Top 5 | Blockbuster,DeltaGap - Top 5 | Niche,DeltaGap - Top 5 | Diverse
sys - fold1,0.701385439090357,0.41158654920620136,0.438669014011926,0.8805205186150754,0.8584865043881437,0.6978596079966264,64.17,0.3345944543701404,0.2979997808682721,0.06508044840448314
sys - mean,0.701385439090357,0.41158654920620136,0.438669014011926,0.8805205186150754,0.8584865043881437,0.6978596079966264,64.17,0.3345944543701404,0.2979997808682721,0.06508044840448314
