user_id,Precision@10 - macro,Recall@10 - macro,F1@10 - macro,NDCG@10,MRR@10,Gini - Top 10,CatalogCoverage - Top 10,DeltaGap - Top 10 | Blockbuster,DeltaGap - Top 10 | Niche,DeltaGap - Top 10 | Diverse
sys - fold1,0.6347932880719765,0.599349192976029,0.5395363797463082,0.9361330902067466,0.7932923431557312,0.6847000422090764,76.66,0.16283370166142613,0.12833102475865152,0.0331346344508352
sys - mean,0.6347932880719765,0.599349192976029,0.5395363797463082,0.9361330902067466,0.7932923431557312,0.6847000422090764,76.66,0.16283370166142613,0.12833102475865152,0.0331346344508352
