user_id,Precision@10 - macro,Recall@10 - macro,F1@10 - macro,NDCG@10,MRR@10,Gini - Top 10,CatalogCoverage - Top 10,DeltaGap - Top 10 | Blockbuster,DeltaGap - Top 10 | Niche,DeltaGap - Top 10 | Diverse
sys - fold1,0.01619741636303412,0.011776013599190876,0.01107990269572965,0.07844262917263627,0.04426522237469571,0.7076180703041954,41.28,-0.3361040304104109,-0.5594871319680055,-0.7889428033689418
sys - mean,0.01619741636303412,0.011776013599190876,0.01107990269572965,0.07844262917263627,0.04426522237469571,0.7076180703041954,41.28,-0.3361040304104109,-0.5594871319680055,-0.7889428033689418
