user_id,Precision@20 - macro,Recall@20 - macro,F1@20 - macro,NDCG@20,MRR@20,Gini - Top 20,CatalogCoverage - Top 20,DeltaGap - Top 20 | Blockbuster,DeltaGap - Top 20 | Niche,DeltaGap - Top 20 | Diverse
sys - fold1,0.0045710500165617755,0.0038100981016121606,0.003290021971804881,0.040241084353349894,0.012873914342361853,0.7159405817154844,50.97,-0.6698720942913756,-0.8221861397327433,-0.8981347831837575
sys - mean,0.0045710500165617755,0.0038100981016121606,0.003290021971804881,0.040241084353349894,0.012873914342361853,0.7159405817154844,50.97,-0.6698720942913756,-0.8221861397327433,-0.8981347831837575
