user_id,Precision@5 - macro,Recall@5 - macro,F1@5 - macro,NDCG@5,MRR@5,Gini - Top 5,CatalogCoverage - Top 5,DeltaGap - Top 5 | Blockbuster,DeltaGap - Top 5 | Niche,DeltaGap - Top 5 | Diverse
sys - fold1,0.6451509631837501,0.37939564321684566,0.4020609696300037,0.8577829981064684,0.7914389799635702,0.6675217618737496,67.84,0.2604523811289142,0.19830852562797577,-0.000975971706052753
sys - mean,0.6451509631837501,0.37939564321684566,0.4020609696300037,0.8577829981064684,0.7914389799635702,0.6675217618737496,67.84,0.2604523811289142,0.19830852562797577,-0.000975971706052753
