user_id,Precision@5 - macro,Recall@5 - macro,F1@5 - macro,NDCG@5,MRR@5,Gini - Top 5,CatalogCoverage - Top 5,DeltaGap - Top 5 | Blockbuster,DeltaGap - Top 5 | Niche,DeltaGap - Top 5 | Diverse
sys - fold1,0.5846555150712156,0.36334811150902613,0.37911701461929637,0.8393190357129231,0.7426796952633322,0.6217531442523228,73.88,0.1474876483412212,0.05164514861843863,-0.09207904653089717
sys - mean,0.5846555150712156,0.36334811150902613,0.37911701461929637,0.8393190357129231,0.7426796952633322,0.6217531442523228,73.88,0.1474876483412212,0.05164514861843863,-0.09207904653089717
