user_id,Precision@10 - macro,Recall@10 - macro,F1@10 - macro,NDCG@10,MRR@10,Gini - Top 10,CatalogCoverage - Top 10,DeltaGap - Top 10 | Blockbuster,DeltaGap - Top 10 | Niche,DeltaGap - Top 10 | Diverse
sys - fold1,0.6486024673245148,0.613915932423926,0.5525873681691099,0.9432988131930656,0.8265967012943988,0.6918851813650707,76.15,0.14943837689033454,0.11702814680998261,0.033327103317769405
sys - mean,0.6486024673245148,0.613915932423926,0.5525873681691099,0.9432988131930656,0.8265967012943988,0.6918851813650707,76.15,0.14943837689033454,0.11702814680998261,0.033327103317769405
