user_id,Precision@10 - macro,Recall@10 - macro,F1@10 - macro,NDCG@10,MRR@10,Gini - Top 10,CatalogCoverage - Top 10,DeltaGap - Top 10 | Blockbuster,DeltaGap - Top 10 | Niche,DeltaGap - Top 10 | Diverse
sys - fold1,0.004024511427625042,0.0015714614219279111,0.0018365353963145615,0.025527368855255167,0.010440162042513815,0.7687051595981194,38.77,-0.6802420083780376,-0.8413189378258987,-0.9214529422640217
sys - mean,0.004024511427625042,0.0015714614219279111,0.0018365353963145615,0.025527368855255167,0.010440162042513815,0.7687051595981194,38.77,-0.6802420083780376,-0.8413189378258987,-0.9214529422640217
