user_id,Precision@20 - macro,Recall@20 - macro,F1@20 - macro,NDCG@20,MRR@20,Gini - Top 20,CatalogCoverage - Top 20,DeltaGap - Top 20 | Blockbuster,DeltaGap - Top 20 | Niche,DeltaGap - Top 20 | Diverse
sys - fold1,0.019072847682119202,0.02478344617436271,0.017611487753810485,0.14924557302736305,0.05667386174808955,0.8120578063111162,33.97,-0.42607229544480396,-0.5807675674103993,-0.7297985838469045
sys - mean,0.019072847682119202,0.02478344617436271,0.017611487753810485,0.14924557302736305,0.05667386174808955,0.8120578063111162,33.97,-0.42607229544480396,-0.5807675674103993,-0.7297985838469045
