user_id,Precision@5 - macro,Recall@5 - macro,F1@5 - macro,NDCG@5,MRR@5,Gini - Top 5,CatalogCoverage - Top 5,DeltaGap - Top 5 | Blockbuster,DeltaGap - Top 5 | Niche,DeltaGap - Top 5 | Diverse
sys - fold1,0.6690286975717439,0.4001883566810798,0.4226136474164105,0.8709580643306483,0.8437831125827814,0.7624032243026071,52.59,0.39729343047155435,0.37089014663822245,0.19665412368991136
sys - mean,0.6690286975717439,0.4001883566810798,0.4226136474164105,0.8709580643306483,0.8437831125827814,0.7624032243026071,52.59,0.39729343047155435,0.37089014663822245,0.19665412368991136
