user_id,Precision@20 - macro,Recall@20 - macro,F1@20 - macro,NDCG@20,MRR@20,Gini - Top 20,CatalogCoverage - Top 20,DeltaGap - Top 20 | Blockbuster,DeltaGap - Top 20 | Niche,DeltaGap - Top 20 | Diverse
sys - fold1,0.014690294799602517,0.020749095835063257,0.013826803182116097,0.1179646432147434,0.04994966101833009,0.6602590137849693,51.97,-0.36500290226592363,-0.5801548162847372,-0.7845589712004546
sys - mean,0.014690294799602517,0.020749095835063257,0.013826803182116097,0.1179646432147434,0.04994966101833009,0.6602590137849693,51.97,-0.36500290226592363,-0.5801548162847372,-0.7845589712004546
