user_id,Precision@5 - macro,Recall@5 - macro,F1@5 - macro,NDCG@5,MRR@5,Gini - Top 5,CatalogCoverage - Top 5,DeltaGap - Top 5 | Blockbuster,DeltaGap - Top 5 | Niche,DeltaGap - Top 5 | Diverse
sys - fold1,0.6269581056466302,0.3774913741976457,0.3959991690096063,0.8527116013436147,0.7939090357123144,0.6792874398559745,66.08,0.1914201208579346,0.14299097013225884,0.0025017202365595088
sys - mean,0.6269581056466302,0.3774913741976457,0.3959991690096063,0.8527116013436147,0.7939090357123144,0.6792874398559745,66.08,0.1914201208579346,0.14299097013225884,0.0025017202365595088
