user_id,Precision@10 - macro,Recall@10 - macro,F1@10 - macro,NDCG@10,MRR@10,Gini - Top 10,CatalogCoverage - Top 10,DeltaGap - Top 10 | Blockbuster,DeltaGap - Top 10 | Niche,DeltaGap - Top 10 | Diverse
sys - fold1,0.5778415826230033,0.5701089341807823,0.503136045084163,0.9261637269458529,0.7485780916108784,0.6530707178765619,79.25,0.08276893341390855,0.050514217305810086,-0.014539058623118956
sys - mean,0.5778415826230033,0.5701089341807823,0.503136045084163,0.9261637269458529,0.7485780916108784,0.6530707178765619,79.25,0.08276893341390855,0.050514217305810086,-0.014539058623118956
