user_id,Precision@5 - macro,Recall@5 - macro,F1@5 - macro,NDCG@5,MRR@5,Gini - Top 5,CatalogCoverage - Top 5,DeltaGap - Top 5 | Blockbuster,DeltaGap - Top 5 | Niche,DeltaGap - Top 5 | Diverse
sys - fold1,0.6693607154686981,0.4059374088596274,0.4265718833584123,0.8693675669381947,0.8063045158440985,0.6801691306324705,66.86,0.209814881752339,0.1398287706667537,-0.06435822409473724
sys - mean,0.6693607154686981,0.4059374088596274,0.4265718833584123,0.8693675669381947,0.8063045158440985,0.6801691306324705,66.86,0.209814881752339,0.1398287706667537,-0.06435822409473724
