user_id,Precision@10 - macro,Recall@10 - macro,F1@10 - macro,NDCG@10,MRR@10,Gini - Top 10,CatalogCoverage - Top 10,DeltaGap - Top 10 | Blockbuster,DeltaGap - Top 10 | Niche,DeltaGap - Top 10 | Diverse
sys - fold1,0.643821406226176,0.6139311590009323,0.5497151873402305,0.9420516059934808,0.8072691078197869,0.688033656740219,75.53,0.13392596042544683,0.10410397405331258,0.00147183469346365
sys - mean,0.643821406226176,0.6139311590009323,0.5497151873402305,0.9420516059934808,0.8072691078197869,0.688033656740219,75.53,0.13392596042544683,0.10410397405331258,0.00147183469346365
