user_id,Precision@10 - macro,Recall@10 - macro,F1@10 - macro,NDCG@10,MRR@10,Gini - Top 10,CatalogCoverage - Top 10,DeltaGap - Top 10 | Blockbuster,DeltaGap - Top 10 | Niche,DeltaGap - Top 10 | Diverse
sys - fold1,0.6412296331336066,0.6144533548799705,0.5493073644316919,0.9455908942359617,0.8510646615158205,0.7346041345628626,69.78,0.22364839557788793,0.22589594409350836,0.16188288793554068
sys - mean,0.6412296331336066,0.6144533548799705,0.5493073644316919,0.9455908942359617,0.8510646615158205,0.7346041345628626,69.78,0.22364839557788793,0.22589594409350836,0.16188288793554068
