user_id,Precision@5 - macro,Recall@5 - macro,F1@5 - macro,NDCG@5,MRR@5,Gini - Top 5,CatalogCoverage - Top 5,DeltaGap - Top 5 | Blockbuster,DeltaGap - Top 5 | Niche,DeltaGap - Top 5 | Diverse
sys - fold1,0.6805960264900662,0.4120176416213687,0.43339002622881223,0.876485035646292,0.8503449227373068,0.7482237875592048,53.26,0.4377165759042857,0.40978302786785337,0.24885939114165698
sys - mean,0.6805960264900662,0.4120176416213687,0.43339002622881223,0.876485035646292,0.8503449227373068,0.7482237875592048,53.26,0.4377165759042857,0.40978302786785337,0.24885939114165698
