user_id,Precision@10 - macro,Recall@10 - macro,F1@10 - macro,NDCG@10,MRR@10,Gini - Top 10,CatalogCoverage - Top 10,DeltaGap - Top 10 | Blockbuster,DeltaGap - Top 10 | Niche,DeltaGap - Top 10 | Diverse
sys - fold1,0.01452810180275716,0.011739579858486832,0.011065426035931717,0.021746088508394983,0.05693203050042923,0.5459607488149646,77.17,-0.49750617713593975,-0.6361788904733588,-0.7665436959097042
sys - mean,0.01452810180275716,0.011739579858486832,0.011065426035931717,0.021746088508394983,0.05693203050042923,0.5459607488149646,77.17,-0.49750617713593975,-0.6361788904733588,-0.7665436959097042
