user_id,Precision@10 - macro,Recall@10 - macro,F1@10 - macro,NDCG@10,MRR@10,Gini - Top 10,CatalogCoverage - Top 10,DeltaGap - Top 10 | Blockbuster,DeltaGap - Top 10 | Niche,DeltaGap - Top 10 | Diverse
sys - fold1,0.012089077412513258,0.012512003947408375,0.009697826417329856,0.017918485722639488,0.03116825733474726,0.7226706909209561,46.37,-0.5233904648198897,-0.6184496044766967,-0.7118140556653454
sys - mean,0.012089077412513258,0.012512003947408375,0.009697826417329856,0.017918485722639488,0.03116825733474726,0.7226706909209561,46.37,-0.5233904648198897,-0.6184496044766967,-0.7118140556653454
