user_id,Precision@5 - macro,Recall@5 - macro,F1@5 - macro,NDCG@5,MRR@5,Gini - Top 5,CatalogCoverage - Top 5,DeltaGap - Top 5 | Blockbuster,DeltaGap - Top 5 | Niche,DeltaGap - Top 5 | Diverse
sys - fold1,0.01633085896076352,0.007482285296958519,0.008566011080822535,0.017650651258143527,0.03448214916931778,0.624505470565889,35.02,-0.5377020107243442,-0.6901547411758542,-0.8264137738639528
sys - mean,0.01633085896076352,0.007482285296958519,0.008566011080822535,0.017650651258143527,0.03448214916931778,0.624505470565889,35.02,-0.5377020107243442,-0.6901547411758542,-0.8264137738639528
