user_id,Precision@5 - macro,Recall@5 - macro,F1@5 - macro,NDCG@5,MRR@5,Gini - Top 5,CatalogCoverage - Top 5,DeltaGap - Top 5 | Blockbuster,DeltaGap - Top 5 | Niche,DeltaGap - Top 5 | Diverse
sys - fold1,0.010604453870625665,0.005757316119836569,0.0058346799485649095,0.01659903784064985,0.023559561682573348,0.7061973340631023,38.7,-0.4902192829673851,-0.6600195088605064,-0.7697950390669646
sys - mean,0.010604453870625665,0.005757316119836569,0.0058346799485649095,0.01659903784064985,0.023559561682573348,0.7061973340631023,38.7,-0.4902192829673851,-0.6600195088605064,-0.7697950390669646
