user_id,Precision@5 - macro,Recall@5 - macro,F1@5 - macro,NDCG@5,MRR@5,Gini - Top 5,CatalogCoverage - Top 5,DeltaGap - Top 5 | Blockbuster,DeltaGap - Top 5 | Niche,DeltaGap - Top 5 | Diverse
sys - fold1,0.018451749734888653,0.007480798030459984,0.009195647592017013,0.021048098128114225,0.05148462354188759,0.5493321903228553,65.16,-0.41272144252320486,-0.6171208844418821,-0.7857352404596613
sys - mean,0.018451749734888653,0.007480798030459984,0.009195647592017013,0.021048098128114225,0.05148462354188759,0.5493321903228553,65.16,-0.41272144252320486,-0.6171208844418821,-0.7857352404596613
