user_id,Precision@10 - macro,Recall@10 - macro,F1@10 - macro,NDCG@10,MRR@10,Gini - Top 10,CatalogCoverage - Top 10,DeltaGap - Top 10 | Blockbuster,DeltaGap - Top 10 | Niche,DeltaGap - Top 10 | Diverse
sys - fold1,0.012513255567338283,0.010267733509796262,0.00954216435456446,0.018582799142055732,0.05151281792321028,0.5485866822686218,89.66,-0.5379490970914969,-0.6808431951852965,-0.8149743163247232
sys - mean,0.012513255567338283,0.010267733509796262,0.00954216435456446,0.018582799142055732,0.05151281792321028,0.5485866822686218,89.66,-0.5379490970914969,-0.6808431951852965,-0.8149743163247232
