user_id,Precision@10 - macro,Recall@10 - macro,F1@10 - macro,NDCG@10,MRR@10,Gini - Top 10,CatalogCoverage - Top 10,DeltaGap - Top 10 | Blockbuster,DeltaGap - Top 10 | Niche,DeltaGap - Top 10 | Diverse
sys - fold1,0.011452810180275717,0.011710645896695812,0.009186999315834674,0.016816929675363024,0.030222693531283137,0.7230958075904131,50.95,-0.5472852127364336,-0.6525836736046525,-0.739760483571959
sys - mean,0.011452810180275717,0.011710645896695812,0.009186999315834674,0.016816929675363024,0.030222693531283137,0.7230958075904131,50.95,-0.5472852127364336,-0.6525836736046525,-0.739760483571959
