user_id,Precision@10 - macro,Recall@10 - macro,F1@10 - macro,NDCG@10,MRR@10,Gini - Top 10,CatalogCoverage - Top 10,DeltaGap - Top 10 | Blockbuster,DeltaGap - Top 10 | Niche,DeltaGap - Top 10 | Diverse
sys - fold1,0.01389183457051962,0.0125585835135952,0.010458413985814635,0.02043550637304606,0.04246494638859432,0.627426738742467,46.31,-0.5594969389142751,-0.6581587133280542,-0.7619000936007682
sys - mean,0.01389183457051962,0.0125585835135952,0.010458413985814635,0.02043550637304606,0.04246494638859432,0.627426738742467,46.31,-0.5594969389142751,-0.6581587133280542,-0.7619000936007682
