user_id,Precision@5 - macro,Recall@5 - macro,F1@5 - macro,NDCG@5,MRR@5,Gini - Top 5,CatalogCoverage - Top 5,DeltaGap - Top 5 | Blockbuster,DeltaGap - Top 5 | Niche,DeltaGap - Top 5 | Diverse
sys - fold1,0.011240721102863204,0.005941825848354781,0.006112335107059495,0.017482198681269767,0.024301873453517142,0.7093464121597738,35.67,-0.465004747791138,-0.6331097797769628,-0.7420132012857825
sys - mean,0.011240721102863204,0.005941825848354781,0.006112335107059495,0.017482198681269767,0.024301873453517142,0.7093464121597738,35.67,-0.465004747791138,-0.6331097797769628,-0.7420132012857825
