user_id,Precision@5 - macro,Recall@5 - macro,F1@5 - macro,NDCG@5,MRR@5,Gini - Top 5,CatalogCoverage - Top 5,DeltaGap - Top 5 | Blockbuster,DeltaGap - Top 5 | Niche,DeltaGap - Top 5 | Diverse
sys - fold1,0.01166489925768823,0.0039487078153757705,0.005162375162051839,0.014851515323967177,0.030364086249558147,0.4963690204431316,69.32,-0.41017954912342947,-0.5867649956247803,-0.7696388622726947
sys - mean,0.01166489925768823,0.0039487078153757705,0.005162375162051839,0.014851515323967177,0.030364086249558147,0.4963690204431316,69.32,-0.41017954912342947,-0.5867649956247803,-0.7696388622726947
