user_id,Precision@5 - macro,Recall@5 - macro,F1@5 - macro,NDCG@5,MRR@5,Gini - Top 5,CatalogCoverage - Top 5,DeltaGap - Top 5 | Blockbuster,DeltaGap - Top 5 | Niche,DeltaGap - Top 5 | Diverse
sys - fold1,0.01675503711558855,0.0067660262562339495,0.008327672219711514,0.018231328201626835,0.046800989749027924,0.5429210980585957,73.48,-0.4582151655968688,-0.668181241740691,-0.8251697674791432
sys - mean,0.01675503711558855,0.0067660262562339495,0.008327672219711514,0.018231328201626835,0.046800989749027924,0.5429210980585957,73.48,-0.4582151655968688,-0.668181241740691,-0.8251697674791432
