user_id,Precision@5 - macro,Recall@5 - macro,F1@5 - macro,NDCG@5,MRR@5,Gini - Top 5,CatalogCoverage - Top 5,DeltaGap - Top 5 | Blockbuster,DeltaGap - Top 5 | Niche,DeltaGap - Top 5 | Diverse
sys - fold1,0.012725344644750796,0.004375692065335407,0.005667950260237668,0.01766691491485821,0.03250265111346766,0.4988502382268158,63.32,-0.40734323108421716,-0.5273950914453761,-0.74140534421253
sys - mean,0.012725344644750796,0.004375692065335407,0.005667950260237668,0.01766691491485821,0.03250265111346766,0.4988502382268158,63.32,-0.40734323108421716,-0.5273950914453761,-0.74140534421253
