user_id,Precision@10 - macro,Recall@10 - macro,F1@10 - macro,NDCG@10,MRR@10,Gini - Top 10,CatalogCoverage - Top 10,DeltaGap - Top 10 | Blockbuster,DeltaGap - Top 10 | Niche,DeltaGap - Top 10 | Diverse
sys - fold1,0.012089077412513258,0.008903787324960376,0.008846877359094604,0.016377553867812936,0.03708571091922099,0.5014317481486269,85.85,-0.49868940857272925,-0.6101473916285829,-0.7578973696813793
sys - mean,0.012089077412513258,0.008903787324960376,0.008846877359094604,0.016377553867812936,0.03708571091922099,0.5014317481486269,85.85,-0.49868940857272925,-0.6101473916285829,-0.7578973696813793
