user_id,Precision@5 - macro,Recall@5 - macro,F1@5 - macro,NDCG@5,MRR@5,Gini - Top 5,CatalogCoverage - Top 5,DeltaGap - Top 5 | Blockbuster,DeltaGap - Top 5 | Niche,DeltaGap - Top 5 | Diverse
sys - fold1,0.01739130434782609,0.00777512813221917,0.008977748512708427,0.01940443889150859,0.036656062212796034,0.6327257943035722,33.65,-0.49788605776550815,-0.6707463385048288,-0.7879228550329493
sys - mean,0.01739130434782609,0.00777512813221917,0.008977748512708427,0.01940443889150859,0.036656062212796034,0.6327257943035722,33.65,-0.49788605776550815,-0.6707463385048288,-0.7879228550329493
