user_id,Precision@10 - macro,Recall@10 - macro,F1@10 - macro,NDCG@10,MRR@10,Gini - Top 10,CatalogCoverage - Top 10,DeltaGap - Top 10 | Blockbuster,DeltaGap - Top 10 | Niche,DeltaGap - Top 10 | Diverse
sys - fold1,0.012195121951219513,0.011492766180751022,0.009322632946066757,0.018369656152420984,0.038789156525105624,0.6282121756443829,49.52,-0.5971969590244628,-0.6882854915684175,-0.8043086002143278
sys - mean,0.012195121951219513,0.011492766180751022,0.009322632946066757,0.018369656152420984,0.038789156525105624,0.6282121756443829,49.52,-0.5971969590244628,-0.6882854915684175,-0.8043086002143278
