user_id,Precision@10 - macro,Recall@10 - macro,F1@10 - macro,NDCG@10,MRR@10,Gini - Top 10,CatalogCoverage - Top 10,DeltaGap - Top 10 | Blockbuster,DeltaGap - Top 10 | Niche,DeltaGap - Top 10 | Diverse
sys - fold1,0.013679745493107107,0.010068234140868796,0.010033891276142173,0.019246613927529615,0.040116817317241496,0.4976020999969323,76.04,-0.4635100788222293,-0.566181992158441,-0.722821754324381
sys - mean,0.013679745493107107,0.010068234140868796,0.010033891276142173,0.019246613927529615,0.040116817317241496,0.4976020999969323,76.04,-0.4635100788222293,-0.566181992158441,-0.722821754324381
