user_id,Precision@10 - macro,Recall@10 - macro,F1@10 - macro,NDCG@10,MRR@10,Gini - Top 10,CatalogCoverage - Top 10,DeltaGap - Top 10 | Blockbuster,DeltaGap - Top 10 | Niche,DeltaGap - Top 10 | Diverse
sys - fold1,0.007635206786850477,0.006981965091015371,0.005869621834784522,0.011015348526641267,0.02025661095120268,0.5469786255374937,70.45,-0.6064427812047011,-0.6701951506757756,-0.7921636130570225
sys - mean,0.007635206786850477,0.006981965091015371,0.005869621834784522,0.011015348526641267,0.02025661095120268,0.5469786255374937,70.45,-0.6064427812047011,-0.6701951506757756,-0.7921636130570225
