user_id,Precision@5 - macro,Recall@5 - macro,F1@5 - macro,NDCG@5,MRR@5,Gini - Top 5,CatalogCoverage - Top 5,DeltaGap - Top 5 | Blockbuster,DeltaGap - Top 5 | Niche,DeltaGap - Top 5 | Diverse
sys - fold1,0.009968186638388126,0.0030294553641222245,0.004297958190747382,0.012391491491353898,0.023241428066454576,0.4888838091754863,63.44,-0.4433289635910399,-0.6692733226258438,-0.810058493533576
sys - mean,0.009968186638388126,0.0030294553641222245,0.004297958190747382,0.012391491491353898,0.023241428066454576,0.4888838091754863,63.44,-0.4433289635910399,-0.6692733226258438,-0.810058493533576
