user_id,Precision@10 - macro,Recall@10 - macro,F1@10 - macro,NDCG@10,MRR@10,Gini - Top 10,CatalogCoverage - Top 10,DeltaGap - Top 10 | Blockbuster,DeltaGap - Top 10 | Niche,DeltaGap - Top 10 | Diverse
sys - fold1,0.009437963944856841,0.008816356631162146,0.00747509384244237,0.014251614414897277,0.026745526772037904,0.5783799919826916,66.53,-0.548531491571171,-0.644086852531788,-0.7405970900203056
sys - mean,0.009437963944856841,0.008816356631162146,0.00747509384244237,0.014251614414897277,0.026745526772037904,0.5783799919826916,66.53,-0.548531491571171,-0.644086852531788,-0.7405970900203056
