user_id,Precision@5 - macro,Recall@5 - macro,F1@5 - macro,NDCG@5,MRR@5,Gini - Top 5,CatalogCoverage - Top 5,DeltaGap - Top 5 | Blockbuster,DeltaGap - Top 5 | Niche,DeltaGap - Top 5 | Diverse
sys - fold1,0.006786850477200425,0.0030176165413173146,0.0035555913655759184,0.01157578213722028,0.016631318487097913,0.606554739004368,51.01,-0.5412825415233427,-0.6849142066096123,-0.8397808792990037
sys - mean,0.006786850477200425,0.0030176165413173146,0.0035555913655759184,0.01157578213722028,0.016631318487097913,0.606554739004368,51.01,-0.5412825415233427,-0.6849142066096123,-0.8397808792990037
