user_id,Precision@10 - macro,Recall@10 - macro,F1@10 - macro,NDCG@10,MRR@10,Gini - Top 10,CatalogCoverage - Top 10,DeltaGap - Top 10 | Blockbuster,DeltaGap - Top 10 | Niche,DeltaGap - Top 10 | Diverse
sys - fold1,0.008059384941675502,0.0074215459754538955,0.006384279143591156,0.011818736465006452,0.022283660724806004,0.5888167448554593,73.07,-0.6060082814158718,-0.6986274113864512,-0.8077088403821582
sys - mean,0.008059384941675502,0.0074215459754538955,0.006384279143591156,0.011818736465006452,0.022283660724806004,0.5888167448554593,73.07,-0.6060082814158718,-0.6986274113864512,-0.8077088403821582
