user_id,Precision@5 - macro,Recall@5 - macro,F1@5 - macro,NDCG@5,MRR@5,Gini - Top 5,CatalogCoverage - Top 5,DeltaGap - Top 5 | Blockbuster,DeltaGap - Top 5 | Niche,DeltaGap - Top 5 | Diverse
sys - fold1,0.0061505832449628844,0.002605404407256156,0.003165859561277804,0.012721749369895285,0.015853658536585366,0.6194367057893129,31.57,-0.5181491194539476,-0.6500969358291512,-0.8324088613411076
sys - mean,0.0061505832449628844,0.002605404407256156,0.003165859561277804,0.012721749369895285,0.015853658536585366,0.6194367057893129,31.57,-0.5181491194539476,-0.6500969358291512,-0.8324088613411076
