user_id,Precision@5 - macro,Recall@5 - macro,F1@5 - macro,NDCG@5,MRR@5,Gini - Top 5,CatalogCoverage - Top 5,DeltaGap - Top 5 | Blockbuster,DeltaGap - Top 5 | Niche,DeltaGap - Top 5 | Diverse
sys - fold1,0.005090137857900319,0.0018645112923485639,0.0024071338852044892,0.010149679453946979,0.009968186638388122,0.6133158105392592,30.56,-0.6186476481358947,-0.6988502957140859,-0.9149986176975106
sys - mean,0.005090137857900319,0.0018645112923485639,0.0024071338852044892,0.010149679453946979,0.009968186638388122,0.6133158105392592,30.56,-0.6186476481358947,-0.6988502957140859,-0.9149986176975106
