user_id,Precision@10 - macro,Recall@10 - macro,F1@10 - macro,NDCG@10,MRR@10,Gini - Top 10,CatalogCoverage - Top 10,DeltaGap - Top 10 | Blockbuster,DeltaGap - Top 10 | Niche,DeltaGap - Top 10 | Diverse
sys - fold1,0.0077412513255567346,0.0054176481131170745,0.005520395881023111,0.010762703391800714,0.021334730428049623,0.46059825554254497,89.0,-0.5882831799817808,-0.6824615836636566,-0.8329173926728158
sys - mean,0.0077412513255567346,0.0054176481131170745,0.005520395881023111,0.010762703391800714,0.021334730428049623,0.46059825554254497,89.0,-0.5882831799817808,-0.6824615836636566,-0.8329173926728158
