user_id,Precision@5 - macro,Recall@5 - macro,F1@5 - macro,NDCG@5,MRR@5,Gini - Top 5,CatalogCoverage - Top 5,DeltaGap - Top 5 | Blockbuster,DeltaGap - Top 5 | Niche,DeltaGap - Top 5 | Diverse
sys - fold1,0.008695652173913044,0.0026258989941652295,0.0037111642150158422,0.010150410934369096,0.01733828207847296,0.49159613266793395,67.95,-0.5351932612644095,-0.6945278532908082,-0.8692211013604126
sys - mean,0.008695652173913044,0.0026258989941652295,0.0037111642150158422,0.010150410934369096,0.01733828207847296,0.49159613266793395,67.95,-0.5351932612644095,-0.6945278532908082,-0.8692211013604126
