user_id,Precision@10 - macro,Recall@10 - macro,F1@10 - macro,NDCG@10,MRR@10,Gini - Top 10,CatalogCoverage - Top 10,DeltaGap - Top 10 | Blockbuster,DeltaGap - Top 10 | Niche,DeltaGap - Top 10 | Diverse
sys - fold1,0.01007423117709438,0.006846945019109526,0.007100816685057398,0.01319116712009673,0.0291433116194516,0.44365765891985953,78.3,-0.5345046893567906,-0.6367511760344111,-0.7698175662640975
sys - mean,0.01007423117709438,0.006846945019109526,0.007100816685057398,0.01319116712009673,0.0291433116194516,0.44365765891985953,78.3,-0.5345046893567906,-0.6367511760344111,-0.7698175662640975
