user_id,Precision@10 - macro,Recall@10 - macro,F1@10 - macro,NDCG@10,MRR@10,Gini - Top 10,CatalogCoverage - Top 10,DeltaGap - Top 10 | Blockbuster,DeltaGap - Top 10 | Niche,DeltaGap - Top 10 | Diverse
sys - fold1,0.0057264050901378585,0.004795906588916437,0.0044978005243173046,0.010735553653922815,0.01391624164688852,0.6019915512056048,54.4,-0.6245867005947764,-0.7128617293857893,-0.8565063963978491
sys - mean,0.0057264050901378585,0.004795906588916437,0.0044978005243173046,0.010735553653922815,0.01391624164688852,0.6019915512056048,54.4,-0.6245867005947764,-0.7128617293857893,-0.8565063963978491
