user_id,Precision@10 - macro,Recall@10 - macro,F1@10 - macro,NDCG@10,MRR@10,Gini - Top 10,CatalogCoverage - Top 10,DeltaGap - Top 10 | Blockbuster,DeltaGap - Top 10 | Niche,DeltaGap - Top 10 | Diverse
sys - fold1,0.010286320254506893,0.008222534901215888,0.007338409501120581,0.013384619859753318,0.029112171556498173,0.5304231638157592,68.37,-0.552304894788675,-0.6314460930108955,-0.7216389654319603
sys - mean,0.010286320254506893,0.008222534901215888,0.007338409501120581,0.013384619859753318,0.029112171556498173,0.5304231638157592,68.37,-0.552304894788675,-0.6314460930108955,-0.7216389654319603
