user_id,Precision@5 - macro,Recall@5 - macro,F1@5 - macro,NDCG@5,MRR@5,Gini - Top 5,CatalogCoverage - Top 5,DeltaGap - Top 5 | Blockbuster,DeltaGap - Top 5 | Niche,DeltaGap - Top 5 | Diverse
sys - fold1,0.008271474019088017,0.003516267327133637,0.004064212255790991,0.009751575812353135,0.015800636267232236,0.5583034513670999,46.14,-0.5628983596358316,-0.6506078305029829,-0.8200547028242726
sys - mean,0.008271474019088017,0.003516267327133637,0.004064212255790991,0.009751575812353135,0.015800636267232236,0.5583034513670999,46.14,-0.5628983596358316,-0.6506078305029829,-0.8200547028242726
