user_id,Precision@10 - macro,Recall@10 - macro,F1@10 - macro,NDCG@10,MRR@10,Gini - Top 10,CatalogCoverage - Top 10,DeltaGap - Top 10 | Blockbuster,DeltaGap - Top 10 | Niche,DeltaGap - Top 10 | Diverse
sys - fold1,0.008271474019088019,0.006759527050545225,0.0063058203409824334,0.013445338784239931,0.022061051355855173,0.5974424552429668,52.56,-0.5680222128719058,-0.6483090202656416,-0.7825471371268584
sys - mean,0.008271474019088019,0.006759527050545225,0.0063058203409824334,0.013445338784239931,0.022061051355855173,0.5974424552429668,52.56,-0.5680222128719058,-0.6483090202656416,-0.7825471371268584
