user_id,Precision@5 - macro,Recall@5 - macro,F1@5 - macro,NDCG@5,MRR@5,Gini - Top 5,CatalogCoverage - Top 5,DeltaGap - Top 5 | Blockbuster,DeltaGap - Top 5 | Niche,DeltaGap - Top 5 | Diverse
sys - fold1,0.009331919406150585,0.004108283195749011,0.004860783043592026,0.013639421562219005,0.02113821138211382,0.5939912416026467,48.63,-0.482990047031115,-0.6433019317518236,-0.7695230866401453
sys - mean,0.009331919406150585,0.004108283195749011,0.004860783043592026,0.013639421562219005,0.02113821138211382,0.5939912416026467,48.63,-0.482990047031115,-0.6433019317518236,-0.7695230866401453
