user_id,Precision@5 - macro,Recall@5 - macro,F1@5 - macro,NDCG@5,MRR@5,Gini - Top 5,CatalogCoverage - Top 5,DeltaGap - Top 5 | Blockbuster,DeltaGap - Top 5 | Niche,DeltaGap - Top 5 | Diverse
sys - fold1,0.010604453870625663,0.003982942248741477,0.004728134739345926,0.01193175749787297,0.023435843054082715,0.5495151874678453,48.04,-0.5097756261163414,-0.6134298589901899,-0.7566027904179636
sys - mean,0.010604453870625663,0.003982942248741477,0.004728134739345926,0.01193175749787297,0.023435843054082715,0.5495151874678453,48.04,-0.5097756261163414,-0.6134298589901899,-0.7566027904179636
