user_id,Precision@10 - macro,Recall@10 - macro,F1@10 - macro,NDCG@10,MRR@10,Gini - Top 10,CatalogCoverage - Top 10,DeltaGap - Top 10 | Blockbuster,DeltaGap - Top 10 | Niche,DeltaGap - Top 10 | Diverse
sys - fold1,0.5569883462935799,0.5657477472492678,0.49715820416459455,0.9241984085549316,0.7438093135012644,0.6403848591344337,80.98,0.04728046785584533,0.024246415310613292,-0.02613497162150935
sys - mean,0.5569883462935799,0.5657477472492678,0.49715820416459455,0.9241984085549316,0.7438093135012644,0.6403848591344337,80.98,0.04728046785584533,0.024246415310613292,-0.02613497162150935
