user_id,Precision@5 - macro,Recall@5 - macro,F1@5 - macro,NDCG@5,MRR@5,Gini - Top 5,CatalogCoverage - Top 5,DeltaGap - Top 5 | Blockbuster,DeltaGap - Top 5 | Niche,DeltaGap - Top 5 | Diverse
sys - fold1,0.5615684001324942,0.36053519861918737,0.3731256832917875,0.8332263142495802,0.7460224136027381,0.670525985277832,68.81,0.1415766632754419,0.07627451180568962,-0.05506804829391729
sys - mean,0.5615684001324942,0.36053519861918737,0.3731256832917875,0.8332263142495802,0.7460224136027381,0.670525985277832,68.81,0.1415766632754419,0.07627451180568962,-0.05506804829391729
