user_id,Precision@10 - macro,Recall@10 - macro,F1@10 - macro,NDCG@10,MRR@10,Gini - Top 10,CatalogCoverage - Top 10,DeltaGap - Top 10 | Blockbuster,DeltaGap - Top 10 | Niche,DeltaGap - Top 10 | Diverse
sys - fold1,0.6601120834647325,0.6171827264448053,0.5582635605467384,0.9465427434037785,0.8598489566908442,0.7020758605297828,75.61,0.19584306289856016,0.16991432521473823,0.07589500868760675
sys - mean,0.6601120834647325,0.6171827264448053,0.5582635605467384,0.9465427434037785,0.8598489566908442,0.7020758605297828,75.61,0.19584306289856016,0.16991432521473823,0.07589500868760675
