user_id,Precision@10 - macro,Recall@10 - macro,F1@10 - macro,NDCG@10,MRR@10,Gini - Top 10,CatalogCoverage - Top 10,DeltaGap - Top 10 | Blockbuster,DeltaGap - Top 10 | Niche,DeltaGap - Top 10 | Diverse
sys - fold1,0.5587770180391909,0.5677447009339942,0.49891577984353486,0.9244181517175475,0.7490023501947981,0.6581635425489364,80.03,0.055188036046270275,0.02924042862672487,-0.026915833083363108
sys - mean,0.5587770180391909,0.5677447009339942,0.49891577984353486,0.9244181517175475,0.7490023501947981,0.6581635425489364,80.03,0.055188036046270275,0.02924042862672487,-0.026915833083363108
