user_id,Precision@10 - macro,Recall@10 - macro,F1@10 - macro,NDCG@10,MRR@10,Gini - Top 10,CatalogCoverage - Top 10,DeltaGap - Top 10 | Blockbuster,DeltaGap - Top 10 | Niche,DeltaGap - Top 10 | Diverse
sys - fold1,0.6414948622937033,0.6120617946953114,0.5503205943802092,0.944319409641481,0.8540003810575003,0.7280456283648803,69.97,0.20354024829249914,0.19370252785755546,0.13969820658067075
sys - mean,0.6414948622937033,0.6120617946953114,0.5503205943802092,0.944319409641481,0.8540003810575003,0.7280456283648803,69.97,0.20354024829249914,0.19370252785755546,0.13969820658067075
