user_id,Precision@5 - macro,Recall@5 - macro,F1@5 - macro,NDCG@5,MRR@5,Gini - Top 5,CatalogCoverage - Top 5,DeltaGap - Top 5 | Blockbuster,DeltaGap - Top 5 | Niche,DeltaGap - Top 5 | Diverse
sys - fold1,0.5740562913907284,0.3667706120320077,0.3784203934501431,0.83633040250256,0.7535844370860927,0.7381536685671487,58.15,0.16748066291312272,0.09811649380390881,-0.00787477074363508
sys - mean,0.5740562913907284,0.3667706120320077,0.3784203934501431,0.83633040250256,0.7535844370860927,0.7381536685671487,58.15,0.16748066291312272,0.09811649380390881,-0.00787477074363508
