user_id,Precision@10 - macro,Recall@10 - macro,F1@10 - macro,NDCG@10,MRR@10,Gini - Top 10,CatalogCoverage - Top 10,DeltaGap - Top 10 | Blockbuster,DeltaGap - Top 10 | Niche,DeltaGap - Top 10 | Diverse
sys - fold1,0.002037098376946009,0.0013419550856159299,0.001289733740348321,0.028443308965776425,0.002803671982207921,0.8640116046647096,3.91,-0.7651480895313653,-0.8148166421729832,-0.9813314365565317
sys - mean,0.002037098376946009,0.0013419550856159299,0.001289733740348321,0.028443308965776425,0.002803671982207921,0.8640116046647096,3.91,-0.7651480895313653,-0.8148166421729832,-0.9813314365565317
