user_id,Precision@5 - macro,Recall@5 - macro,F1@5 - macro,NDCG@5,MRR@5,Gini - Top 5,CatalogCoverage - Top 5,DeltaGap - Top 5 | Blockbuster,DeltaGap - Top 5 | Niche,DeltaGap - Top 5 | Diverse
sys - fold1,0.5584796290162305,0.3607211600416557,0.3710189652086966,0.833054794079245,0.7457132604615215,0.6671452430123527,69.89,0.13244465381157172,0.06254856679560487,-0.05560914006460522
sys - mean,0.5584796290162305,0.3607211600416557,0.3710189652086966,0.833054794079245,0.7457132604615215,0.6671452430123527,69.89,0.13244465381157172,0.06254856679560487,-0.05560914006460522
