user_id,Precision@5 - macro,Recall@5 - macro,F1@5 - macro,NDCG@5,MRR@5,Gini - Top 5,CatalogCoverage - Top 5,DeltaGap - Top 5 | Blockbuster,DeltaGap - Top 5 | Niche,DeltaGap - Top 5 | Diverse
sys - fold1,0.5565004968532626,0.35825998936848114,0.3702243355657797,0.8323672470798955,0.7403610467042068,0.6327109164011625,72.4,0.12462210080531141,0.061375628951301914,-0.059962210662919894
sys - mean,0.5565004968532626,0.35825998936848114,0.3702243355657797,0.8323672470798955,0.7403610467042068,0.6327109164011625,72.4,0.12462210080531141,0.061375628951301914,-0.059962210662919894
