user_id,Precision@20 - macro,Recall@20 - macro,F1@20 - macro,NDCG@20,MRR@20,Gini - Top 20,CatalogCoverage - Top 20,DeltaGap - Top 20 | Blockbuster,DeltaGap - Top 20 | Niche,DeltaGap - Top 20 | Diverse
sys - fold1,0.0388658940397351,0.04374705207005976,0.03318326584943727,0.21218739080002622,0.13475799822348503,0.7033796457844563,96.28,-0.11275556478500556,-0.30791129103636183,-0.5693851497531007
sys - mean,0.0388658940397351,0.04374705207005976,0.03318326584943727,0.21218739080002622,0.13475799822348503,0.7033796457844563,96.28,-0.11275556478500556,-0.30791129103636183,-0.5693851497531007
