user_id,Precision@5 - macro,Recall@5 - macro,F1@5 - macro,NDCG@5,MRR@5,Gini - Top 5,CatalogCoverage - Top 5,DeltaGap - Top 5 | Blockbuster,DeltaGap - Top 5 | Niche,DeltaGap - Top 5 | Diverse
sys - fold1,0.5675886054985095,0.3638171562745031,0.37481069730719335,0.8349204458006082,0.7438997460527768,0.6242403910691131,74.53,0.11630040253077514,0.08872184654942217,-0.05006738799475168
sys - mean,0.5675886054985095,0.3638171562745031,0.37481069730719335,0.8349204458006082,0.7438997460527768,0.6242403910691131,74.53,0.11630040253077514,0.08872184654942217,-0.05006738799475168
