user_id,Precision@5 - macro,Recall@5 - macro,F1@5 - macro,NDCG@5,MRR@5,Gini - Top 5,CatalogCoverage - Top 5,DeltaGap - Top 5 | Blockbuster,DeltaGap - Top 5 | Niche,DeltaGap - Top 5 | Diverse
sys - fold1,0.6814817880794701,0.4089476338269768,0.4330928907538973,0.8738483911998843,0.8533278145695364,0.7418653925201418,53.59,0.38354730954370003,0.39108038379878735,0.19873528653925407
sys - mean,0.6814817880794701,0.4089476338269768,0.4330928907538973,0.8738483911998843,0.8533278145695364,0.7418653925201418,53.59,0.38354730954370003,0.39108038379878735,0.19873528653925407
