user_id,Precision@10 - macro,Recall@10 - macro,F1@10 - macro,NDCG@10,MRR@10,Gini - Top 10,CatalogCoverage - Top 10,DeltaGap - Top 10 | Blockbuster,DeltaGap - Top 10 | Niche,DeltaGap - Top 10 | Diverse
sys - fold1,0.002037098376946009,0.0012228505358699536,0.001161252758671793,0.015236259972430036,0.005019532379585377,0.8190870944762961,6.99,-0.8572313162483347,-0.9472879269199201,-0.9471630722470442
sys - mean,0.002037098376946009,0.0012228505358699536,0.001161252758671793,0.015236259972430036,0.005019532379585377,0.8190870944762961,6.99,-0.8572313162483347,-0.9472879269199201,-0.9471630722470442
