user_id,Precision@5 - macro,Recall@5 - macro,F1@5 - macro,NDCG@5,MRR@5,Gini - Top 5,CatalogCoverage - Top 5,DeltaGap - Top 5 | Blockbuster,DeltaGap - Top 5 | Niche,DeltaGap - Top 5 | Diverse
sys - fold1,0.5766501103752759,0.36572495191618065,0.37948724030916986,0.8428356224544831,0.7548040838852097,0.6936674836194316,58.72,0.13430282407825983,0.08806738939225303,-0.06045338777783752
sys - mean,0.5766501103752759,0.36572495191618065,0.37948724030916986,0.8428356224544831,0.7548040838852097,0.6936674836194316,58.72,0.13430282407825983,0.08806738939225303,-0.06045338777783752
