user_id,Precision@5 - macro,Recall@5 - macro,F1@5 - macro,NDCG@5,MRR@5,Gini - Top 5,CatalogCoverage - Top 5,DeltaGap - Top 5 | Blockbuster,DeltaGap - Top 5 | Niche,DeltaGap - Top 5 | Diverse
sys - fold1,0.6079082477641603,0.3778986788188539,0.3946237543014329,0.8488344043914824,0.7780832505244563,0.6360806156147459,73.18,0.09644475583960783,0.0049786734061437,-0.18352554460434972
sys - mean,0.6079082477641603,0.3778986788188539,0.3946237543014329,0.8488344043914824,0.7780832505244563,0.6360806156147459,73.18,0.09644475583960783,0.0049786734061437,-0.18352554460434972
