user_id,Precision@10 - macro,Recall@10 - macro,F1@10 - macro,NDCG@10,MRR@10,Gini - Top 10,CatalogCoverage - Top 10,DeltaGap - Top 10 | Blockbuster,DeltaGap - Top 10 | Niche,DeltaGap - Top 10 | Diverse
sys - fold1,0.019271523178807946,0.012978137430269173,0.012686572961556977,0.09746163610948051,0.04944273625565016,0.8243240465859785,24.26,-0.3851525695228404,-0.600370788499129,-0.7617917164758051
sys - mean,0.019271523178807946,0.012978137430269173,0.012686572961556977,0.09746163610948051,0.04944273625565016,0.8243240465859785,24.26,-0.3851525695228404,-0.600370788499129,-0.7617917164758051
