user_id,Precision@5 - macro,Recall@5 - macro,F1@5 - macro,NDCG@5,MRR@5,Gini - Top 5,CatalogCoverage - Top 5,DeltaGap - Top 5 | Blockbuster,DeltaGap - Top 5 | Niche,DeltaGap - Top 5 | Diverse
sys - fold1,0.5686754966887416,0.3648180114720832,0.3764874160206302,0.8351343196661014,0.7454166666666666,0.7325171312426032,54.75,0.1493490986624154,0.10456871890234823,-0.017818994016282754
sys - mean,0.5686754966887416,0.3648180114720832,0.3764874160206302,0.8351343196661014,0.7454166666666666,0.7325171312426032,54.75,0.1493490986624154,0.10456871890234823,-0.017818994016282754
