user_id,Precision@5 - macro,Recall@5 - macro,F1@5 - macro,NDCG@5,MRR@5,Gini - Top 5,CatalogCoverage - Top 5,DeltaGap - Top 5 | Blockbuster,DeltaGap - Top 5 | Niche,DeltaGap - Top 5 | Diverse
sys - fold1,0.5791356184798807,0.3585550449125793,0.3727627703720705,0.8374214092197412,0.7454628249710218,0.6421507261084531,69.7,0.17000804835171934,0.10028289424931222,-0.046595545066561495
sys - mean,0.5791356184798807,0.3585550449125793,0.3727627703720705,0.8374214092197412,0.7454628249710218,0.6421507261084531,69.7,0.17000804835171934,0.10028289424931222,-0.046595545066561495
