user_id,Precision@5 - macro,Recall@5 - macro,F1@5 - macro,NDCG@5,MRR@5,Gini - Top 5,CatalogCoverage - Top 5,DeltaGap - Top 5 | Blockbuster,DeltaGap - Top 5 | Niche,DeltaGap - Top 5 | Diverse
sys - fold1,0.5782626697581981,0.36519074084005193,0.38019582134967694,0.836827424381825,0.7552197195539362,0.639225998612237,70.67,0.14123037186741436,0.07628531382354965,-0.03607094552078968
sys - mean,0.5782626697581981,0.36519074084005193,0.38019582134967694,0.836827424381825,0.7552197195539362,0.639225998612237,70.67,0.14123037186741436,0.07628531382354965,-0.03607094552078968
