user_id,Precision@10 - macro,Recall@10 - macro,F1@10 - macro,NDCG@10,MRR@10,Gini - Top 10,CatalogCoverage - Top 10,DeltaGap - Top 10 | Blockbuster,DeltaGap - Top 10 | Niche,DeltaGap - Top 10 | Diverse
sys - fold1,0.008396820139118914,0.004245363556441078,0.004501148347893113,0.04912450162619904,0.021851488193820087,0.8221638822181738,51.81,-0.5390334483904351,-0.6170089424125668,-0.7321217473916695
sys - mean,0.008396820139118914,0.004245363556441078,0.004501148347893113,0.04912450162619904,0.021851488193820087,0.8221638822181738,51.81,-0.5390334483904351,-0.6170089424125668,-0.7321217473916695
