user_id,Precision@10 - macro,Recall@10 - macro,F1@10 - macro,NDCG@10,MRR@10,Gini - Top 10,CatalogCoverage - Top 10,DeltaGap - Top 10 | Blockbuster,DeltaGap - Top 10 | Niche,DeltaGap - Top 10 | Diverse
sys - fold1,0.02445364238410596,0.021677085697006274,0.018545993811616736,0.11501627212123802,0.07268527278461054,0.9058812485816262,8.66,-0.23793874531327516,-0.39272695149801606,-0.5730006470074382
sys - mean,0.02445364238410596,0.021677085697006274,0.018545993811616736,0.11501627212123802,0.07268527278461054,0.9058812485816262,8.66,-0.23793874531327516,-0.39272695149801606,-0.5730006470074382
