user_id,Precision@5 - macro,Recall@5 - macro,F1@5 - macro,NDCG@5,MRR@5,Gini - Top 5,CatalogCoverage - Top 5,DeltaGap - Top 5 | Blockbuster,DeltaGap - Top 5 | Niche,DeltaGap - Top 5 | Diverse
sys - fold1,0.6524917218543046,0.39248900661592584,0.41432801601890495,0.8625529885535861,0.8191639072847682,0.6749484448208845,65.25,0.24921918067559354,0.19652657466036155,0.04704098581632793
sys - mean,0.6524917218543046,0.39248900661592584,0.41432801601890495,0.8625529885535861,0.8191639072847682,0.6749484448208845,65.25,0.24921918067559354,0.19652657466036155,0.04704098581632793
