user_id,Precision@10 - macro,Recall@10 - macro,F1@10 - macro,NDCG@10,MRR@10,Gini - Top 10,CatalogCoverage - Top 10,DeltaGap - Top 10 | Blockbuster,DeltaGap - Top 10 | Niche,DeltaGap - Top 10 | Diverse
sys - fold1,0.5726723476185219,0.5738891958062955,0.5067343719344052,0.9261016980737259,0.7575037329716031,0.6459245204570453,80.06,0.054311981335384625,0.03513084875187943,-0.010541485358267785
sys - mean,0.5726723476185219,0.5738891958062955,0.5067343719344052,0.9261016980737259,0.7575037329716031,0.6459245204570453,80.06,0.054311981335384625,0.03513084875187943,-0.010541485358267785
