user_id,Precision@5 - macro,Recall@5 - macro,F1@5 - macro,NDCG@5,MRR@5,Gini - Top 5,CatalogCoverage - Top 5,DeltaGap - Top 5 | Blockbuster,DeltaGap - Top 5 | Niche,DeltaGap - Top 5 | Diverse
sys - fold1,0.5855770822983938,0.36132989864160553,0.3759596159110113,0.83806265844816,0.7461776232268036,0.6281900691461864,72.56,0.14284275159743398,0.07300762718460144,-0.05679001448906048
sys - mean,0.5855770822983938,0.36132989864160553,0.3759596159110113,0.83806265844816,0.7461776232268036,0.6281900691461864,72.56,0.14284275159743398,0.07300762718460144,-0.05679001448906048
