user_id,Precision@5 - macro,Recall@5 - macro,F1@5 - macro,NDCG@5,MRR@5,Gini - Top 5,CatalogCoverage - Top 5,DeltaGap - Top 5 | Blockbuster,DeltaGap - Top 5 | Niche,DeltaGap - Top 5 | Diverse
sys - fold1,0.5561609804571049,0.35747046872921046,0.36796082049986145,0.8309109563344802,0.7286573920724302,0.6164575157150027,75.01,0.10587658092676902,0.05491670720672249,-0.0688748582894146
sys - mean,0.5561609804571049,0.35747046872921046,0.36796082049986145,0.8309109563344802,0.7286573920724302,0.6164575157150027,75.01,0.10587658092676902,0.05491670720672249,-0.0688748582894146
