user_id,Precision@10 - macro,Recall@10 - macro,F1@10 - macro,NDCG@10,MRR@10,Gini - Top 10,CatalogCoverage - Top 10,DeltaGap - Top 10 | Blockbuster,DeltaGap - Top 10 | Niche,DeltaGap - Top 10 | Diverse
sys - fold1,0.5773140045201304,0.5758422884485154,0.5084335266185132,0.9282348420156609,0.767560049406076,0.72246166253332,71.64,0.08426184475790821,0.05954315365988578,0.022478726452367006
sys - mean,0.5773140045201304,0.5758422884485154,0.5084335266185132,0.9282348420156609,0.767560049406076,0.72246166253332,71.64,0.08426184475790821,0.05954315365988578,0.022478726452367006
