user_id,Precision@10 - macro,Recall@10 - macro,F1@10 - macro,NDCG@10,MRR@10,Gini - Top 10,CatalogCoverage - Top 10,DeltaGap - Top 10 | Blockbuster,DeltaGap - Top 10 | Niche,DeltaGap - Top 10 | Diverse
sys - fold1,0.5756456296646694,0.5770770136901403,0.5074994039204063,0.9292329767169317,0.7757571218332809,0.723139702934872,71.05,0.0821223238647915,0.06509704243968781,0.027496131957424407
sys - mean,0.5756456296646694,0.5770770136901403,0.5074994039204063,0.9292329767169317,0.7757571218332809,0.723139702934872,71.05,0.0821223238647915,0.06509704243968781,0.027496131957424407
