user_id,Precision@5 - macro,Recall@5 - macro,F1@5 - macro,NDCG@5,MRR@5,Gini - Top 5,CatalogCoverage - Top 5,DeltaGap - Top 5 | Blockbuster,DeltaGap - Top 5 | Niche,DeltaGap - Top 5 | Diverse
sys - fold1,0.5870778145695364,0.37002387792310926,0.3831391250721453,0.8428832986289995,0.774114238410596,0.744065139459464,53.51,0.17220449153465903,0.13404903938997859,0.012838920901312738
sys - mean,0.5870778145695364,0.37002387792310926,0.3831391250721453,0.8428832986289995,0.774114238410596,0.744065139459464,53.51,0.17220449153465903,0.13404903938997859,0.012838920901312738
