user_id,Precision@10 - macro,Recall@10 - macro,F1@10 - macro,NDCG@10,MRR@10,Gini - Top 10,CatalogCoverage - Top 10,DeltaGap - Top 10 | Blockbuster,DeltaGap - Top 10 | Niche,DeltaGap - Top 10 | Diverse
sys - fold1,0.008363696588274263,0.004102665762712148,0.004414235740503782,0.05009076667413689,0.02408713071184088,0.8018106447941913,38.15,-0.4969150671651804,-0.5914026074370036,-0.7060701929325304
sys - mean,0.008363696588274263,0.004102665762712148,0.004414235740503782,0.05009076667413689,0.02408713071184088,0.8018106447941913,38.15,-0.4969150671651804,-0.5914026074370036,-0.7060701929325304
