user_id,Precision@5 - macro,Recall@5 - macro,F1@5 - macro,NDCG@5,MRR@5,Gini - Top 5,CatalogCoverage - Top 5,DeltaGap - Top 5 | Blockbuster,DeltaGap - Top 5 | Niche,DeltaGap - Top 5 | Diverse
sys - fold1,0.6372682119205297,0.39622150776376414,0.4157860077429117,0.8590024134996216,0.814230132450331,0.7562092048418441,53.18,0.3202673652970348,0.2851730954317866,0.121098080795071
sys - mean,0.6372682119205297,0.39622150776376414,0.4157860077429117,0.8590024134996216,0.814230132450331,0.7562092048418441,53.18,0.3202673652970348,0.2851730954317866,0.121098080795071
