user_id,Precision@20 - macro,Recall@20 - macro,F1@20 - macro,NDCG@20,MRR@20,Gini - Top 20,CatalogCoverage - Top 20,DeltaGap - Top 20 | Blockbuster,DeltaGap - Top 20 | Niche,DeltaGap - Top 20 | Diverse
sys - fold1,0.008338853925140775,0.008457447305429909,0.006582416699824153,0.07724225867747243,0.028099954628983372,0.7935715507575652,57.47,-0.5426889093720526,-0.6131212504339681,-0.6921293268522818
sys - mean,0.008338853925140775,0.008457447305429909,0.006582416699824153,0.07724225867747243,0.028099954628983372,0.7935715507575652,57.47,-0.5426889093720526,-0.6131212504339681,-0.6921293268522818
