user_id,Precision@5 - macro,Recall@5 - macro,F1@5 - macro,NDCG@5,MRR@5,Gini - Top 5,CatalogCoverage - Top 5,DeltaGap - Top 5 | Blockbuster,DeltaGap - Top 5 | Niche,DeltaGap - Top 5 | Diverse
sys - fold1,0.7132450331125828,0.4151179499396956,0.44338156915023924,0.88569053572459,0.871189293598234,0.7131604664618069,63.25,0.42583511572452026,0.3716845872733252,0.09302901224970754
sys - mean,0.7132450331125828,0.4151179499396956,0.44338156915023924,0.88569053572459,0.871189293598234,0.7131604664618069,63.25,0.42583511572452026,0.3716845872733252,0.09302901224970754
