user_id,Precision@10 - macro,Recall@10 - macro,F1@10 - macro,NDCG@10,MRR@10,Gini - Top 10,CatalogCoverage - Top 10,DeltaGap - Top 10 | Blockbuster,DeltaGap - Top 10 | Niche,DeltaGap - Top 10 | Diverse
sys - fold1,0.5824378144765691,0.5732525751286112,0.5065997490019984,0.9281515858972214,0.7507394306955419,0.6467897283159789,79.76,0.07866668106491212,0.05447465663894358,-0.02071377847941379
sys - mean,0.5824378144765691,0.5732525751286112,0.5065997490019984,0.9281515858972214,0.7507394306955419,0.6467897283159789,79.76,0.07866668106491212,0.05447465663894358,-0.02071377847941379
