user_id,Precision@10 - macro,Recall@10 - macro,F1@10 - macro,NDCG@10,MRR@10,Gini - Top 10,CatalogCoverage - Top 10,DeltaGap - Top 10 | Blockbuster,DeltaGap - Top 10 | Niche,DeltaGap - Top 10 | Diverse
sys - fold1,0.600244508577842,0.5862369389520204,0.5212819176750472,0.9327829523085336,0.7923307364564195,0.6630586040390359,78.33,0.07178831872826275,0.04890128398577849,0.007495927609270202
sys - mean,0.600244508577842,0.5862369389520204,0.5212819176750472,0.9327829523085336,0.7923307364564195,0.6630586040390359,78.33,0.07178831872826275,0.04890128398577849,0.007495927609270202
