user_id,Precision@20 - macro,Recall@20 - macro,F1@20 - macro,NDCG@20,MRR@20,Gini - Top 20,CatalogCoverage - Top 20,DeltaGap - Top 20 | Blockbuster,DeltaGap - Top 20 | Niche,DeltaGap - Top 20 | Diverse
sys - fold1,0.04416390728476821,0.05350398561968894,0.03888293375954739,0.22262437136590063,0.15048368822383132,0.732952153459694,97.81,0.11502867678313197,-0.15818859697864407,-0.5537211048865028
sys - mean,0.04416390728476821,0.05350398561968894,0.03888293375954739,0.22262437136590063,0.15048368822383132,0.732952153459694,97.81,0.11502867678313197,-0.15818859697864407,-0.5537211048865028
