user_id,Precision@5 - macro,Recall@5 - macro,F1@5 - macro,NDCG@5,MRR@5,Gini - Top 5,CatalogCoverage - Top 5,DeltaGap - Top 5 | Blockbuster,DeltaGap - Top 5 | Niche,DeltaGap - Top 5 | Diverse
sys - fold1,0.6754635761589405,0.38664732443331973,0.41295698646947554,0.8677904110633418,0.8187444812362031,0.6999435659502768,65.62,0.4160201296063675,0.4074222091356718,0.0571753040179005
sys - mean,0.6754635761589405,0.38664732443331973,0.41295698646947554,0.8677904110633418,0.8187444812362031,0.6999435659502768,65.62,0.4160201296063675,0.4074222091356718,0.0571753040179005
