user_id,Precision@5 - macro,Recall@5 - macro,F1@5 - macro,NDCG@5,MRR@5,Gini - Top 5,CatalogCoverage - Top 5,DeltaGap - Top 5 | Blockbuster,DeltaGap - Top 5 | Niche,DeltaGap - Top 5 | Diverse
sys - fold1,0.6482196091421,0.39247816692229864,0.4135005639527471,0.8624989463768301,0.8164486032902728,0.6759686038454124,64.0,0.2592427939137675,0.21185237291683273,0.04613245832123822
sys - mean,0.6482196091421,0.39247816692229864,0.4135005639527471,0.8624989463768301,0.8164486032902728,0.6759686038454124,64.0,0.2592427939137675,0.21185237291683273,0.04613245832123822
