user_id,Precision@20 - macro,Recall@20 - macro,F1@20 - macro,NDCG@20,MRR@20,Gini - Top 20,CatalogCoverage - Top 20,DeltaGap - Top 20 | Blockbuster,DeltaGap - Top 20 | Niche,DeltaGap - Top 20 | Diverse
sys - fold1,0.007475165562913908,0.009349136204480893,0.006573794889181359,0.07601873147658997,0.02530359861731727,0.8852486517177456,55.23,-0.6397871211533006,-0.6929189055299331,-0.7546957144054796
sys - mean,0.007475165562913908,0.009349136204480893,0.006573794889181359,0.07601873147658997,0.02530359861731727,0.8852486517177456,55.23,-0.6397871211533006,-0.6929189055299331,-0.7546957144054796
