user_id,Precision@10 - macro,Recall@10 - macro,F1@10 - macro,NDCG@10,MRR@10,Gini - Top 10,CatalogCoverage - Top 10,DeltaGap - Top 10 | Blockbuster,DeltaGap - Top 10 | Niche,DeltaGap - Top 10 | Diverse
sys - fold1,0.05132450331125828,0.031957149159351224,0.031964064894927556,0.15490587177998563,0.1425638599810785,0.7481346905598216,91.01,0.21857412291828326,-0.09441616609163303,-0.5458131131600565
sys - mean,0.05132450331125828,0.031957149159351224,0.031964064894927556,0.15490587177998563,0.1425638599810785,0.7481346905598216,91.01,0.21857412291828326,-0.09441616609163303,-0.5458131131600565
