user_id,Precision@10 - macro,Recall@10 - macro,F1@10 - macro,NDCG@10,MRR@10,Gini - Top 10,CatalogCoverage - Top 10,DeltaGap - Top 10 | Blockbuster,DeltaGap - Top 10 | Niche,DeltaGap - Top 10 | Diverse
sys - fold1,0.6046492113432004,0.5882394837588235,0.5236644328863159,0.9331540005617591,0.783897391820889,0.6374942965607652,81.0,0.05622760532691665,0.02263819122520145,-0.06414626531780081
sys - mean,0.6046492113432004,0.5882394837588235,0.5236644328863159,0.9331540005617591,0.783897391820889,0.6374942965607652,81.0,0.05622760532691665,0.02263819122520145,-0.06414626531780081
