user_id,Precision@10 - macro,Recall@10 - macro,F1@10 - macro,NDCG@10,MRR@10,Gini - Top 10,CatalogCoverage - Top 10,DeltaGap - Top 10 | Blockbuster,DeltaGap - Top 10 | Niche,DeltaGap - Top 10 | Diverse
sys - fold1,0.0070056310036435915,0.0037955237195481167,0.0039012560982754556,0.04364147712410158,0.020581620635446406,0.355744548869759,99.22,-0.5784267855132759,-0.6936718614474162,-0.8075795730350265
sys - mean,0.0070056310036435915,0.0037955237195481167,0.0039012560982754556,0.04364147712410158,0.020581620635446406,0.355744548869759,99.22,-0.5784267855132759,-0.6936718614474162,-0.8075795730350265
