user_id,Precision@10 - macro,Recall@10 - macro,F1@10 - macro,NDCG@10,MRR@10,Gini - Top 10,CatalogCoverage - Top 10,DeltaGap - Top 10 | Blockbuster,DeltaGap - Top 10 | Niche,DeltaGap - Top 10 | Diverse
sys - fold1,0.576571665089877,0.5776355053593695,0.5094682847954782,0.9287959028957501,0.766547487648481,0.7246896555352648,70.13,0.09329173625525969,0.07730250563162687,0.03954194036843362
sys - mean,0.576571665089877,0.5776355053593695,0.5094682847954782,0.9287959028957501,0.766547487648481,0.7246896555352648,70.13,0.09329173625525969,0.07730250563162687,0.03954194036843362
