user_id,Precision@20 - macro,Recall@20 - macro,F1@20 - macro,NDCG@20,MRR@20,Gini - Top 20,CatalogCoverage - Top 20,DeltaGap - Top 20 | Blockbuster,DeltaGap - Top 20 | Niche,DeltaGap - Top 20 | Diverse
sys - fold1,0.022201986754966888,0.038213399982979505,0.022886284461474678,0.17115217684720074,0.08065243936333602,0.8820983161899394,12.68,-0.2664477019435796,-0.41517597213745316,-0.6079567116840066
sys - mean,0.022201986754966888,0.038213399982979505,0.022886284461474678,0.17115217684720074,0.08065243936333602,0.8820983161899394,12.68,-0.2664477019435796,-0.41517597213745316,-0.6079567116840066
