user_id,Precision@10 - macro,Recall@10 - macro,F1@10 - macro,NDCG@10,MRR@10,Gini - Top 10,CatalogCoverage - Top 10,DeltaGap - Top 10 | Blockbuster,DeltaGap - Top 10 | Niche,DeltaGap - Top 10 | Diverse
sys - fold1,0.006575024842663134,0.003659763424992367,0.0036816464167743804,0.04312216405418863,0.0200086620714312,0.30788724159712794,99.24,-0.5726944365575282,-0.6778871489249395,-0.8159048080712693
sys - mean,0.006575024842663134,0.003659763424992367,0.0036816464167743804,0.04312216405418863,0.0200086620714312,0.30788724159712794,99.24,-0.5726944365575282,-0.6778871489249395,-0.8159048080712693
