user_id,Precision@10 - macro,Recall@10 - macro,F1@10 - macro,NDCG@10,MRR@10,Gini - Top 10,CatalogCoverage - Top 10,DeltaGap - Top 10 | Blockbuster,DeltaGap - Top 10 | Niche,DeltaGap - Top 10 | Diverse
sys - fold1,0.004471679364027824,0.0024939513069360455,0.002559109446631112,0.033366809791428725,0.013328483099102508,0.5016806009769734,99.14,-0.5901628346928359,-0.7089105341983456,-0.8674344465423577
sys - mean,0.004471679364027824,0.0024939513069360455,0.002559109446631112,0.033366809791428725,0.013328483099102508,0.5016806009769734,99.14,-0.5901628346928359,-0.7089105341983456,-0.8674344465423577
