user_id,Precision@10 - macro,Recall@10 - macro,F1@10 - macro,NDCG@10,MRR@10,Gini - Top 10,CatalogCoverage - Top 10,DeltaGap - Top 10 | Blockbuster,DeltaGap - Top 10 | Niche,DeltaGap - Top 10 | Diverse
sys - fold1,0.6542862398822663,0.6088752568018598,0.5504701878616476,0.9400730424618032,0.8202750840954482,0.7094355404030126,75.28,0.267590776617034,0.22757752207555856,0.07476183109539353
sys - mean,0.6542862398822663,0.6088752568018598,0.5504701878616476,0.9400730424618032,0.8202750840954482,0.7094355404030126,75.28,0.267590776617034,0.22757752207555856,0.07476183109539353
