user_id,Precision@5 - macro,Recall@5 - macro,F1@5 - macro,NDCG@5,MRR@5,Gini - Top 5,CatalogCoverage - Top 5,DeltaGap - Top 5 | Blockbuster,DeltaGap - Top 5 | Niche,DeltaGap - Top 5 | Diverse
sys - fold1,0.5970105995362702,0.3700731998088062,0.3871346091275518,0.844290613379116,0.7619217180081705,0.624951142653105,72.07,0.1362896342663298,0.062373083439780666,-0.06311330548549178
sys - mean,0.5970105995362702,0.3700731998088062,0.3871346091275518,0.844290613379116,0.7619217180081705,0.624951142653105,72.07,0.1362896342663298,0.062373083439780666,-0.06311330548549178
