user_id,Precision@20 - macro,Recall@20 - macro,F1@20 - macro,NDCG@20,MRR@20,Gini - Top 20,CatalogCoverage - Top 20,DeltaGap - Top 20 | Blockbuster,DeltaGap - Top 20 | Niche,DeltaGap - Top 20 | Diverse
sys - fold1,0.012487578668433258,0.013467818152423422,0.010261126642814797,0.09401926060696057,0.0427561316485642,0.5836623223828014,41.31,-0.4501370113318043,-0.5427029552417854,-0.6773617058501595
sys - mean,0.012487578668433258,0.013467818152423422,0.010261126642814797,0.09401926060696057,0.0427561316485642,0.5836623223828014,41.31,-0.4501370113318043,-0.5427029552417854,-0.6773617058501595
