user_id,Precision@10 - macro,Recall@10 - macro,F1@10 - macro,NDCG@10,MRR@10,Gini - Top 10,CatalogCoverage - Top 10,DeltaGap - Top 10 | Blockbuster,DeltaGap - Top 10 | Niche,DeltaGap - Top 10 | Diverse
sys - fold1,0.6094381089081321,0.5933789069414566,0.5285719723212141,0.9355014411763652,0.8030380342487,0.6555188807574834,78.71,0.06092911457045997,0.033418395009918944,-0.029563646510132456
sys - mean,0.6094381089081321,0.5933789069414566,0.5285719723212141,0.9355014411763652,0.8030380342487,0.6555188807574834,78.71,0.06092911457045997,0.033418395009918944,-0.029563646510132456
