user_id,Precision@10 - macro,Recall@10 - macro,F1@10 - macro,NDCG@10,MRR@10,Gini - Top 10,CatalogCoverage - Top 10,DeltaGap - Top 10 | Blockbuster,DeltaGap - Top 10 | Niche,DeltaGap - Top 10 | Diverse
sys - fold1,0.01121232196091421,0.006376424477622415,0.006647012856605619,0.060575088493466704,0.03306887069722446,0.38383625019684076,36.21,-0.4113819525722382,-0.5827947623246316,-0.7798232781819578
sys - mean,0.01121232196091421,0.006376424477622415,0.006647012856605619,0.060575088493466704,0.03306887069722446,0.38383625019684076,36.21,-0.4113819525722382,-0.5827947623246316,-0.7798232781819578
