user_id,Precision@10 - macro,Recall@10 - macro,F1@10 - macro,NDCG@10,MRR@10,Gini - Top 10,CatalogCoverage - Top 10,DeltaGap - Top 10 | Blockbuster,DeltaGap - Top 10 | Niche,DeltaGap - Top 10 | Diverse
sys - fold1,0.013580655846306725,0.006967781851917951,0.007351908039289168,0.06193710558142076,0.03796773871301861,0.5993678100576094,30.81,-0.4048300191248796,-0.5180579130626605,-0.6782302393226103
sys - mean,0.013580655846306725,0.006967781851917951,0.007351908039289168,0.06193710558142076,0.03796773871301861,0.5993678100576094,30.81,-0.4048300191248796,-0.5180579130626605,-0.6782302393226103
