user_id,Precision@20 - macro,Recall@20 - macro,F1@20 - macro,NDCG@20,MRR@20,Gini - Top 20,CatalogCoverage - Top 20,DeltaGap - Top 20 | Blockbuster,DeltaGap - Top 20 | Niche,DeltaGap - Top 20 | Diverse
sys - fold1,0.012636634647234185,0.017356373459198972,0.011640250223401465,0.1085738684957916,0.04683103115285593,0.6303991728654051,45.9,-0.4513805030975317,-0.6026761829135291,-0.781122547318281
sys - mean,0.012636634647234185,0.017356373459198972,0.011640250223401465,0.1085738684957916,0.04683103115285593,0.6303991728654051,45.9,-0.4513805030975317,-0.6026761829135291,-0.781122547318281
