user_id,Precision@5 - macro,Recall@5 - macro,F1@5 - macro,NDCG@5,MRR@5,Gini - Top 5,CatalogCoverage - Top 5,DeltaGap - Top 5 | Blockbuster,DeltaGap - Top 5 | Niche,DeltaGap - Top 5 | Diverse
sys - fold1,0.6148310698906923,0.381185865108779,0.3984343268495515,0.8514746295726413,0.7919730595119797,0.6410315046140777,69.48,0.1588229197457085,0.1052396336835519,-0.0406602773655052
sys - mean,0.6148310698906923,0.381185865108779,0.3984343268495515,0.8514746295726413,0.7919730595119797,0.6410315046140777,69.48,0.1588229197457085,0.1052396336835519,-0.0406602773655052
