user_id,Precision@5 - macro,Recall@5 - macro,F1@5 - macro,NDCG@5,MRR@5,Gini - Top 5,CatalogCoverage - Top 5,DeltaGap - Top 5 | Blockbuster,DeltaGap - Top 5 | Niche,DeltaGap - Top 5 | Diverse
sys - fold1,0.6090081139261466,0.3726139464390577,0.38932402251831383,0.8473812898446971,0.7888198929182536,0.6554763757323618,68.86,0.16846307467683666,0.10890335139801062,-0.01863825382081496
sys - mean,0.6090081139261466,0.3726139464390577,0.38932402251831383,0.8473812898446971,0.7888198929182536,0.6554763757323618,68.86,0.16846307467683666,0.10890335139801062,-0.01863825382081496
