user_id,Precision@5 - macro,Recall@5 - macro,F1@5 - macro,NDCG@5,MRR@5,Gini - Top 5,CatalogCoverage - Top 5,DeltaGap - Top 5 | Blockbuster,DeltaGap - Top 5 | Niche,DeltaGap - Top 5 | Diverse
sys - fold1,0.7202384895660815,0.42319877829574243,0.44951545082844313,0.8897127935773307,0.875930219719554,0.7270899873105008,59.98,0.4309142591888543,0.419030946548134,0.14275654207663474
sys - mean,0.7202384895660815,0.42319877829574243,0.44951545082844313,0.8897127935773307,0.875930219719554,0.7270899873105008,59.98,0.4309142591888543,0.419030946548134,0.14275654207663474
