user_id,Precision@5 - macro,Recall@5 - macro,F1@5 - macro,NDCG@5,MRR@5,Gini - Top 5,CatalogCoverage - Top 5,DeltaGap - Top 5 | Blockbuster,DeltaGap - Top 5 | Niche,DeltaGap - Top 5 | Diverse
sys - fold1,0.7164900662251656,0.42516867278540593,0.4501057285915365,0.8916477323674421,0.8858416114790286,0.7971557913349909,45.76,0.7046418951140399,0.6898352847131572,0.4666951775650511
sys - mean,0.7164900662251656,0.42516867278540593,0.4501057285915365,0.8916477323674421,0.8858416114790286,0.7971557913349909,45.76,0.7046418951140399,0.6898352847131572,0.4666951775650511
