user_id,Precision@10 - macro,Recall@10 - macro,F1@10 - macro,NDCG@10,MRR@10,Gini - Top 10,CatalogCoverage - Top 10,DeltaGap - Top 10 | Blockbuster,DeltaGap - Top 10 | Niche,DeltaGap - Top 10 | Diverse
sys - fold1,0.6636302953852623,0.6243200946037109,0.5619707608606256,0.9526780005737984,0.8862604462314727,0.7746111940675532,64.81,0.5000203184264425,0.4813712987726035,0.21990695835817886
sys - mean,0.6636302953852623,0.6243200946037109,0.5619707608606256,0.9526780005737984,0.8862604462314727,0.7746111940675532,64.81,0.5000203184264425,0.4813712987726035,0.21990695835817886
