user_id,Precision@5 - macro,Recall@5 - macro,F1@5 - macro,NDCG@5,MRR@5,Gini - Top 5,CatalogCoverage - Top 5,DeltaGap - Top 5 | Blockbuster,DeltaGap - Top 5 | Niche,DeltaGap - Top 5 | Diverse
sys - fold1,0.7190129181848294,0.4204152150077449,0.44707337000148056,0.891426193852279,0.8825935740311363,0.7285567723885893,57.47,0.4756068196389436,0.46510128548325774,0.2059749400820785
sys - mean,0.7190129181848294,0.4204152150077449,0.44707337000148056,0.891426193852279,0.8825935740311363,0.7285567723885893,57.47,0.4756068196389436,0.46510128548325774,0.2059749400820785
