user_id,Precision@10 - macro,Recall@10 - macro,F1@10 - macro,NDCG@10,MRR@10,Gini - Top 10,CatalogCoverage - Top 10,DeltaGap - Top 10 | Blockbuster,DeltaGap - Top 10 | Niche,DeltaGap - Top 10 | Diverse
sys - fold1,0.6709431173131505,0.6222069991491407,0.5639842194512736,0.9447369531623587,0.8443721092189636,0.7044160247891886,73.18,0.2568853412088547,0.2153405132180362,0.05027158983264006
sys - mean,0.6709431173131505,0.6222069991491407,0.5639842194512736,0.9447369531623587,0.8443721092189636,0.7044160247891886,73.18,0.2568853412088547,0.2153405132180362,0.05027158983264006
