user_id,Precision@10 - macro,Recall@10 - macro,F1@10 - macro,NDCG@10,MRR@10,Gini - Top 10,CatalogCoverage - Top 10,DeltaGap - Top 10 | Blockbuster,DeltaGap - Top 10 | Niche,DeltaGap - Top 10 | Diverse
sys - fold1,0.6208756438557763,0.5916830358346973,0.5296728528462663,0.9331099590902566,0.770437427730474,0.6546760747229093,80.01,0.09183470748179674,0.058475426439622565,-0.023252421605990517
sys - mean,0.6208756438557763,0.5916830358346973,0.5296728528462663,0.9331099590902566,0.770437427730474,0.6546760747229093,80.01,0.09183470748179674,0.058475426439622565,-0.023252421605990517
