user_id,Precision@5 - macro,Recall@5 - macro,F1@5 - macro,NDCG@5,MRR@5,Gini - Top 5,CatalogCoverage - Top 5,DeltaGap - Top 5 | Blockbuster,DeltaGap - Top 5 | Niche,DeltaGap - Top 5 | Diverse
sys - fold1,0.7007204372308711,0.41106547614838507,0.437151408846184,0.8811191356482283,0.8605222479849839,0.6905806511362746,62.41,0.3203361919431809,0.2871213057469883,0.07266017128244008
sys - mean,0.7007204372308711,0.41106547614838507,0.437151408846184,0.8811191356482283,0.8605222479849839,0.6905806511362746,62.41,0.3203361919431809,0.2871213057469883,0.07266017128244008
