user_id,Precision@10 - macro,Recall@10 - macro,F1@10 - macro,NDCG@10,MRR@10,Gini - Top 10,CatalogCoverage - Top 10,DeltaGap - Top 10 | Blockbuster,DeltaGap - Top 10 | Niche,DeltaGap - Top 10 | Diverse
sys - fold1,0.6434667386853179,0.6110000660935085,0.5499514395871261,0.9418439517681823,0.8275199956893946,0.6653996431820941,79.87,0.09630027052620702,0.06617801823017636,-0.016599980804201473
sys - mean,0.6434667386853179,0.6110000660935085,0.5499514395871261,0.9418439517681823,0.8275199956893946,0.6653996431820941,79.87,0.09630027052620702,0.06617801823017636,-0.016599980804201473
