user_id,Precision@5 - macro,Recall@5 - macro,F1@5 - macro,NDCG@5,MRR@5,Gini - Top 5,CatalogCoverage - Top 5,DeltaGap - Top 5 | Blockbuster,DeltaGap - Top 5 | Niche,DeltaGap - Top 5 | Diverse
sys - fold1,0.6723464149693659,0.40133555782679914,0.4255745554527085,0.8690421627186171,0.8267124799911685,0.6475709293110296,71.4,0.1671239070055718,0.09987760790623047,-0.07298211818501495
sys - mean,0.6723464149693659,0.40133555782679914,0.4255745554527085,0.8690421627186171,0.8267124799911685,0.6475709293110296,71.4,0.1671239070055718,0.09987760790623047,-0.07298211818501495
