user_id,Precision@5 - macro,Recall@5 - macro,F1@5 - macro,NDCG@5,MRR@5,Gini - Top 5,CatalogCoverage - Top 5,DeltaGap - Top 5 | Blockbuster,DeltaGap - Top 5 | Niche,DeltaGap - Top 5 | Diverse
sys - fold1,0.5853452558370591,0.36039861972556686,0.37553591070799897,0.840308875466012,0.7429375724457692,0.617001179707322,73.72,0.13018488910905168,0.045212839674503416,-0.09053826696279078
sys - mean,0.5853452558370591,0.36039861972556686,0.37553591070799897,0.840308875466012,0.7429375724457692,0.617001179707322,73.72,0.13018488910905168,0.045212839674503416,-0.09053826696279078
