user_id,Precision@5 - macro,Recall@5 - macro,F1@5 - macro,NDCG@5,MRR@5,Gini - Top 5,CatalogCoverage - Top 5,DeltaGap - Top 5 | Blockbuster,DeltaGap - Top 5 | Niche,DeltaGap - Top 5 | Diverse
sys - fold1,0.5994867549668873,0.37552384888804197,0.39085136341401616,0.8463405563111699,0.7770916114790287,0.7279846495701596,55.1,0.1824064997673704,0.15035918832453424,0.031525839116236354
sys - mean,0.5994867549668873,0.37552384888804197,0.39085136341401616,0.8463405563111699,0.7770916114790287,0.7279846495701596,55.1,0.1824064997673704,0.15035918832453424,0.031525839116236354
