user_id,Precision@5 - macro,Recall@5 - macro,F1@5 - macro,NDCG@5,MRR@5,Gini - Top 5,CatalogCoverage - Top 5,DeltaGap - Top 5 | Blockbuster,DeltaGap - Top 5 | Niche,DeltaGap - Top 5 | Diverse
sys - fold1,0.6382016890213611,0.3851421911835375,0.4052827297865692,0.8579183166735295,0.8082988353480157,0.6301074370752818,70.83,0.15847975470345724,0.06569620840242021,-0.07970554066353734
sys - mean,0.6382016890213611,0.3851421911835375,0.4052827297865692,0.8579183166735295,0.8082988353480157,0.6301074370752818,70.83,0.15847975470345724,0.06569620840242021,-0.07970554066353734
