user_id,Precision@10 - macro,Recall@10 - macro,F1@10 - macro,NDCG@10,MRR@10,Gini - Top 10,CatalogCoverage - Top 10,DeltaGap - Top 10 | Blockbuster,DeltaGap - Top 10 | Niche,DeltaGap - Top 10 | Diverse
sys - fold1,0.6139383113298317,0.5873598093981465,0.5250793546979164,0.9327056004485739,0.7685738996934757,0.6553298407542664,79.09,0.09232474879162803,0.0648212401222289,-0.018366323133112622
sys - mean,0.6139383113298317,0.5873598093981465,0.5250793546979164,0.9327056004485739,0.7685738996934757,0.6553298407542664,79.09,0.09232474879162803,0.0648212401222289,-0.018366323133112622
