user_id,Precision@10 - macro,Recall@10 - macro,F1@10 - macro,NDCG@10,MRR@10,Gini - Top 10,CatalogCoverage - Top 10,DeltaGap - Top 10 | Blockbuster,DeltaGap - Top 10 | Niche,DeltaGap - Top 10 | Diverse
sys - fold1,0.6170353679916522,0.5943784055748502,0.5309503016818523,0.9364356747867473,0.8097369085074003,0.6478736032610153,79.52,0.07623266631569386,0.04069252660694765,-0.03307233986778722
sys - mean,0.6170353679916522,0.5943784055748502,0.5309503016818523,0.9364356747867473,0.8097369085074003,0.6478736032610153,79.52,0.07623266631569386,0.04069252660694765,-0.03307233986778722
