user_id,Precision@10 - macro,Recall@10 - macro,F1@10 - macro,NDCG@10,MRR@10,Gini - Top 10,CatalogCoverage - Top 10,DeltaGap - Top 10 | Blockbuster,DeltaGap - Top 10 | Niche,DeltaGap - Top 10 | Diverse
sys - fold1,0.5642788135459549,0.5691508485598965,0.49849324019547775,0.9240284394373148,0.7288872195670804,0.6362228394014853,82.68,0.043890954999603646,0.03141004204685861,-0.037664177691730805
sys - mean,0.5642788135459549,0.5691508485598965,0.49849324019547775,0.9240284394373148,0.7288872195670804,0.6362228394014853,82.68,0.043890954999603646,0.03141004204685861,-0.037664177691730805
