user_id,Precision@10 - macro,Recall@10 - macro,F1@10 - macro,NDCG@10,MRR@10,Gini - Top 10,CatalogCoverage - Top 10,DeltaGap - Top 10 | Blockbuster,DeltaGap - Top 10 | Niche,DeltaGap - Top 10 | Diverse
sys - fold1,0.5833570508777463,0.5791239389402704,0.5121389888107881,0.9311337545084878,0.779029683065279,0.7148178755012832,70.59,0.08778786360184301,0.07140160730531822,0.038055568756082105
sys - mean,0.5833570508777463,0.5791239389402704,0.5121389888107881,0.9311337545084878,0.779029683065279,0.7148178755012832,70.59,0.08778786360184301,0.07140160730531822,0.038055568756082105
