user_id,Precision@10 - macro,Recall@10 - macro,F1@10 - macro,NDCG@10,MRR@10,Gini - Top 10,CatalogCoverage - Top 10,DeltaGap - Top 10 | Blockbuster,DeltaGap - Top 10 | Niche,DeltaGap - Top 10 | Diverse
sys - fold1,0.5957438505203406,0.5853654480734536,0.5192489404129313,0.9352231967837606,0.8050953957742036,0.7282922889517741,68.13,0.12779617589501716,0.12091011531814343,0.08291797071262746
sys - mean,0.5957438505203406,0.5853654480734536,0.5192489404129313,0.9352231967837606,0.8050953957742036,0.7282922889517741,68.13,0.12779617589501716,0.12091011531814343,0.08291797071262746
