user_id,Precision@5 - macro,Recall@5 - macro,F1@5 - macro,NDCG@5,MRR@5,Gini - Top 5,CatalogCoverage - Top 5,DeltaGap - Top 5 | Blockbuster,DeltaGap - Top 5 | Niche,DeltaGap - Top 5 | Diverse
sys - fold1,0.5821026490066225,0.3698140758847713,0.3821143976269559,0.8429552741092476,0.7671826710816776,0.7329612683151386,56.26,0.16293554764884108,0.10432007458797202,0.006011910059526851
sys - mean,0.5821026490066225,0.3698140758847713,0.3821143976269559,0.8429552741092476,0.7671826710816776,0.7329612683151386,56.26,0.16293554764884108,0.10432007458797202,0.006011910059526851
