user_id,Precision@10 - macro,Recall@10 - macro,F1@10 - macro,NDCG@10,MRR@10,Gini - Top 10,CatalogCoverage - Top 10,DeltaGap - Top 10 | Blockbuster,DeltaGap - Top 10 | Niche,DeltaGap - Top 10 | Diverse
sys - fold1,0.6583632315872754,0.6167722005081411,0.556237677994165,0.9469330073799914,0.86319432945116,0.7066378002907507,74.31,0.21649581410327878,0.19700931875084368,0.08649854427404864
sys - mean,0.6583632315872754,0.6167722005081411,0.556237677994165,0.9469330073799914,0.86319432945116,0.7066378002907507,74.31,0.21649581410327878,0.19700931875084368,0.08649854427404864
