user_id,Precision@5 - macro,Recall@5 - macro,F1@5 - macro,NDCG@5,MRR@5,Gini - Top 5,CatalogCoverage - Top 5,DeltaGap - Top 5 | Blockbuster,DeltaGap - Top 5 | Niche,DeltaGap - Top 5 | Diverse
sys - fold1,0.6253394039735098,0.36978871222630083,0.3898734488626488,0.8486726143718274,0.7651710816777042,0.641069241470864,72.4,0.21719856560001677,0.12045214916255985,-0.07783688978692423
sys - mean,0.6253394039735098,0.36978871222630083,0.3898734488626488,0.8486726143718274,0.7651710816777042,0.641069241470864,72.4,0.21719856560001677,0.12045214916255985,-0.07783688978692423
