user_id,Precision@10 - macro,Recall@10 - macro,F1@10 - macro,NDCG@10,MRR@10,Gini - Top 10,CatalogCoverage - Top 10,DeltaGap - Top 10 | Blockbuster,DeltaGap - Top 10 | Niche,DeltaGap - Top 10 | Diverse
sys - fold1,0.606705232313676,0.5907001413929144,0.5247855962057811,0.9371521919167654,0.8185414038683907,0.7449459270842651,67.7,0.149804923579455,0.15420022119002222,0.10827156404405802
sys - mean,0.606705232313676,0.5907001413929144,0.5247855962057811,0.9371521919167654,0.8185414038683907,0.7449459270842651,67.7,0.149804923579455,0.15420022119002222,0.10827156404405802
