user_id,Precision@10 - macro,Recall@10 - macro,F1@10 - macro,NDCG@10,MRR@10,Gini - Top 10,CatalogCoverage - Top 10,DeltaGap - Top 10 | Blockbuster,DeltaGap - Top 10 | Niche,DeltaGap - Top 10 | Diverse
sys - fold1,0.5700191185745821,0.5742945011676285,0.5039015503931427,0.9291769357141006,0.7694146168401135,0.7123489393587851,71.94,0.07053373654843438,0.0466369034206385,0.013268907480216417
sys - mean,0.5700191185745821,0.5742945011676285,0.5039015503931427,0.9291769357141006,0.7694146168401135,0.7123489393587851,71.94,0.07053373654843438,0.0466369034206385,0.013268907480216417
