user_id,Precision@10 - macro,Recall@10 - macro,F1@10 - macro,NDCG@10,MRR@10,Gini - Top 10,CatalogCoverage - Top 10,DeltaGap - Top 10 | Blockbuster,DeltaGap - Top 10 | Niche,DeltaGap - Top 10 | Diverse
sys - fold1,0.6630785448771538,0.6182249343063537,0.5602601492686176,0.9473466053737781,0.8670678953926718,0.7000978534697435,74.8,0.1916302221594919,0.17564033481018854,0.08135630340737073
sys - mean,0.6630785448771538,0.6182249343063537,0.5602601492686176,0.9473466053737781,0.8670678953926718,0.7000978534697435,74.8,0.1916302221594919,0.17564033481018854,0.08135630340737073
