user_id,Precision@10 - macro,Recall@10 - macro,F1@10 - macro,NDCG@10,MRR@10,Gini - Top 10,CatalogCoverage - Top 10,DeltaGap - Top 10 | Blockbuster,DeltaGap - Top 10 | Niche,DeltaGap - Top 10 | Diverse
sys - fold1,0.5849108440638494,0.5737206712628986,0.5079401746205464,0.9276983108254664,0.7462400481526164,0.6391410743065072,81.49,0.06129912374993812,0.029982532960319903,-0.04498664261335184
sys - mean,0.5849108440638494,0.5737206712628986,0.5079401746205464,0.9276983108254664,0.7462400481526164,0.6391410743065072,81.49,0.06129912374993812,0.029982532960319903,-0.04498664261335184
