user_id,Precision@5 - macro,Recall@5 - macro,F1@5 - macro,NDCG@5,MRR@5,Gini - Top 5,CatalogCoverage - Top 5,DeltaGap - Top 5 | Blockbuster,DeltaGap - Top 5 | Niche,DeltaGap - Top 5 | Diverse
sys - fold1,0.6173484597548857,0.3683125755092773,0.3871296014951562,0.8508094023504371,0.7661477310367671,0.6338410840440448,71.64,0.17246936051305498,0.10056498073670705,-0.0735966219017811
sys - mean,0.6173484597548857,0.3683125755092773,0.3871296014951562,0.8508094023504371,0.7661477310367671,0.6338410840440448,71.64,0.17246936051305498,0.10056498073670705,-0.0735966219017811
