user_id,Precision@5 - macro,Recall@5 - macro,F1@5 - macro,NDCG@5,MRR@5,Gini - Top 5,CatalogCoverage - Top 5,DeltaGap - Top 5 | Blockbuster,DeltaGap - Top 5 | Niche,DeltaGap - Top 5 | Diverse
sys - fold1,0.618739648890361,0.38256642975236654,0.4005057709735104,0.8515058465004735,0.7968946671083139,0.6419364376285133,70.02,0.16216315663515035,0.10136230352401521,-0.04399767372237112
sys - mean,0.618739648890361,0.38256642975236654,0.4005057709735104,0.8515058465004735,0.7968946671083139,0.6419364376285133,70.02,0.16216315663515035,0.10136230352401521,-0.04399767372237112
