user_id,Precision@10 - macro,Recall@10 - macro,F1@10 - macro,NDCG@10,MRR@10,Gini - Top 10,CatalogCoverage - Top 10,DeltaGap - Top 10 | Blockbuster,DeltaGap - Top 10 | Niche,DeltaGap - Top 10 | Diverse
sys - fold1,0.5731338037422475,0.5749386584942728,0.5063070266893577,0.9297781906232994,0.7670411542100284,0.6925538488181503,73.64,0.05284298483888248,0.02697985964258482,-0.02166057102957629
sys - mean,0.5731338037422475,0.5749386584942728,0.5063070266893577,0.9297781906232994,0.7670411542100284,0.6925538488181503,73.64,0.05284298483888248,0.02697985964258482,-0.02166057102957629
