user_id,Precision@5 - macro,Recall@5 - macro,F1@5 - macro,NDCG@5,MRR@5,Gini - Top 5,CatalogCoverage - Top 5,DeltaGap - Top 5 | Blockbuster,DeltaGap - Top 5 | Niche,DeltaGap - Top 5 | Diverse
sys - fold1,0.6241872274659159,0.3709861113265154,0.3911812358716371,0.8507741490063833,0.7779958050449853,0.6349780877872349,72.15,0.17769594209296766,0.0989499235586252,-0.07005287983583193
sys - mean,0.6241872274659159,0.3709861113265154,0.3911812358716371,0.8507741490063833,0.7779958050449853,0.6349780877872349,72.15,0.17769594209296766,0.0989499235586252,-0.07005287983583193
