user_id,Precision@5 - macro,Recall@5 - macro,F1@5 - macro,NDCG@5,MRR@5,Gini - Top 5,CatalogCoverage - Top 5,DeltaGap - Top 5 | Blockbuster,DeltaGap - Top 5 | Niche,DeltaGap - Top 5 | Diverse
sys - fold1,0.6139955849889625,0.3804928822611935,0.3972503368089276,0.8544713614834513,0.8045171081677703,0.7368102959834306,52.89,0.25450501083424004,0.21227081913442414,0.08337033371337461
sys - mean,0.6139955849889625,0.3804928822611935,0.3972503368089276,0.8544713614834513,0.8045171081677703,0.7368102959834306,52.89,0.25450501083424004,0.21227081913442414,0.08337033371337461
