user_id,Precision@10 - macro,Recall@10 - macro,F1@10 - macro,NDCG@10,MRR@10,Gini - Top 10,CatalogCoverage - Top 10,DeltaGap - Top 10 | Blockbuster,DeltaGap - Top 10 | Niche,DeltaGap - Top 10 | Diverse
sys - fold1,0.6114420837342335,0.5939382486840052,0.5293004133901363,0.9359698772289037,0.8026404859172332,0.6434683108547115,79.84,0.05422182929999553,0.023458026919344267,-0.0636092648114062
sys - mean,0.6114420837342335,0.5939382486840052,0.5293004133901363,0.9359698772289037,0.8026404859172332,0.6434683108547115,79.84,0.05422182929999553,0.023458026919344267,-0.0636092648114062
