user_id,Precision@5 - macro,Recall@5 - macro,F1@5 - macro,NDCG@5,MRR@5,Gini - Top 5,CatalogCoverage - Top 5,DeltaGap - Top 5 | Blockbuster,DeltaGap - Top 5 | Niche,DeltaGap - Top 5 | Diverse
sys - fold1,0.5911477310367671,0.36572767694657976,0.3824551826793632,0.8403045232373089,0.7498564646130065,0.6195476535861744,72.67,0.15181773201153748,0.050433113542656456,-0.08595267346766439
sys - mean,0.5911477310367671,0.36572767694657976,0.3824551826793632,0.8403045232373089,0.7498564646130065,0.6195476535861744,72.67,0.15181773201153748,0.050433113542656456,-0.08595267346766439
