user_id,Precision@5 - macro,Recall@5 - macro,F1@5 - macro,NDCG@5,MRR@5,Gini - Top 5,CatalogCoverage - Top 5,DeltaGap - Top 5 | Blockbuster,DeltaGap - Top 5 | Niche,DeltaGap - Top 5 | Diverse
sys - fold1,0.6185129988408676,0.3759076908712367,0.393076380243514,0.8510513414546234,0.7897251200529889,0.6656549243595362,68.02,0.19216108120563732,0.1207048926671901,-0.03284295534066593
sys - mean,0.6185129988408676,0.3759076908712367,0.393076380243514,0.8510513414546234,0.7897251200529889,0.6656549243595362,68.02,0.19216108120563732,0.1207048926671901,-0.03284295534066593
