user_id,Precision@5 - macro,Recall@5 - macro,F1@5 - macro,NDCG@5,MRR@5,Gini - Top 5,CatalogCoverage - Top 5,DeltaGap - Top 5 | Blockbuster,DeltaGap - Top 5 | Niche,DeltaGap - Top 5 | Diverse
sys - fold1,0.577016062261964,0.3583492732460624,0.3719895099018295,0.8369961033057736,0.7468951813214109,0.639421558425597,70.13,0.14544038419537197,0.09915191673824165,-0.05022740455551205
sys - mean,0.577016062261964,0.3583492732460624,0.3719895099018295,0.8369961033057736,0.7468951813214109,0.639421558425597,70.13,0.14544038419537197,0.09915191673824165,-0.05022740455551205
