user_id,Precision@10 - macro,Recall@10 - macro,F1@10 - macro,NDCG@10,MRR@10,Gini - Top 10,CatalogCoverage - Top 10,DeltaGap - Top 10 | Blockbuster,DeltaGap - Top 10 | Niche,DeltaGap - Top 10 | Diverse
sys - fold1,0.6403967596972564,0.6039822334372106,0.5430358648768288,0.9354855354121959,0.7727177283717018,0.6740183739503048,77.23,0.14517317690888826,0.10846935911507308,-0.0005903016787709769
sys - mean,0.6403967596972564,0.6039822334372106,0.5430358648768288,0.9354855354121959,0.7727177283717018,0.6740183739503048,77.23,0.14517317690888826,0.10846935911507308,-0.0005903016787709769
