user_id,Precision@10 - macro,Recall@10 - macro,F1@10 - macro,NDCG@10,MRR@10,Gini - Top 10,CatalogCoverage - Top 10,DeltaGap - Top 10 | Blockbuster,DeltaGap - Top 10 | Niche,DeltaGap - Top 10 | Diverse
sys - fold1,0.6723076599525755,0.6257725271113113,0.5650875631157272,0.951793663179214,0.8787550539703571,0.7233237488688322,72.02,0.30762300873228277,0.31723393993047216,0.10641937044217309
sys - mean,0.6723076599525755,0.6257725271113113,0.5650875631157272,0.951793663179214,0.8787550539703571,0.7233237488688322,72.02,0.30762300873228277,0.31723393993047216,0.10641937044217309
