user_id,Precision@5 - macro,Recall@5 - macro,F1@5 - macro,NDCG@5,MRR@5,Gini - Top 5,CatalogCoverage - Top 5,DeltaGap - Top 5 | Blockbuster,DeltaGap - Top 5 | Niche,DeltaGap - Top 5 | Diverse
sys - fold1,0.6461754966887416,0.38024579463772684,0.40213138642991225,0.8571049390034939,0.7705215231788081,0.6435046543940854,70.35,0.19776870999449336,0.12559330932296153,-0.08430109855273361
sys - mean,0.6461754966887416,0.38024579463772684,0.40213138642991225,0.8571049390034939,0.7705215231788081,0.6435046543940854,70.35,0.19776870999449336,0.12559330932296153,-0.08430109855273361
