user_id,Precision@10 - macro,Recall@10 - macro,F1@10 - macro,NDCG@10,MRR@10,Gini - Top 10,CatalogCoverage - Top 10,DeltaGap - Top 10 | Blockbuster,DeltaGap - Top 10 | Niche,DeltaGap - Top 10 | Diverse
sys - fold1,0.015298013245033113,0.008499034003140855,0.008917138985342422,0.08491438600790645,0.04735526384946914,0.8971790266150194,11.44,-0.43262426874373444,-0.5115447329126591,-0.6072172806406828
sys - mean,0.015298013245033113,0.008499034003140855,0.008917138985342422,0.08491438600790645,0.04735526384946914,0.8971790266150194,11.44,-0.43262426874373444,-0.5115447329126591,-0.6072172806406828
