user_id,Precision@10 - macro,Recall@10 - macro,F1@10 - macro,NDCG@10,MRR@10,Gini - Top 10,CatalogCoverage - Top 10,DeltaGap - Top 10 | Blockbuster,DeltaGap - Top 10 | Niche,DeltaGap - Top 10 | Diverse
sys - fold1,0.00988574267262792,0.005888882414164397,0.005997915831846946,0.04912830212966929,0.030019095456253926,0.47267708265837277,99.3,-0.5470889670644036,-0.6941755934841702,-0.8495386216119634
sys - mean,0.00988574267262792,0.005888882414164397,0.005997915831846946,0.04912830212966929,0.030019095456253926,0.47267708265837277,99.3,-0.5470889670644036,-0.6941755934841702,-0.8495386216119634
