user_id,Precision@20 - macro,Recall@20 - macro,F1@20 - macro,NDCG@20,MRR@20,Gini - Top 20,CatalogCoverage - Top 20,DeltaGap - Top 20 | Blockbuster,DeltaGap - Top 20 | Niche,DeltaGap - Top 20 | Diverse
sys - fold1,0.014031456953642387,0.01557180084382943,0.011884495410243898,0.1256552801354198,0.05333783022624056,0.8999264683020862,17.24,-0.4764825024845956,-0.5387586852084749,-0.6049619830990871
sys - mean,0.014031456953642387,0.01557180084382943,0.011884495410243898,0.1256552801354198,0.05333783022624056,0.8999264683020862,17.24,-0.4764825024845956,-0.5387586852084749,-0.6049619830990871
