user_id,Precision@10 - macro,Recall@10 - macro,F1@10 - macro,NDCG@10,MRR@10,Gini - Top 10,CatalogCoverage - Top 10,DeltaGap - Top 10 | Blockbuster,DeltaGap - Top 10 | Niche,DeltaGap - Top 10 | Diverse
sys - fold1,0.04490641046877589,0.026341686613088083,0.027025244534041194,0.14180385214276572,0.12709646334377162,0.6450748857755733,96.65,0.10983829349095729,-0.2026584551167044,-0.6512844801582928
sys - mean,0.04490641046877589,0.026341686613088083,0.027025244534041194,0.14180385214276572,0.12709646334377162,0.6450748857755733,96.65,0.10983829349095729,-0.2026584551167044,-0.6512844801582928
