user_id,Precision@10 - macro,Recall@10 - macro,F1@10 - macro,NDCG@10,MRR@10,Gini - Top 10,CatalogCoverage - Top 10,DeltaGap - Top 10 | Blockbuster,DeltaGap - Top 10 | Niche,DeltaGap - Top 10 | Diverse
sys - fold1,0.015118397085610202,0.008303653424169772,0.008810442955897464,0.06838481583944536,0.04088517230593733,0.7414277611459898,46.06,-0.33900566375902935,-0.48288173244458826,-0.6741299431776613
sys - mean,0.015118397085610202,0.008303653424169772,0.008810442955897464,0.06838481583944536,0.04088517230593733,0.7414277611459898,46.06,-0.33900566375902935,-0.48288173244458826,-0.6741299431776613
