user_id,Precision@20 - macro,Recall@20 - macro,F1@20 - macro,NDCG@20,MRR@20,Gini - Top 20,CatalogCoverage - Top 20,DeltaGap - Top 20 | Blockbuster,DeltaGap - Top 20 | Niche,DeltaGap - Top 20 | Diverse
sys - fold1,0.009289617486338797,0.011194926261394084,0.007967460702078488,0.07372959182984082,0.03410751253592445,0.4421338639413689,99.43,-0.5822233985141317,-0.695193198487492,-0.8426283909032601
sys - mean,0.009289617486338797,0.011194926261394084,0.007967460702078488,0.07372959182984082,0.03410751253592445,0.4421338639413689,99.43,-0.5822233985141317,-0.695193198487492,-0.8426283909032601
