user_id,Precision@20 - macro,Recall@20 - macro,F1@20 - macro,NDCG@20,MRR@20,Gini - Top 20,CatalogCoverage - Top 20,DeltaGap - Top 20 | Blockbuster,DeltaGap - Top 20 | Niche,DeltaGap - Top 20 | Diverse
sys - fold1,0.014770657393608213,0.01611196713746027,0.012447743926827999,0.1064971815109196,0.0469893328966282,0.6921655796300991,53.45,-0.3989231273060122,-0.5157815150818755,-0.6642577157519345
sys - mean,0.014770657393608213,0.01611196713746027,0.012447743926827999,0.1064971815109196,0.0469893328966282,0.6921655796300991,53.45,-0.3989231273060122,-0.5157815150818755,-0.6642577157519345
