user_id,Precision@10 - macro,Recall@10 - macro,F1@10 - macro,NDCG@10,MRR@10,Gini - Top 10,CatalogCoverage - Top 10,DeltaGap - Top 10 | Blockbuster,DeltaGap - Top 10 | Niche,DeltaGap - Top 10 | Diverse
sys - fold1,0.01576419937075675,0.007215986243093956,0.007972139235385244,0.07235787540283696,0.04759394622782601,0.6646500846262624,84.67,-0.3390142034660154,-0.5378723462896726,-0.7550937366259318
sys - mean,0.01576419937075675,0.007215986243093956,0.007972139235385244,0.07235787540283696,0.04759394622782601,0.6646500846262624,84.67,-0.3390142034660154,-0.5378723462896726,-0.7550937366259318
