user_id,Precision@10 - macro,Recall@10 - macro,F1@10 - macro,NDCG@10,MRR@10,Gini - Top 10,CatalogCoverage - Top 10,DeltaGap - Top 10 | Blockbuster,DeltaGap - Top 10 | Niche,DeltaGap - Top 10 | Diverse
sys - fold1,0.00847962901623054,0.0041565307850585705,0.004568935037182547,0.05097131645347698,0.024446166343317716,0.4778646882994049,98.54,-0.5630237964719543,-0.6697300763590683,-0.7939837254736364
sys - mean,0.00847962901623054,0.0041565307850585705,0.004568935037182547,0.05097131645347698,0.024446166343317716,0.4778646882994049,98.54,-0.5630237964719543,-0.6697300763590683,-0.7939837254736364
