user_id,Precision@20 - macro,Recall@20 - macro,F1@20 - macro,NDCG@20,MRR@20,Gini - Top 20,CatalogCoverage - Top 20,DeltaGap - Top 20 | Blockbuster,DeltaGap - Top 20 | Niche,DeltaGap - Top 20 | Diverse
sys - fold1,0.0062023848956608155,0.006571478404631015,0.004988662829453188,0.059519211899528454,0.023385191996673,0.40332448091081224,99.43,-0.6129173273954349,-0.7055645831076603,-0.8326835148484742
sys - mean,0.0062023848956608155,0.006571478404631015,0.004988662829453188,0.059519211899528454,0.023385191996673,0.40332448091081224,99.43,-0.6129173273954349,-0.7055645831076603,-0.8326835148484742
