user_id,Precision@20 - macro,Recall@20 - macro,F1@20 - macro,NDCG@20,MRR@20,Gini - Top 20,CatalogCoverage - Top 20,DeltaGap - Top 20 | Blockbuster,DeltaGap - Top 20 | Niche,DeltaGap - Top 20 | Diverse
sys - fold1,0.014279801324503313,0.01722391660717095,0.012173687732118089,0.12775541606373692,0.06019928957408455,0.8997597155911494,17.4,-0.4595921476383374,-0.5361539838563087,-0.5985564407780133
sys - mean,0.014279801324503313,0.01722391660717095,0.012173687732118089,0.12775541606373692,0.06019928957408455,0.8997597155911494,17.4,-0.4595921476383374,-0.5361539838563087,-0.5985564407780133
