user_id,Precision@10 - macro,Recall@10 - macro,F1@10 - macro,NDCG@10,MRR@10,Gini - Top 10,CatalogCoverage - Top 10,DeltaGap - Top 10 | Blockbuster,DeltaGap - Top 10 | Niche,DeltaGap - Top 10 | Diverse
sys - fold1,0.018833857876428692,0.0075996980647099425,0.0088210615722704,0.07433897844973925,0.05171317878374363,0.658065489913695,83.57,-0.28032559471692864,-0.49772682854710026,-0.7437535230772531
sys - mean,0.018833857876428692,0.0075996980647099425,0.0088210615722704,0.07433897844973925,0.05171317878374363,0.658065489913695,83.57,-0.28032559471692864,-0.49772682854710026,-0.7437535230772531
