user_id,Precision@10 - macro,Recall@10 - macro,F1@10 - macro,NDCG@10,MRR@10,Gini - Top 10,CatalogCoverage - Top 10,DeltaGap - Top 10 | Blockbuster,DeltaGap - Top 10 | Niche,DeltaGap - Top 10 | Diverse
sys - fold1,0.04533708795759483,0.028948135152135443,0.028644002989996885,0.14289737152490548,0.12467094451937918,0.6308926267530102,95.71,0.09351647649287007,-0.2074861785004505,-0.6442688308280121
sys - mean,0.04533708795759483,0.028948135152135443,0.028644002989996885,0.14289737152490548,0.12467094451937918,0.6308926267530102,95.71,0.09351647649287007,-0.2074861785004505,-0.6442688308280121
