user_id,Precision@10 - macro,Recall@10 - macro,F1@10 - macro,NDCG@10,MRR@10,Gini - Top 10,CatalogCoverage - Top 10,DeltaGap - Top 10 | Blockbuster,DeltaGap - Top 10 | Niche,DeltaGap - Top 10 | Diverse
sys - fold1,0.01142762504140444,0.007282709492020631,0.0070562807383039395,0.0606441289832068,0.032853436174072145,0.38126111512011235,36.27,-0.39728654872097796,-0.5779004982351466,-0.776608134307406
sys - mean,0.01142762504140444,0.007282709492020631,0.0070562807383039395,0.0606441289832068,0.032853436174072145,0.38126111512011235,36.27,-0.39728654872097796,-0.5779004982351466,-0.776608134307406
