user_id,Precision@10 - macro,Recall@10 - macro,F1@10 - macro,NDCG@10,MRR@10,Gini - Top 10,CatalogCoverage - Top 10,DeltaGap - Top 10 | Blockbuster,DeltaGap - Top 10 | Niche,DeltaGap - Top 10 | Diverse
sys - fold1,0.021351664734139478,0.013087235029127118,0.013052257100413422,0.08373642246968642,0.05520349379882261,0.740010398893364,43.9,-0.17832975311126933,-0.4022912655197218,-0.6052068045466389
sys - mean,0.021351664734139478,0.013087235029127118,0.013052257100413422,0.08373642246968642,0.05520349379882261,0.740010398893364,43.9,-0.17832975311126933,-0.4022912655197218,-0.6052068045466389
