user_id,Precision@10 - macro,Recall@10 - macro,F1@10 - macro,NDCG@10,MRR@10,Gini - Top 10,CatalogCoverage - Top 10,DeltaGap - Top 10 | Blockbuster,DeltaGap - Top 10 | Niche,DeltaGap - Top 10 | Diverse
sys - fold1,0.013630341172573699,0.006871353293167766,0.007347400579811541,0.06263810481215114,0.03804436978501238,0.599266135647338,31.44,-0.4035754010186634,-0.5159355065911032,-0.6776529399966357
sys - mean,0.013630341172573699,0.006871353293167766,0.007347400579811541,0.06263810481215114,0.03804436978501238,0.599266135647338,31.44,-0.4035754010186634,-0.5159355065911032,-0.6776529399966357
