user_id,Precision@20 - macro,Recall@20 - macro,F1@20 - macro,NDCG@20,MRR@20,Gini - Top 20,CatalogCoverage - Top 20,DeltaGap - Top 20 | Blockbuster,DeltaGap - Top 20 | Niche,DeltaGap - Top 20 | Diverse
sys - fold1,0.012785690626035112,0.013827604072178446,0.010557074721791414,0.09548710539001279,0.04303110055208863,0.5869054703840723,42.2,-0.44211281486976345,-0.5375314773553386,-0.6763421353086057
sys - mean,0.012785690626035112,0.013827604072178446,0.010557074721791414,0.09548710539001279,0.04303110055208863,0.5869054703840723,42.2,-0.44211281486976345,-0.5375314773553386,-0.6763421353086057
