user_id,Precision@20 - macro,Recall@20 - macro,F1@20 - macro,NDCG@20,MRR@20,Gini - Top 20,CatalogCoverage - Top 20,DeltaGap - Top 20 | Blockbuster,DeltaGap - Top 20 | Niche,DeltaGap - Top 20 | Diverse
sys - fold1,0.016100712274308433,0.013010950124565887,0.011477264248538092,0.11080152646084063,0.05576436321662741,0.6419414772707283,92.74,-0.3483617257858217,-0.5311493989749865,-0.7422780751331369
sys - mean,0.016100712274308433,0.013010950124565887,0.011477264248538092,0.11080152646084063,0.05576436321662741,0.6419414772707283,92.74,-0.3483617257858217,-0.5311493989749865,-0.7422780751331369
