user_id,Precision@20 - macro,Recall@20 - macro,F1@20 - macro,NDCG@20,MRR@20,Gini - Top 20,CatalogCoverage - Top 20,DeltaGap - Top 20 | Blockbuster,DeltaGap - Top 20 | Niche,DeltaGap - Top 20 | Diverse
sys - fold1,0.019860858042073878,0.02348066540487581,0.01729195909479385,0.1306709691428435,0.062160980411631324,0.6984677009378112,52.37,-0.2574253806451366,-0.4210292106214148,-0.6092139315796552
sys - mean,0.019860858042073878,0.02348066540487581,0.01729195909479385,0.1306709691428435,0.062160980411631324,0.6984677009378112,52.37,-0.2574253806451366,-0.4210292106214148,-0.6092139315796552
