user_id,Precision@20 - macro,Recall@20 - macro,F1@20 - macro,NDCG@20,MRR@20,Gini - Top 20,CatalogCoverage - Top 20,DeltaGap - Top 20 | Blockbuster,DeltaGap - Top 20 | Niche,DeltaGap - Top 20 | Diverse
sys - fold1,0.038918336922312405,0.04650210383416298,0.034291757081751896,0.20704810920651293,0.13234179412646846,0.601378870288929,98.52,-0.001287555668243338,-0.2398320595467319,-0.6525270493550833
sys - mean,0.038918336922312405,0.04650210383416298,0.034291757081751896,0.20704810920651293,0.13234179412646846,0.601378870288929,98.52,-0.001287555668243338,-0.2398320595467319,-0.6525270493550833
