user_id,Precision@10 - macro,Recall@10 - macro,F1@10 - macro,NDCG@10,MRR@10,Gini - Top 10,CatalogCoverage - Top 10,DeltaGap - Top 10 | Blockbuster,DeltaGap - Top 10 | Niche,DeltaGap - Top 10 | Diverse
sys - fold1,0.1416887417218543,0.09583158234386241,0.09271142379318703,0.3273808027081112,0.362190292231683,0.8910018969439059,21.29,0.6793067050744492,0.6764697422394489,0.5423567467616575
sys - mean,0.1416887417218543,0.09583158234386241,0.09271142379318703,0.3273808027081112,0.362190292231683,0.8910018969439059,21.29,0.6793067050744492,0.6764697422394489,0.5423567467616575
