user_id,Precision@10 - macro,Recall@10 - macro,F1@10 - macro,NDCG@10,MRR@10,Gini - Top 10,CatalogCoverage - Top 10,DeltaGap - Top 10 | Blockbuster,DeltaGap - Top 10 | Niche,DeltaGap - Top 10 | Diverse
sys - fold1,0.07206028486253727,0.048287166102693124,0.04580371859384184,0.19640638010760755,0.1883238168845986,0.8104273987221203,35.78,0.6240711338889433,0.4206566794245739,-0.024371397212189345
sys - mean,0.07206028486253727,0.048287166102693124,0.04580371859384184,0.19640638010760755,0.1883238168845986,0.8104273987221203,35.78,0.6240711338889433,0.4206566794245739,-0.024371397212189345
