user_id,Precision@20 - macro,Recall@20 - macro,F1@20 - macro,NDCG@20,MRR@20,Gini - Top 20,CatalogCoverage - Top 20,DeltaGap - Top 20 | Blockbuster,DeltaGap - Top 20 | Niche,DeltaGap - Top 20 | Diverse
sys - fold1,0.05433018711707237,0.06819633424539656,0.04898715730137502,0.2590080838388964,0.17975996712596967,0.6884697899112054,89.4,0.16985852845267516,-0.13506990052169304,-0.530312190254744
sys - mean,0.05433018711707237,0.06819633424539656,0.04898715730137502,0.2590080838388964,0.17975996712596967,0.6884697899112054,89.4,0.16985852845267516,-0.13506990052169304,-0.530312190254744
