user_id,Precision@10 - macro,Recall@10 - macro,F1@10 - macro,NDCG@10,MRR@10,Gini - Top 10,CatalogCoverage - Top 10,DeltaGap - Top 10 | Blockbuster,DeltaGap - Top 10 | Niche,DeltaGap - Top 10 | Diverse
sys - fold1,0.06335486007617155,0.041323063940152116,0.04082642686347218,0.17991178664413432,0.17161978883290357,0.6856155964941943,81.98,0.23678680461767074,-0.0988020883337372,-0.521187666295597
sys - mean,0.06335486007617155,0.041323063940152116,0.04082642686347218,0.17991178664413432,0.17161978883290357,0.6856155964941943,81.98,0.23678680461767074,-0.0988020883337372,-0.521187666295597
