user_id,Precision@10 - macro,Recall@10 - macro,F1@10 - macro,NDCG@10,MRR@10,Gini - Top 10,CatalogCoverage - Top 10,DeltaGap - Top 10 | Blockbuster,DeltaGap - Top 10 | Niche,DeltaGap - Top 10 | Diverse
sys - fold1,0.06536932759191785,0.04326702315287519,0.04181585896682027,0.1827369444788098,0.17200139854992452,0.7973005827638151,76.36,0.3140285107138103,0.11327147120890349,-0.3997177564875613
sys - mean,0.06536932759191785,0.04326702315287519,0.04181585896682027,0.1827369444788098,0.17200139854992452,0.7973005827638151,76.36,0.3140285107138103,0.11327147120890349,-0.3997177564875613
