user_id,Precision@20 - macro,Recall@20 - macro,F1@20 - macro,NDCG@20,MRR@20,Gini - Top 20,CatalogCoverage - Top 20,DeltaGap - Top 20 | Blockbuster,DeltaGap - Top 20 | Niche,DeltaGap - Top 20 | Diverse
sys - fold1,0.1092135761589404,0.14646311361486414,0.10042206299573149,0.43991553178518905,0.37020228427619556,0.8946394176465693,30.06,0.5283705034999928,0.516175376667199,0.3878659210741493
sys - mean,0.1092135761589404,0.14646311361486414,0.10042206299573149,0.43991553178518905,0.37020228427619556,0.8946394176465693,30.06,0.5283705034999928,0.516175376667199,0.3878659210741493
