user_id,Precision@10 - macro,Recall@10 - macro,F1@10 - macro,NDCG@10,MRR@10,Gini - Top 10,CatalogCoverage - Top 10,DeltaGap - Top 10 | Blockbuster,DeltaGap - Top 10 | Niche,DeltaGap - Top 10 | Diverse
sys - fold1,0.0178476821192053,0.018599843314471173,0.015219079506626277,0.10450818274609268,0.06929149584778724,0.8498666736746207,45.9,-0.4381985502512216,-0.6078139701904142,-0.729354505612623
sys - mean,0.0178476821192053,0.018599843314471173,0.015219079506626277,0.10450818274609268,0.06929149584778724,0.8498666736746207,45.9,-0.4381985502512216,-0.6078139701904142,-0.729354505612623
