user_id,Precision@5 - macro,Recall@5 - macro,F1@5 - macro,NDCG@5,MRR@5,Gini - Top 5,CatalogCoverage - Top 5,DeltaGap - Top 5 | Blockbuster,DeltaGap - Top 5 | Niche,DeltaGap - Top 5 | Diverse
sys - fold1,0.6116252759381898,0.3763760738201883,0.39498109404778403,0.8502938698314964,0.8013079470198675,0.6297266559541163,72.1,0.17462894388485414,0.09742362236585554,-0.047012229402334495
sys - mean,0.6116252759381898,0.3763760738201883,0.39498109404778403,0.8502938698314964,0.8013079470198675,0.6297266559541163,72.1,0.17462894388485414,0.09742362236585554,-0.047012229402334495
