user_id,Precision@20 - macro,Recall@20 - macro,F1@20 - macro,NDCG@20,MRR@20,Gini - Top 20,CatalogCoverage - Top 20,DeltaGap - Top 20 | Blockbuster,DeltaGap - Top 20 | Niche,DeltaGap - Top 20 | Diverse
sys - fold1,0.020364238410596026,0.029930777744465016,0.019792258755336165,0.17350222254074416,0.11396124205234778,0.5973062156937339,92.07,-0.5027142525748367,-0.6102673199059816,-0.7330776347227048
sys - mean,0.020364238410596026,0.029930777744465016,0.019792258755336165,0.17350222254074416,0.11396124205234778,0.5973062156937339,92.07,-0.5027142525748367,-0.6102673199059816,-0.7330776347227048
