user_id,Precision@20 - macro,Recall@20 - macro,F1@20 - macro,NDCG@20,MRR@20,Gini - Top 20,CatalogCoverage - Top 20,DeltaGap - Top 20 | Blockbuster,DeltaGap - Top 20 | Niche,DeltaGap - Top 20 | Diverse
sys - fold1,0.010670529801324507,0.01282156406158401,0.00905241278820957,0.08319342386453127,0.0362226467477772,0.4229595941586008,52.62,-0.5059040093448381,-0.6500192118109208,-0.7923621727720549
sys - mean,0.010670529801324507,0.01282156406158401,0.00905241278820957,0.08319342386453127,0.0362226467477772,0.4229595941586008,52.62,-0.5059040093448381,-0.6500192118109208,-0.7923621727720549
