user_id,Precision@20 - macro,Recall@20 - macro,F1@20 - macro,NDCG@20,MRR@20,Gini - Top 20,CatalogCoverage - Top 20,DeltaGap - Top 20 | Blockbuster,DeltaGap - Top 20 | Niche,DeltaGap - Top 20 | Diverse
sys - fold1,0.023203642384105955,0.0319718962604821,0.02224183585937456,0.16196204468189426,0.06515632647323721,0.8005422069099017,48.0,-0.3688960895382824,-0.5564701874688763,-0.7581506876750965
sys - mean,0.023203642384105955,0.0319718962604821,0.02224183585937456,0.16196204468189426,0.06515632647323721,0.8005422069099017,48.0,-0.3688960895382824,-0.5564701874688763,-0.7581506876750965
