user_id,Precision@5 - macro,Recall@5 - macro,F1@5 - macro,NDCG@5,MRR@5,Gini - Top 5,CatalogCoverage - Top 5,DeltaGap - Top 5 | Blockbuster,DeltaGap - Top 5 | Niche,DeltaGap - Top 5 | Diverse
sys - fold1,0.6343294701986754,0.3860320840120819,0.4051263489090754,0.8577638082271766,0.8014541942604856,0.6270173028238608,70.89,0.1282811115246767,0.044904336672089526,-0.09331625198665972
sys - mean,0.6343294701986754,0.3860320840120819,0.4051263489090754,0.8577638082271766,0.8014541942604856,0.6270173028238608,70.89,0.1282811115246767,0.044904336672089526,-0.09331625198665972
