user_id,Precision@20 - macro,Recall@20 - macro,F1@20 - macro,NDCG@20,MRR@20,Gini - Top 20,CatalogCoverage - Top 20,DeltaGap - Top 20 | Blockbuster,DeltaGap - Top 20 | Niche,DeltaGap - Top 20 | Diverse
sys - fold1,0.011912251655629142,0.013877080675729235,0.010128506208849964,0.09659606817633554,0.039831355268648956,0.33310516888433983,52.73,-0.4334984425036925,-0.6074383762251336,-0.7688347222157841
sys - mean,0.011912251655629142,0.013877080675729235,0.010128506208849964,0.09659606817633554,0.039831355268648956,0.33310516888433983,52.73,-0.4334984425036925,-0.6074383762251336,-0.7688347222157841
