user_id,Precision@10 - macro,Recall@10 - macro,F1@10 - macro,NDCG@10,MRR@10,Gini - Top 10,CatalogCoverage - Top 10,DeltaGap - Top 10 | Blockbuster,DeltaGap - Top 10 | Niche,DeltaGap - Top 10 | Diverse
sys - fold1,0.6631754705525198,0.6183077844949121,0.5600667127431982,0.9460508246992247,0.8565709791119628,0.6993639969148383,74.23,0.22528216077773236,0.18015500954791822,0.05802774004667541
sys - mean,0.6631754705525198,0.6183077844949121,0.5600667127431982,0.9460508246992247,0.8565709791119628,0.6993639969148383,74.23,0.22528216077773236,0.18015500954791822,0.05802774004667541
