user_id,Precision@10 - macro,Recall@10 - macro,F1@10 - macro,NDCG@10,MRR@10,Gini - Top 10,CatalogCoverage - Top 10,DeltaGap - Top 10 | Blockbuster,DeltaGap - Top 10 | Niche,DeltaGap - Top 10 | Diverse
sys - fold1,0.6226368551505164,0.5944394018443685,0.5324467100869812,0.9375091714560654,0.8321973968148831,0.6727637181907234,76.31,0.11954435142655633,0.08437504830017696,0.016028227487277173
sys - mean,0.6226368551505164,0.5944394018443685,0.5324467100869812,0.9375091714560654,0.8321973968148831,0.6727637181907234,76.31,0.11954435142655633,0.08437504830017696,0.016028227487277173
