user_id,Precision@10 - macro,Recall@10 - macro,F1@10 - macro,NDCG@10,MRR@10,Gini - Top 10,CatalogCoverage - Top 10,DeltaGap - Top 10 | Blockbuster,DeltaGap - Top 10 | Niche,DeltaGap - Top 10 | Diverse
sys - fold1,0.5650837012509198,0.568883029644563,0.5010498342228664,0.9238435207734232,0.7291607537054556,0.6371699702119694,80.19,0.06898510720780181,0.050309327472402354,-0.043685490150040425
sys - mean,0.5650837012509198,0.568883029644563,0.5010498342228664,0.9238435207734232,0.7291607537054556,0.6371699702119694,80.19,0.06898510720780181,0.050309327472402354,-0.043685490150040425
