user_id,Precision@5 - macro,Recall@5 - macro,F1@5 - macro,NDCG@5,MRR@5,Gini - Top 5,CatalogCoverage - Top 5,DeltaGap - Top 5 | Blockbuster,DeltaGap - Top 5 | Niche,DeltaGap - Top 5 | Diverse
sys - fold1,0.6517386984600099,0.3872066648191663,0.40895914955978674,0.8617265085259874,0.8313959264778936,0.6751022326157405,66.16,0.23036968789872,0.17005521519046807,0.002248727185105283
sys - mean,0.6517386984600099,0.3872066648191663,0.40895914955978674,0.8617265085259874,0.8313959264778936,0.6751022326157405,66.16,0.23036968789872,0.17005521519046807,0.002248727185105283
