user_id,Precision@20 - macro,Recall@20 - macro,F1@20 - macro,NDCG@20,MRR@20,Gini - Top 20,CatalogCoverage - Top 20,DeltaGap - Top 20 | Blockbuster,DeltaGap - Top 20 | Niche,DeltaGap - Top 20 | Diverse
sys - fold1,0.014586092715231787,0.026946740314417367,0.015697183802319905,0.14457280906795553,0.07457832835157378,0.8558740394965575,59.93,-0.5445556123089451,-0.6506184475037041,-0.7270545804752395
sys - mean,0.014586092715231787,0.026946740314417367,0.015697183802319905,0.14457280906795553,0.07457832835157378,0.8558740394965575,59.93,-0.5445556123089451,-0.6506184475037041,-0.7270545804752395
