user_id,Precision@10 - macro,Recall@10 - macro,F1@10 - macro,NDCG@10,MRR@10,Gini - Top 10,CatalogCoverage - Top 10,DeltaGap - Top 10 | Blockbuster,DeltaGap - Top 10 | Niche,DeltaGap - Top 10 | Diverse
sys - fold1,0.023294701986754963,0.016439728080028124,0.015957197538187418,0.10460806441389789,0.05772916009670977,0.818199148174408,35.54,-0.3347806614174742,-0.5781549333700241,-0.7779023573679678
sys - mean,0.023294701986754963,0.016439728080028124,0.015957197538187418,0.10460806441389789,0.05772916009670977,0.818199148174408,35.54,-0.3347806614174742,-0.5781549333700241,-0.7779023573679678
