user_id,Precision@20 - macro,Recall@20 - macro,F1@20 - macro,NDCG@20,MRR@20,Gini - Top 20,CatalogCoverage - Top 20,DeltaGap - Top 20 | Blockbuster,DeltaGap - Top 20 | Niche,DeltaGap - Top 20 | Diverse
sys - fold1,0.015637417218543045,0.02072151207558719,0.014320562067936483,0.12000758475128766,0.0525213132800002,0.5918978349465105,52.62,-0.37466476167697427,-0.5775505861748416,-0.7513485110615801
sys - mean,0.015637417218543045,0.02072151207558719,0.014320562067936483,0.12000758475128766,0.0525213132800002,0.5918978349465105,52.62,-0.37466476167697427,-0.5775505861748416,-0.7513485110615801
