user_id,Precision@10 - macro,Recall@10 - macro,F1@10 - macro,NDCG@10,MRR@10,Gini - Top 10,CatalogCoverage - Top 10,DeltaGap - Top 10 | Blockbuster,DeltaGap - Top 10 | Niche,DeltaGap - Top 10 | Diverse
sys - fold1,0.010745033112582783,0.007142820722761358,0.006678561786357866,0.05539319389798306,0.031668703353306,0.45079678453913113,42.9,-0.46642191930711674,-0.6325319543779675,-0.807648872115981
sys - mean,0.010745033112582783,0.007142820722761358,0.006678561786357866,0.05539319389798306,0.031668703353306,0.45079678453913113,42.9,-0.46642191930711674,-0.6325319543779675,-0.807648872115981
