user_id,Precision@20 - macro,Recall@20 - macro,F1@20 - macro,NDCG@20,MRR@20,Gini - Top 20,CatalogCoverage - Top 20,DeltaGap - Top 20 | Blockbuster,DeltaGap - Top 20 | Niche,DeltaGap - Top 20 | Diverse
sys - fold1,0.06511011756913397,0.08652695016513744,0.05912233356577809,0.2974039737632057,0.2191101056492652,0.7814068271730122,89.15,0.3489046400493635,0.09881635809986718,-0.3621894315820028
sys - mean,0.06511011756913397,0.08652695016513744,0.05912233356577809,0.2974039737632057,0.2191101056492652,0.7814068271730122,89.15,0.3489046400493635,0.09881635809986718,-0.3621894315820028
