user_id,Precision@10 - macro,Recall@10 - macro,F1@10 - macro,NDCG@10,MRR@10,Gini - Top 10,CatalogCoverage - Top 10,DeltaGap - Top 10 | Blockbuster,DeltaGap - Top 10 | Niche,DeltaGap - Top 10 | Diverse
sys - fold1,0.07822487166749462,0.04904571429929772,0.04852333364495964,0.20873092003447113,0.2052341000428432,0.7702803129520377,65.3,0.3810914657648889,0.04549847690437529,-0.3949356671925811
sys - mean,0.07822487166749462,0.04904571429929772,0.04852333364495964,0.20873092003447113,0.2052341000428432,0.7702803129520377,65.3,0.3810914657648889,0.04549847690437529,-0.3949356671925811
