user_id,Precision@20 - macro,Recall@20 - macro,F1@20 - macro,NDCG@20,MRR@20,Gini - Top 20,CatalogCoverage - Top 20,DeltaGap - Top 20 | Blockbuster,DeltaGap - Top 20 | Niche,DeltaGap - Top 20 | Diverse
sys - fold1,0.11312086092715232,0.15263240518176063,0.1049156816261093,0.44599283255401795,0.37189027251976403,0.8703970401893513,37.37,0.6605685405996918,0.45118310490272695,0.0865627145248998
sys - mean,0.11312086092715232,0.15263240518176063,0.1049156816261093,0.44599283255401795,0.37189027251976403,0.8703970401893513,37.37,0.6605685405996918,0.45118310490272695,0.0865627145248998
