user_id,Precision@10 - macro,Recall@10 - macro,F1@10 - macro,NDCG@10,MRR@10,Gini - Top 10,CatalogCoverage - Top 10,DeltaGap - Top 10 | Blockbuster,DeltaGap - Top 10 | Niche,DeltaGap - Top 10 | Diverse
sys - fold1,0.07928464977645305,0.054770486874318014,0.05172449876735816,0.2115792305782388,0.21072795348751636,0.7863328992980083,78.63,0.47727189822951727,0.21137235767938276,-0.32490091796153303
sys - mean,0.07928464977645305,0.054770486874318014,0.05172449876735816,0.2115792305782388,0.21072795348751636,0.7863328992980083,78.63,0.47727189822951727,0.21137235767938276,-0.32490091796153303
