user_id,Precision@10 - macro,Recall@10 - macro,F1@10 - macro,NDCG@10,MRR@10,Gini - Top 10,CatalogCoverage - Top 10,DeltaGap - Top 10 | Blockbuster,DeltaGap - Top 10 | Niche,DeltaGap - Top 10 | Diverse
sys - fold1,0.08996522603079979,0.05206088213348159,0.054138937792113165,0.22904632286520427,0.24045923718054862,0.7511550262050062,66.38,0.4168379090587865,0.09160429653846469,-0.43540338112971
sys - mean,0.08996522603079979,0.05206088213348159,0.054138937792113165,0.22904632286520427,0.24045923718054862,0.7511550262050062,66.38,0.4168379090587865,0.09160429653846469,-0.43540338112971
