user_id,Precision@10 - macro,Recall@10 - macro,F1@10 - macro,NDCG@10,MRR@10,Gini - Top 10,CatalogCoverage - Top 10,DeltaGap - Top 10 | Blockbuster,DeltaGap - Top 10 | Niche,DeltaGap - Top 10 | Diverse
sys - fold1,0.1463245033112583,0.10133958540260798,0.0969694278938243,0.33097296530101944,0.36447466624618946,0.8711907518963297,27.47,0.7964199037803275,0.7620384588553709,0.18029567086128032
sys - mean,0.1463245033112583,0.10133958540260798,0.0969694278938243,0.33097296530101944,0.36447466624618946,0.8711907518963297,27.47,0.7964199037803275,0.7620384588553709,0.18029567086128032
