user_id,Precision@20 - macro,Recall@20 - macro,F1@20 - macro,NDCG@20,MRR@20,Gini - Top 20,CatalogCoverage - Top 20,DeltaGap - Top 20 | Blockbuster,DeltaGap - Top 20 | Niche,DeltaGap - Top 20 | Diverse
sys - fold1,0.06488657062427555,0.07905885482951425,0.05695924691443687,0.29344711229812903,0.2140461545188021,0.7779718404933994,76.17,0.22753384847585748,-0.03374521878809993,-0.4146449896622425
sys - mean,0.06488657062427555,0.07905885482951425,0.05695924691443687,0.29344711229812903,0.2140461545188021,0.7779718404933994,76.17,0.22753384847585748,-0.03374521878809993,-0.4146449896622425
