user_id,Precision@10 - macro,Recall@10 - macro,F1@10 - macro,NDCG@10,MRR@10,Gini - Top 10,CatalogCoverage - Top 10,DeltaGap - Top 10 | Blockbuster,DeltaGap - Top 10 | Niche,DeltaGap - Top 10 | Diverse
sys - fold1,0.03165562913907285,0.023466576676499398,0.021953723959520607,0.12683135363165837,0.08595494323557236,0.8521465608506494,23.12,-0.2959264117444563,-0.4088266814132774,-0.5883351305164224
sys - mean,0.03165562913907285,0.023466576676499398,0.021953723959520607,0.12683135363165837,0.08595494323557236,0.8521465608506494,23.12,-0.2959264117444563,-0.4088266814132774,-0.5883351305164224
