user_id,Precision@20 - macro,Recall@20 - macro,F1@20 - macro,NDCG@20,MRR@20,Gini - Top 20,CatalogCoverage - Top 20,DeltaGap - Top 20 | Blockbuster,DeltaGap - Top 20 | Niche,DeltaGap - Top 20 | Diverse
sys - fold1,0.009084133819145414,0.010069038358122836,0.00754255136996353,0.07880052375290955,0.0317505116054384,0.4884848200204674,99.43,-0.5726620123140013,-0.6648483138159942,-0.7657438187444049
sys - mean,0.009084133819145414,0.010069038358122836,0.00754255136996353,0.07880052375290955,0.0317505116054384,0.4884848200204674,99.43,-0.5726620123140013,-0.6648483138159942,-0.7657438187444049
