user_id,Precision@20 - macro,Recall@20 - macro,F1@20 - macro,NDCG@20,MRR@20,Gini - Top 20,CatalogCoverage - Top 20,DeltaGap - Top 20 | Blockbuster,DeltaGap - Top 20 | Niche,DeltaGap - Top 20 | Diverse
sys - fold1,0.026076158940397352,0.03834670932372345,0.025221762126852867,0.1903563852500935,0.09324873085157337,0.8466025285019699,34.11,-0.3735208175637728,-0.49096353103399737,-0.6228973801840529
sys - mean,0.026076158940397352,0.03834670932372345,0.025221762126852867,0.1903563852500935,0.09324873085157337,0.8466025285019699,34.11,-0.3735208175637728,-0.49096353103399737,-0.6228973801840529
