user_id,Precision@10 - macro,Recall@10 - macro,F1@10 - macro,NDCG@10,MRR@10,Gini - Top 10,CatalogCoverage - Top 10,DeltaGap - Top 10 | Blockbuster,DeltaGap - Top 10 | Niche,DeltaGap - Top 10 | Diverse
sys - fold1,0.01657559198542805,0.011452964022003175,0.01088096991354595,0.07690734432994044,0.050876314537516724,0.5707971569951708,97.19,-0.3763709877857131,-0.5923078204956391,-0.7916571869489487
sys - mean,0.01657559198542805,0.011452964022003175,0.01088096991354595,0.07690734432994044,0.050876314537516724,0.5707971569951708,97.19,-0.3763709877857131,-0.5923078204956391,-0.7916571869489487
