user_id,Precision@20 - macro,Recall@20 - macro,F1@20 - macro,NDCG@20,MRR@20,Gini - Top 20,CatalogCoverage - Top 20,DeltaGap - Top 20 | Blockbuster,DeltaGap - Top 20 | Niche,DeltaGap - Top 20 | Diverse
sys - fold1,0.00801457194899818,0.011521425510087259,0.007225670016061228,0.06652619346459512,0.027699782314619465,0.5353858234155854,97.98,-0.5604475580345265,-0.6933903439452361,-0.8134871733339265
sys - mean,0.00801457194899818,0.011521425510087259,0.007225670016061228,0.06652619346459512,0.027699782314619465,0.5353858234155854,97.98,-0.5604475580345265,-0.6933903439452361,-0.8134871733339265
