user_id,Precision@10 - macro,Recall@10 - macro,F1@10 - macro,NDCG@10,MRR@10,Gini - Top 10,CatalogCoverage - Top 10,DeltaGap - Top 10 | Blockbuster,DeltaGap - Top 10 | Niche,DeltaGap - Top 10 | Diverse
sys - fold1,0.008296075509190265,0.006512264694438777,0.0055628148801470535,0.04329573551007697,0.023715426447666884,0.5792576308734186,92.01,-0.5374082187885114,-0.6845523517473786,-0.8315872736003692
sys - mean,0.008296075509190265,0.006512264694438777,0.0055628148801470535,0.04329573551007697,0.023715426447666884,0.5792576308734186,92.01,-0.5374082187885114,-0.6845523517473786,-0.8315872736003692
