user_id,Precision@20 - macro,Recall@20 - macro,F1@20 - macro,NDCG@20,MRR@20,Gini - Top 20,CatalogCoverage - Top 20,DeltaGap - Top 20 | Blockbuster,DeltaGap - Top 20 | Niche,DeltaGap - Top 20 | Diverse
sys - fold1,0.06653973509933775,0.10184428551444605,0.06552619646342947,0.34161255650086436,0.23092262619023707,0.8371123259899986,33.05,0.10919812509938354,-0.13385919472897856,-0.3354497195192131
sys - mean,0.06653973509933775,0.10184428551444605,0.06552619646342947,0.34161255650086436,0.23092262619023707,0.8371123259899986,33.05,0.10919812509938354,-0.13385919472897856,-0.3354497195192131
