user_id,Precision@10 - macro,Recall@10 - macro,F1@10 - macro,NDCG@10,MRR@10,Gini - Top 10,CatalogCoverage - Top 10,DeltaGap - Top 10 | Blockbuster,DeltaGap - Top 10 | Niche,DeltaGap - Top 10 | Diverse
sys - fold1,0.00423981450811527,0.0028877435488616227,0.002639656030218579,0.03067399061481697,0.012731667691919428,0.7178851290753105,69.21,-0.684239492384778,-0.7942419893561987,-0.8814634063239297
sys - mean,0.00423981450811527,0.0028877435488616227,0.002639656030218579,0.03067399061481697,0.012731667691919428,0.7178851290753105,69.21,-0.684239492384778,-0.7942419893561987,-0.8814634063239297
