user_id,Precision@20 - macro,Recall@20 - macro,F1@20 - macro,NDCG@20,MRR@20,Gini - Top 20,CatalogCoverage - Top 20,DeltaGap - Top 20 | Blockbuster,DeltaGap - Top 20 | Niche,DeltaGap - Top 20 | Diverse
sys - fold1,0.005084465054653859,0.006306229327287244,0.0043720425912057315,0.04723795942211501,0.01568266452569248,0.6889052279315007,84.27,-0.7033658065196672,-0.7753189052575324,-0.8549158975302121
sys - mean,0.005084465054653859,0.006306229327287244,0.0043720425912057315,0.04723795942211501,0.01568266452569248,0.6889052279315007,84.27,-0.7033658065196672,-0.7753189052575324,-0.8549158975302121
