user_id,Precision@10 - macro,Recall@10 - macro,F1@10 - macro,NDCG@10,MRR@10,Gini - Top 10,CatalogCoverage - Top 10,DeltaGap - Top 10 | Blockbuster,DeltaGap - Top 10 | Niche,DeltaGap - Top 10 | Diverse
sys - fold1,0.01561516807418447,0.00930968693353804,0.009099681682021524,0.07230419989223355,0.044451475462404424,0.46072234120296096,97.3,-0.3330735039990945,-0.5574793014000813,-0.7646663201162285
sys - mean,0.01561516807418447,0.00930968693353804,0.009099681682021524,0.07230419989223355,0.044451475462404424,0.46072234120296096,97.3,-0.3330735039990945,-0.5574793014000813,-0.7646663201162285
