user_id,Precision@20 - macro,Recall@20 - macro,F1@20 - macro,NDCG@20,MRR@20,Gini - Top 20,CatalogCoverage - Top 20,DeltaGap - Top 20 | Blockbuster,DeltaGap - Top 20 | Niche,DeltaGap - Top 20 | Diverse
sys - fold1,0.015259148865706243,0.019665127307725405,0.013807347816871582,0.11314738384250612,0.05666899283517042,0.5339355791420366,99.14,-0.43616381727679726,-0.6214843510801865,-0.7845055374765091
sys - mean,0.015259148865706243,0.019665127307725405,0.013807347816871582,0.11314738384250612,0.05666899283517042,0.5339355791420366,99.14,-0.43616381727679726,-0.6214843510801865,-0.7845055374765091
