user_id,Precision@10 - macro,Recall@10 - macro,F1@10 - macro,NDCG@10,MRR@10,Gini - Top 10,CatalogCoverage - Top 10,DeltaGap - Top 10 | Blockbuster,DeltaGap - Top 10 | Niche,DeltaGap - Top 10 | Diverse
sys - fold1,0.047581980788340514,0.03050798489932347,0.030070264909090184,0.1492350080807297,0.12966562301192974,0.7416845670588228,85.19,-0.015957333557414518,-0.26275223364851025,-0.5361249841468407
sys - mean,0.047581980788340514,0.03050798489932347,0.030070264909090184,0.1492350080807297,0.12966562301192974,0.7416845670588228,85.19,-0.015957333557414518,-0.26275223364851025,-0.5361249841468407
