user_id,Precision@10 - macro,Recall@10 - macro,F1@10 - macro,NDCG@10,MRR@10,Gini - Top 10,CatalogCoverage - Top 10,DeltaGap - Top 10 | Blockbuster,DeltaGap - Top 10 | Niche,DeltaGap - Top 10 | Diverse
sys - fold1,0.08362582781456954,0.06828883473795642,0.06127373262926204,0.2506850319823366,0.23615191054346685,0.8347922065457338,26.07,0.20607833598661546,-0.04993165421658742,-0.26093438148741127
sys - mean,0.08362582781456954,0.06828883473795642,0.06127373262926204,0.2506850319823366,0.23615191054346685,0.8347922065457338,26.07,0.20607833598661546,-0.04993165421658742,-0.26093438148741127
