user_id,Precision@10 - macro,Recall@10 - macro,F1@10 - macro,NDCG@10,MRR@10,Gini - Top 10,CatalogCoverage - Top 10,DeltaGap - Top 10 | Blockbuster,DeltaGap - Top 10 | Niche,DeltaGap - Top 10 | Diverse
sys - fold1,0.05013249420337861,0.0282926528349292,0.029803026754801835,0.14880814687136223,0.13393054306850266,0.6720602600620349,90.1,0.07137870650977973,-0.203558010240473,-0.5647899857834335
sys - mean,0.05013249420337861,0.0282926528349292,0.029803026754801835,0.14880814687136223,0.13393054306850266,0.6720602600620349,90.1,0.07137870650977973,-0.203558010240473,-0.5647899857834335
