user_id,Precision@20 - macro,Recall@20 - macro,F1@20 - macro,NDCG@20,MRR@20,Gini - Top 20,CatalogCoverage - Top 20,DeltaGap - Top 20 | Blockbuster,DeltaGap - Top 20 | Niche,DeltaGap - Top 20 | Diverse
sys - fold1,0.04086618085458761,0.051468516327622386,0.036490170096919676,0.21754353874537222,0.13783356731020752,0.7279872369460048,94.6,-0.11024324065544339,-0.2988393434711827,-0.5482927713296522
sys - mean,0.04086618085458761,0.051468516327622386,0.036490170096919676,0.21754353874537222,0.13783356731020752,0.7279872369460048,94.6,-0.11024324065544339,-0.2988393434711827,-0.5482927713296522
