user_id,Precision@10 - macro,Recall@10 - macro,F1@10 - macro,NDCG@10,MRR@10,Gini - Top 10,CatalogCoverage - Top 10,DeltaGap - Top 10 | Blockbuster,DeltaGap - Top 10 | Niche,DeltaGap - Top 10 | Diverse
sys - fold1,0.027310367671414378,0.018473756441553486,0.017678018803150983,0.09787783572836427,0.07417145117956644,0.6137076360693651,90.12,-0.10648475335276653,-0.3289110522120479,-0.6344003017353346
sys - mean,0.027310367671414378,0.018473756441553486,0.017678018803150983,0.09787783572836427,0.07417145117956644,0.6137076360693651,90.12,-0.10648475335276653,-0.3289110522120479,-0.6344003017353346
