user_id,Precision@10 - macro,Recall@10 - macro,F1@10 - macro,NDCG@10,MRR@10,Gini - Top 10,CatalogCoverage - Top 10,DeltaGap - Top 10 | Blockbuster,DeltaGap - Top 10 | Niche,DeltaGap - Top 10 | Diverse
sys - fold1,0.008330573037429612,0.005388836755707165,0.005269297378092845,0.04303871510134118,0.026577771994300645,0.5582171651376586,41.07,-0.46958569617502205,-0.6428737756894034,-0.8120914124164235
sys - mean,0.008330573037429612,0.005388836755707165,0.005269297378092845,0.04303871510134118,0.026577771994300645,0.5582171651376586,41.07,-0.46958569617502205,-0.6428737756894034,-0.8120914124164235
