user_id,Precision@20 - macro,Recall@20 - macro,F1@20 - macro,NDCG@20,MRR@20,Gini - Top 20,CatalogCoverage - Top 20,DeltaGap - Top 20 | Blockbuster,DeltaGap - Top 20 | Niche,DeltaGap - Top 20 | Diverse
sys - fold1,0.02446174229877443,0.03253432695723331,0.022090429807341782,0.14749967438689754,0.08140472761128627,0.5905333789471248,94.58,-0.17741303427067784,-0.3679385416834024,-0.6294658042497117
sys - mean,0.02446174229877443,0.03253432695723331,0.022090429807341782,0.14749967438689754,0.08140472761128627,0.5905333789471248,94.58,-0.17741303427067784,-0.3679385416834024,-0.6294658042497117
