user_id,Precision@20 - macro,Recall@20 - macro,F1@20 - macro,NDCG@20,MRR@20,Gini - Top 20,CatalogCoverage - Top 20,DeltaGap - Top 20 | Blockbuster,DeltaGap - Top 20 | Niche,DeltaGap - Top 20 | Diverse
sys - fold1,0.06922185430463576,0.10559019698314973,0.06829743095526292,0.35316921300651755,0.2456917246879675,0.8287771612672274,34.94,0.06918847568099007,-0.12510735227523015,-0.28502229047076394
sys - mean,0.06922185430463576,0.10559019698314973,0.06829743095526292,0.35316921300651755,0.2456917246879675,0.8287771612672274,34.94,0.06918847568099007,-0.12510735227523015,-0.28502229047076394
