user_id,Precision@10 - macro,Recall@10 - macro,F1@10 - macro,NDCG@10,MRR@10,Gini - Top 10,CatalogCoverage - Top 10,DeltaGap - Top 10 | Blockbuster,DeltaGap - Top 10 | Niche,DeltaGap - Top 10 | Diverse
sys - fold1,0.012901623053991389,0.007614503743948858,0.007721468987679522,0.06727134611771082,0.03525226475706767,0.41327426812213636,43.63,-0.35287392055883265,-0.5776196211097394,-0.7714568028311903
sys - mean,0.012901623053991389,0.007614503743948858,0.007721468987679522,0.06727134611771082,0.03525226475706767,0.41327426812213636,43.63,-0.35287392055883265,-0.5776196211097394,-0.7714568028311903
