user_id,Precision@10 - macro,Recall@10 - macro,F1@10 - macro,NDCG@10,MRR@10,Gini - Top 10,CatalogCoverage - Top 10,DeltaGap - Top 10 | Blockbuster,DeltaGap - Top 10 | Niche,DeltaGap - Top 10 | Diverse
sys - fold1,0.09629139072847684,0.0735786724007329,0.06756096274929417,0.26399030184957545,0.26250354777672663,0.8482366300565958,19.67,0.45091894526345366,0.22964230826278337,-0.132636941252057
sys - mean,0.09629139072847684,0.0735786724007329,0.06756096274929417,0.26399030184957545,0.26250354777672663,0.8482366300565958,19.67,0.45091894526345366,0.22964230826278337,-0.132636941252057
