user_id,Precision@20 - macro,Recall@20 - macro,F1@20 - macro,NDCG@20,MRR@20,Gini - Top 20,CatalogCoverage - Top 20,DeltaGap - Top 20 | Blockbuster,DeltaGap - Top 20 | Niche,DeltaGap - Top 20 | Diverse
sys - fold1,0.02383672793508859,0.032921128640134426,0.021420886865307166,0.14464311861450765,0.07679274984972934,0.5898362701265305,91.74,-0.17850493122565353,-0.36174511478286386,-0.6485205236622621
sys - mean,0.02383672793508859,0.032921128640134426,0.021420886865307166,0.14464311861450765,0.07679274984972934,0.5898362701265305,91.74,-0.17850493122565353,-0.36174511478286386,-0.6485205236622621
