user_id,Precision@10 - macro,Recall@10 - macro,F1@10 - macro,NDCG@10,MRR@10,Gini - Top 10,CatalogCoverage - Top 10,DeltaGap - Top 10 | Blockbuster,DeltaGap - Top 10 | Niche,DeltaGap - Top 10 | Diverse
sys - fold1,0.055688027819175354,0.03318310001948711,0.03403420825911363,0.16328893534499372,0.1479940571470626,0.7094365244332889,82.03,0.09794908029487721,-0.15425813720756845,-0.507235646953094
sys - mean,0.055688027819175354,0.03318310001948711,0.03403420825911363,0.16328893534499372,0.1479940571470626,0.7094365244332889,82.03,0.09794908029487721,-0.15425813720756845,-0.507235646953094
