user_id,Precision@10 - macro,Recall@10 - macro,F1@10 - macro,NDCG@10,MRR@10,Gini - Top 10,CatalogCoverage - Top 10,DeltaGap - Top 10 | Blockbuster,DeltaGap - Top 10 | Niche,DeltaGap - Top 10 | Diverse
sys - fold1,0.02493790362642822,0.01796014430854788,0.016110615094845838,0.09506974087909616,0.06895030187379914,0.6065674995824455,87.4,-0.09947845998522144,-0.3424025072407168,-0.6604257512268296
sys - mean,0.02493790362642822,0.01796014430854788,0.016110615094845838,0.09506974087909616,0.06895030187379914,0.6065674995824455,87.4,-0.09947845998522144,-0.3424025072407168,-0.6604257512268296
