user_id,Precision@20 - macro,Recall@20 - macro,F1@20 - macro,NDCG@20,MRR@20,Gini - Top 20,CatalogCoverage - Top 20,DeltaGap - Top 20 | Blockbuster,DeltaGap - Top 20 | Niche,DeltaGap - Top 20 | Diverse
sys - fold1,0.04816194734227521,0.054505166646650095,0.0414669156593416,0.23589893214971866,0.15584486497397393,0.704800606472085,89.48,0.0059252027885818345,-0.20233838136398552,-0.5143711106570285
sys - mean,0.04816194734227521,0.054505166646650095,0.0414669156593416,0.23589893214971866,0.15584486497397393,0.704800606472085,89.48,0.0059252027885818345,-0.20233838136398552,-0.5143711106570285
