user_id,Precision@10 - macro,Recall@10 - macro,F1@10 - macro,NDCG@10,MRR@10,Gini - Top 10,CatalogCoverage - Top 10,DeltaGap - Top 10 | Blockbuster,DeltaGap - Top 10 | Niche,DeltaGap - Top 10 | Diverse
sys - fold1,0.056400066236131814,0.0352631457411577,0.035173334740995175,0.16941067200793272,0.15409829494528948,0.7895012696067933,73.61,0.06257010008428365,-0.14082701266245184,-0.42330859780826063
sys - mean,0.056400066236131814,0.0352631457411577,0.035173334740995175,0.16941067200793272,0.15409829494528948,0.7895012696067933,73.61,0.06257010008428365,-0.14082701266245184,-0.42330859780826063
