user_id,Precision@10 - macro,Recall@10 - macro,F1@10 - macro,NDCG@10,MRR@10,Gini - Top 10,CatalogCoverage - Top 10,DeltaGap - Top 10 | Blockbuster,DeltaGap - Top 10 | Niche,DeltaGap - Top 10 | Diverse
sys - fold1,0.6101648402186481,0.5975403959509983,0.5326535659869682,0.937004436740223,0.8151469699358772,0.7307097128679372,70.08,0.15020249845791997,0.13380592418677087,0.0812784493928723
sys - mean,0.6101648402186481,0.5975403959509983,0.5326535659869682,0.937004436740223,0.8151469699358772,0.7307097128679372,70.08,0.15020249845791997,0.13380592418677087,0.0812784493928723
