user_id,Precision@10 - macro,Recall@10 - macro,F1@10 - macro,NDCG@10,MRR@10,Gini - Top 10,CatalogCoverage - Top 10,DeltaGap - Top 10 | Blockbuster,DeltaGap - Top 10 | Niche,DeltaGap - Top 10 | Diverse
sys - fold1,0.657641270892637,0.6188145594037417,0.5591642846532361,0.9481009285582803,0.8683525339263045,0.7034631143775936,73.88,0.22326804432729,0.2059836703871717,0.11042392384576889
sys - mean,0.657641270892637,0.6188145594037417,0.5591642846532361,0.9481009285582803,0.8683525339263045,0.7034631143775936,73.88,0.22326804432729,0.2059836703871717,0.11042392384576889
