user_id,Precision@10 - macro,Recall@10 - macro,F1@10 - macro,NDCG@10,MRR@10,Gini - Top 10,CatalogCoverage - Top 10,DeltaGap - Top 10 | Blockbuster,DeltaGap - Top 10 | Niche,DeltaGap - Top 10 | Diverse
sys - fold1,0.558217203741384,0.5676264889813386,0.4963176111117195,0.9232666073239976,0.731860452583374,0.6364137369166045,82.08,0.04802025651493521,0.029220181428047963,-0.0305810293824467
sys - mean,0.558217203741384,0.5676264889813386,0.4963176111117195,0.9232666073239976,0.731860452583374,0.6364137369166045,82.08,0.04802025651493521,0.029220181428047963,-0.0305810293824467
