user_id,Precision@5 - macro,Recall@5 - macro,F1@5 - macro,NDCG@5,MRR@5,Gini - Top 5,CatalogCoverage - Top 5,DeltaGap - Top 5 | Blockbuster,DeltaGap - Top 5 | Niche,DeltaGap - Top 5 | Diverse
sys - fold1,0.6179003146216261,0.37704382025582767,0.3954032969436756,0.8508256282344174,0.7908042170337252,0.6586780831124375,67.38,0.15365040076305703,0.10812711240645695,-0.012450933206291336
sys - mean,0.6179003146216261,0.37704382025582767,0.3954032969436756,0.8508256282344174,0.7908042170337252,0.6586780831124375,67.38,0.15365040076305703,0.10812711240645695,-0.012450933206291336
