user_id,Precision@10 - macro,Recall@10 - macro,F1@10 - macro,NDCG@10,MRR@10,Gini - Top 10,CatalogCoverage - Top 10,DeltaGap - Top 10 | Blockbuster,DeltaGap - Top 10 | Niche,DeltaGap - Top 10 | Diverse
sys - fold1,0.6255504309891727,0.6004020635335615,0.5380766474126554,0.9384261724877833,0.8201812651109008,0.6774276202612701,76.47,0.1364255770522136,0.10639702956289492,0.05045193020367483
sys - mean,0.6255504309891727,0.6004020635335615,0.5380766474126554,0.9384261724877833,0.8201812651109008,0.6774276202612701,76.47,0.1364255770522136,0.10639702956289492,0.05045193020367483
