user_id,Precision@5 - macro,Recall@5 - macro,F1@5 - macro,NDCG@5,MRR@5,Gini - Top 5,CatalogCoverage - Top 5,DeltaGap - Top 5 | Blockbuster,DeltaGap - Top 5 | Niche,DeltaGap - Top 5 | Diverse
sys - fold1,0.7135033675610025,0.4150399330773331,0.4433400852096139,0.8836906867929812,0.8711217842552721,0.710603439981436,63.36,0.4079867337655012,0.39647354010373714,0.0793829581338206
sys - mean,0.7135033675610025,0.4150399330773331,0.4433400852096139,0.8836906867929812,0.8711217842552721,0.710603439981436,63.36,0.4079867337655012,0.39647354010373714,0.0793829581338206
