user_id,Precision@10 - macro,Recall@10 - macro,F1@10 - macro,NDCG@10,MRR@10,Gini - Top 10,CatalogCoverage - Top 10,DeltaGap - Top 10 | Blockbuster,DeltaGap - Top 10 | Niche,DeltaGap - Top 10 | Diverse
sys - fold1,0.5654164695679597,0.5733375552361537,0.5024779192427988,0.9261237126726115,0.7480795358982445,0.6934676133923298,74.8,0.0390149958973355,0.017548158377075594,-0.042060564877955994
sys - mean,0.5654164695679597,0.5733375552361537,0.5024779192427988,0.9261237126726115,0.7480795358982445,0.6934676133923298,74.8,0.0390149958973355,0.017548158377075594,-0.042060564877955994
