user_id,Precision@5 - macro,Recall@5 - macro,F1@5 - macro,NDCG@5,MRR@5,Gini - Top 5,CatalogCoverage - Top 5,DeltaGap - Top 5 | Blockbuster,DeltaGap - Top 5 | Niche,DeltaGap - Top 5 | Diverse
sys - fold1,0.5863779397151374,0.36176513136878674,0.3762788923839898,0.8411460877433964,0.7481147178977586,0.6326934181448982,71.88,0.17099653938106207,0.08871033456017241,-0.048780094347240906
sys - mean,0.5863779397151374,0.36176513136878674,0.3762788923839898,0.8411460877433964,0.7481147178977586,0.6326934181448982,71.88,0.17099653938106207,0.08871033456017241,-0.048780094347240906
