user_id,Precision@5 - macro,Recall@5 - macro,F1@5 - macro,NDCG@5,MRR@5,Gini - Top 5,CatalogCoverage - Top 5,DeltaGap - Top 5 | Blockbuster,DeltaGap - Top 5 | Niche,DeltaGap - Top 5 | Diverse
sys - fold1,0.5875579470198675,0.35891050517209544,0.3746507628020771,0.8379309569425601,0.7420005518763797,0.6271955157527298,71.61,0.1625251372740129,0.08817515721486249,-0.062335375106452914
sys - mean,0.5875579470198675,0.35891050517209544,0.3746507628020771,0.8379309569425601,0.7420005518763797,0.6271955157527298,71.61,0.1625251372740129,0.08817515721486249,-0.062335375106452914
