user_id,Precision@10 - macro,Recall@10 - macro,F1@10 - macro,NDCG@10,MRR@10,Gini - Top 10,CatalogCoverage - Top 10,DeltaGap - Top 10 | Blockbuster,DeltaGap - Top 10 | Niche,DeltaGap - Top 10 | Diverse
sys - fold1,0.5860471197308945,0.5728900600378137,0.5075196181966649,0.9263830753014196,0.7447809576369178,0.6457010963682227,80.03,0.07344348145356475,0.04986144925241053,-0.019680510588502394
sys - mean,0.5860471197308945,0.5728900600378137,0.5075196181966649,0.9263830753014196,0.7447809576369178,0.6457010963682227,80.03,0.07344348145356475,0.04986144925241053,-0.019680510588502394
