user_id,Precision@5 - macro,Recall@5 - macro,F1@5 - macro,NDCG@5,MRR@5,Gini - Top 5,CatalogCoverage - Top 5,DeltaGap - Top 5 | Blockbuster,DeltaGap - Top 5 | Niche,DeltaGap - Top 5 | Diverse
sys - fold1,0.7037346803577343,0.41301053895597767,0.43918870916717356,0.8818601603639403,0.8632107761952083,0.7023291636019938,63.25,0.4028406213994762,0.36525365073284083,0.07350967973302645
sys - mean,0.7037346803577343,0.41301053895597767,0.43918870916717356,0.8818601603639403,0.8632107761952083,0.7023291636019938,63.25,0.4028406213994762,0.36525365073284083,0.07350967973302645
