user_id,Precision@10 - macro,Recall@10 - macro,F1@10 - macro,NDCG@10,MRR@10,Gini - Top 10,CatalogCoverage - Top 10,DeltaGap - Top 10 | Blockbuster,DeltaGap - Top 10 | Niche,DeltaGap - Top 10 | Diverse
sys - fold1,0.6623870765947268,0.6188083891820775,0.5588266706896329,0.9474937059025779,0.8608942009215235,0.7137306985394251,73.88,0.270596547072237,0.22642196664393652,0.08394052347058861
sys - mean,0.6623870765947268,0.6188083891820775,0.5588266706896329,0.9474937059025779,0.8608942009215235,0.7137306985394251,73.88,0.270596547072237,0.22642196664393652,0.08394052347058861
