user_id,Precision@10 - macro,Recall@10 - macro,F1@10 - macro,NDCG@10,MRR@10,Gini - Top 10,CatalogCoverage - Top 10,DeltaGap - Top 10 | Blockbuster,DeltaGap - Top 10 | Niche,DeltaGap - Top 10 | Diverse
sys - fold1,0.5805889364632534,0.5728803335837669,0.5058284447852021,0.926666771965227,0.7487752886659991,0.6443176655843261,80.36,0.06432400331402954,0.04510077357155633,-0.019821420272809018
sys - mean,0.5805889364632534,0.5728803335837669,0.5058284447852021,0.926666771965227,0.7487752886659991,0.6443176655843261,80.36,0.06432400331402954,0.04510077357155633,-0.019821420272809018
