user_id,Precision@10 - macro,Recall@10 - macro,F1@10 - macro,NDCG@10,MRR@10,Gini - Top 10,CatalogCoverage - Top 10,DeltaGap - Top 10 | Blockbuster,DeltaGap - Top 10 | Niche,DeltaGap - Top 10 | Diverse
sys - fold1,0.5707544677360842,0.574263499862031,0.5043157354498761,0.9272936676579926,0.7623744722577118,0.6492112461997084,80.44,0.04932376676696007,0.041010289500547505,-0.01404462997833388
sys - mean,0.5707544677360842,0.574263499862031,0.5043157354498761,0.9272936676579926,0.7623744722577118,0.6492112461997084,80.44,0.04932376676696007,0.041010289500547505,-0.01404462997833388
