user_id,Precision@5 - macro,Recall@5 - macro,F1@5 - macro,NDCG@5,MRR@5,Gini - Top 5,CatalogCoverage - Top 5,DeltaGap - Top 5 | Blockbuster,DeltaGap - Top 5 | Niche,DeltaGap - Top 5 | Diverse
sys - fold1,0.5872019867549668,0.37008469541898686,0.38429624951461505,0.8404251703208607,0.765491169977925,0.7425378750710956,54.43,0.14926969049516467,0.11829490585729202,0.0006944497891281366
sys - mean,0.5872019867549668,0.37008469541898686,0.38429624951461505,0.8404251703208607,0.765491169977925,0.7425378750710956,54.43,0.14926969049516467,0.11829490585729202,0.0006944497891281366
