user_id,Precision@5 - macro,Recall@5 - macro,F1@5 - macro,NDCG@5,MRR@5,Gini - Top 5,CatalogCoverage - Top 5,DeltaGap - Top 5 | Blockbuster,DeltaGap - Top 5 | Niche,DeltaGap - Top 5 | Diverse
sys - fold1,0.5850248344370861,0.3683597184591841,0.38261139380706194,0.8414215964051837,0.7643929359823399,0.7500326497478755,53.94,0.18100825694708472,0.13914339782358345,0.030546183746026263
sys - mean,0.5850248344370861,0.3683597184591841,0.38261139380706194,0.8414215964051837,0.7643929359823399,0.7500326497478755,53.94,0.18100825694708472,0.13914339782358345,0.030546183746026263
