user_id,Precision@10 - macro,Recall@10 - macro,F1@10 - macro,NDCG@10,MRR@10,Gini - Top 10,CatalogCoverage - Top 10,DeltaGap - Top 10 | Blockbuster,DeltaGap - Top 10 | Niche,DeltaGap - Top 10 | Diverse
sys - fold1,0.5627551302071011,0.5705425281709627,0.49974183059049604,0.9249805951397139,0.7443311408697297,0.6351575558435018,82.92,0.040150856815664354,0.020813574916813866,-0.04837940908216988
sys - mean,0.5627551302071011,0.5705425281709627,0.49974183059049604,0.9249805951397139,0.7443311408697297,0.6351575558435018,82.92,0.040150856815664354,0.020813574916813866,-0.04837940908216988
