user_id,Precision@10 - macro,Recall@10 - macro,F1@10 - macro,NDCG@10,MRR@10,Gini - Top 10,CatalogCoverage - Top 10,DeltaGap - Top 10 | Blockbuster,DeltaGap - Top 10 | Niche,DeltaGap - Top 10 | Diverse
sys - fold1,0.6715416121179618,0.6230594981072466,0.5658091862707381,0.9484385678597282,0.8717009206244052,0.7103449144735896,74.55,0.2654356533012295,0.2136384472742069,0.07045240839111115
sys - mean,0.6715416121179618,0.6230594981072466,0.5658091862707381,0.9484385678597282,0.8717009206244052,0.7103449144735896,74.55,0.2654356533012295,0.2136384472742069,0.07045240839111115
