user_id,Precision@5 - macro,Recall@5 - macro,F1@5 - macro,NDCG@5,MRR@5,Gini - Top 5,CatalogCoverage - Top 5,DeltaGap - Top 5 | Blockbuster,DeltaGap - Top 5 | Niche,DeltaGap - Top 5 | Diverse
sys - fold1,0.7020864381520119,0.41102838635668293,0.4367537423324151,0.8811920178052336,0.8600513330021528,0.7130440958797525,62.66,0.42535421859668143,0.4058652932575454,0.08589571791492474
sys - mean,0.7020864381520119,0.41102838635668293,0.4367537423324151,0.8811920178052336,0.8600513330021528,0.7130440958797525,62.66,0.42535421859668143,0.4058652932575454,0.08589571791492474
