user_id,Precision@10 - macro,Recall@10 - macro,F1@10 - macro,NDCG@10,MRR@10,Gini - Top 10,CatalogCoverage - Top 10,DeltaGap - Top 10 | Blockbuster,DeltaGap - Top 10 | Niche,DeltaGap - Top 10 | Diverse
sys - fold1,0.6222688843672612,0.600356736805381,0.5368497558097209,0.9384427837236512,0.8173803346004407,0.6783715012524221,75.53,0.13079468083445556,0.11598038153952524,0.05564676718994246
sys - mean,0.6222688843672612,0.600356736805381,0.5368497558097209,0.9384427837236512,0.8173803346004407,0.6783715012524221,75.53,0.13079468083445556,0.11598038153952524,0.05564676718994246
