user_id,Precision@5 - macro,Recall@5 - macro,F1@5 - macro,NDCG@5,MRR@5,Gini - Top 5,CatalogCoverage - Top 5,DeltaGap - Top 5 | Blockbuster,DeltaGap - Top 5 | Niche,DeltaGap - Top 5 | Diverse
sys - fold1,0.5656011924478304,0.3621230372021463,0.37333743672336195,0.8343265007646703,0.7416501048912444,0.616931266097193,75.63,0.10778608047241178,0.03601766535504189,-0.09818928761207511
sys - mean,0.5656011924478304,0.3621230372021463,0.37333743672336195,0.8343265007646703,0.7416501048912444,0.616931266097193,75.63,0.10778608047241178,0.03601766535504189,-0.09818928761207511
