user_id,Precision@10 - macro,Recall@10 - macro,F1@10 - macro,NDCG@10,MRR@10,Gini - Top 10,CatalogCoverage - Top 10,DeltaGap - Top 10 | Blockbuster,DeltaGap - Top 10 | Niche,DeltaGap - Top 10 | Diverse
sys - fold1,0.5904098776531701,0.5793362344111868,0.5155853256772165,0.9297733965866308,0.7639960803798167,0.6426810018367152,80.6,0.06753567146944872,0.03622124795732739,-0.0365338556706803
sys - mean,0.5904098776531701,0.5793362344111868,0.5155853256772165,0.9297733965866308,0.7639960803798167,0.6426810018367152,80.6,0.06753567146944872,0.03622124795732739,-0.0365338556706803
