user_id,Precision@10 - macro,Recall@10 - macro,F1@10 - macro,NDCG@10,MRR@10,Gini - Top 10,CatalogCoverage - Top 10,DeltaGap - Top 10 | Blockbuster,DeltaGap - Top 10 | Niche,DeltaGap - Top 10 | Diverse
sys - fold1,0.5795772232734153,0.5799675019798137,0.5110699611142211,0.930349681477567,0.7746816198885735,0.7269082615205598,71.37,0.09186493858349008,0.0827084262000179,0.0382321682820986
sys - mean,0.5795772232734153,0.5799675019798137,0.5110699611142211,0.930349681477567,0.7746816198885735,0.7269082615205598,71.37,0.09186493858349008,0.0827084262000179,0.0382321682820986
