user_id,Precision@5 - macro,Recall@5 - macro,F1@5 - macro,NDCG@5,MRR@5,Gini - Top 5,CatalogCoverage - Top 5,DeltaGap - Top 5 | Blockbuster,DeltaGap - Top 5 | Niche,DeltaGap - Top 5 | Diverse
sys - fold1,0.5919757174392936,0.3731333268215224,0.38704792752488276,0.844029689634455,0.7729470198675498,0.7478957195710405,53.8,0.18091721031344288,0.1646368846657372,0.035037172691280254
sys - mean,0.5919757174392936,0.3731333268215224,0.38704792752488276,0.844029689634455,0.7729470198675498,0.7478957195710405,53.8,0.18091721031344288,0.1646368846657372,0.035037172691280254
