user_id,Precision@10 - macro,Recall@10 - macro,F1@10 - macro,NDCG@10,MRR@10,Gini - Top 10,CatalogCoverage - Top 10,DeltaGap - Top 10 | Blockbuster,DeltaGap - Top 10 | Niche,DeltaGap - Top 10 | Diverse
sys - fold1,0.5784152606958898,0.5786880048648404,0.5105006060259645,0.9304360262388001,0.7677658861557867,0.6686580821075089,77.71,0.06347534585198096,0.0252544481828284,-0.061733741055624555
sys - mean,0.5784152606958898,0.5786880048648404,0.5105006060259645,0.9304360262388001,0.7677658861557867,0.6686580821075089,77.71,0.06347534585198096,0.0252544481828284,-0.061733741055624555
