user_id,Precision@10 - macro,Recall@10 - macro,F1@10 - macro,NDCG@10,MRR@10,Gini - Top 10,CatalogCoverage - Top 10,DeltaGap - Top 10 | Blockbuster,DeltaGap - Top 10 | Niche,DeltaGap - Top 10 | Diverse
sys - fold1,0.5833609317215875,0.5722756343015816,0.5071450345284129,0.926290828466234,0.7471189253976139,0.6443815790759576,79.33,0.08458308087939115,0.04964032884181365,-0.019606372667586865
sys - mean,0.5833609317215875,0.5722756343015816,0.5071450345284129,0.926290828466234,0.7471189253976139,0.6443815790759576,79.33,0.08458308087939115,0.04964032884181365,-0.019606372667586865
