user_id,Precision@10 - macro,Recall@10 - macro,F1@10 - macro,NDCG@10,MRR@10,Gini - Top 10,CatalogCoverage - Top 10,DeltaGap - Top 10 | Blockbuster,DeltaGap - Top 10 | Niche,DeltaGap - Top 10 | Diverse
sys - fold1,0.6278471252672014,0.6042681162604,0.5411542319948341,0.9407298636805324,0.8321556091930449,0.6784615252412981,75.96,0.14466567035558958,0.11398486583286044,0.05716625743795133
sys - mean,0.6278471252672014,0.6042681162604,0.5411542319948341,0.9407298636805324,0.8321556091930449,0.6784615252412981,75.96,0.14466567035558958,0.11398486583286044,0.05716625743795133
