user_id,Precision@10 - macro,Recall@10 - macro,F1@10 - macro,NDCG@10,MRR@10,Gini - Top 10,CatalogCoverage - Top 10,DeltaGap - Top 10 | Blockbuster,DeltaGap - Top 10 | Niche,DeltaGap - Top 10 | Diverse
sys - fold1,0.6700309101948446,0.623338085970947,0.5656647536730055,0.9484882767060719,0.8715042698649256,0.706177574399655,74.12,0.2692334449646945,0.20380899024394686,0.06528196658290407
sys - mean,0.6700309101948446,0.623338085970947,0.5656647536730055,0.9484882767060719,0.8715042698649256,0.706177574399655,74.12,0.2692334449646945,0.20380899024394686,0.06528196658290407
