user_id,Precision@5 - macro,Recall@5 - macro,F1@5 - macro,NDCG@5,MRR@5,Gini - Top 5,CatalogCoverage - Top 5,DeltaGap - Top 5 | Blockbuster,DeltaGap - Top 5 | Niche,DeltaGap - Top 5 | Diverse
sys - fold1,0.7086051774576364,0.413191252613311,0.44137723008135804,0.8830541586928411,0.8708395429706905,0.7046864597709483,63.79,0.4100327221307353,0.3855474932835223,0.061743472015344136
sys - mean,0.7086051774576364,0.413191252613311,0.44137723008135804,0.8830541586928411,0.8708395429706905,0.7046864597709483,63.79,0.4100327221307353,0.3855474932835223,0.061743472015344136
