user_id,Precision@10 - macro,Recall@10 - macro,F1@10 - macro,NDCG@10,MRR@10,Gini - Top 10,CatalogCoverage - Top 10,DeltaGap - Top 10 | Blockbuster,DeltaGap - Top 10 | Niche,DeltaGap - Top 10 | Diverse
sys - fold1,0.5969505302396988,0.5880298637083315,0.5215858380977042,0.9332822895223243,0.7938253495060384,0.6510695891708785,78.76,0.0703216059939565,0.05008076535801849,-0.013019131997720887
sys - mean,0.5969505302396988,0.5880298637083315,0.5215858380977042,0.9332822895223243,0.7938253495060384,0.6510695891708785,78.76,0.0703216059939565,0.05008076535801849,-0.013019131997720887
