user_id,Precision@5 - macro,Recall@5 - macro,F1@5 - macro,NDCG@5,MRR@5,Gini - Top 5,CatalogCoverage - Top 5,DeltaGap - Top 5 | Blockbuster,DeltaGap - Top 5 | Niche,DeltaGap - Top 5 | Diverse
sys - fold1,0.5892328918322295,0.3737869590832739,0.3880457047796028,0.8456717790475586,0.764933774834437,0.6699010026538172,66.78,0.13182424196096673,0.0566025474969217,-0.09117090163390396
sys - mean,0.5892328918322295,0.3737869590832739,0.3880457047796028,0.8456717790475586,0.764933774834437,0.6699010026538172,66.78,0.13182424196096673,0.0566025474969217,-0.09117090163390396
