user_id,Precision@5 - macro,Recall@5 - macro,F1@5 - macro,NDCG@5,MRR@5,Gini - Top 5,CatalogCoverage - Top 5,DeltaGap - Top 5 | Blockbuster,DeltaGap - Top 5 | Niche,DeltaGap - Top 5 | Diverse
sys - fold1,0.5860352155434122,0.3607650384283341,0.3762352145831306,0.8374299484537228,0.7437931224816471,0.6266544098435359,71.18,0.1667092175915945,0.0926617647941046,-0.05935740458384393
sys - mean,0.5860352155434122,0.3607650384283341,0.3762352145831306,0.8374299484537228,0.7437931224816471,0.6266544098435359,71.18,0.1667092175915945,0.0926617647941046,-0.05935740458384393
