user_id,Precision@5 - macro,Recall@5 - macro,F1@5 - macro,NDCG@5,MRR@5,Gini - Top 5,CatalogCoverage - Top 5,DeltaGap - Top 5 | Blockbuster,DeltaGap - Top 5 | Niche,DeltaGap - Top 5 | Diverse
sys - fold1,0.6547181271050743,0.39567585407905753,0.4170895593574256,0.8662593284756794,0.8311854673955055,0.6813538267643484,65.65,0.2618806792036531,0.211478377721942,0.05736586167900083
sys - mean,0.6547181271050743,0.39567585407905753,0.4170895593574256,0.8662593284756794,0.8311854673955055,0.6813538267643484,65.65,0.2618806792036531,0.211478377721942,0.05736586167900083
