user_id,Precision@10 - macro,Recall@10 - macro,F1@10 - macro,NDCG@10,MRR@10,Gini - Top 10,CatalogCoverage - Top 10,DeltaGap - Top 10 | Blockbuster,DeltaGap - Top 10 | Niche,DeltaGap - Top 10 | Diverse
sys - fold1,0.5719843240828341,0.5756208631400305,0.5064294536025733,0.9271527388997746,0.76233062651109,0.7336184364870182,69.48,0.12005521257136714,0.10044095313122439,0.0704310606776773
sys - mean,0.5719843240828341,0.5756208631400305,0.5064294536025733,0.9271527388997746,0.76233062651109,0.7336184364870182,69.48,0.12005521257136714,0.10044095313122439,0.0704310606776773
