user_id,Precision@5 - macro,Recall@5 - macro,F1@5 - macro,NDCG@5,MRR@5,Gini - Top 5,CatalogCoverage - Top 5,DeltaGap - Top 5 | Blockbuster,DeltaGap - Top 5 | Niche,DeltaGap - Top 5 | Diverse
sys - fold1,0.5701275045537341,0.3590079421838976,0.3709947573851474,0.8342481018676592,0.7353976927747421,0.6278628987388017,70.56,0.1351246943670575,0.06261865721535592,-0.06850062685773879
sys - mean,0.5701275045537341,0.3590079421838976,0.3709947573851474,0.8342481018676592,0.7353976927747421,0.6278628987388017,70.56,0.1351246943670575,0.06261865721535592,-0.06850062685773879
