user_id,Precision@10 - macro,Recall@10 - macro,F1@10 - macro,NDCG@10,MRR@10,Gini - Top 10,CatalogCoverage - Top 10,DeltaGap - Top 10 | Blockbuster,DeltaGap - Top 10 | Niche,DeltaGap - Top 10 | Diverse
sys - fold1,0.5951292130253879,0.5821690556142893,0.5164035814785193,0.9312561241427906,0.7906045229815721,0.665627093737355,78.55,0.07865574712505512,0.061774263988283194,0.005583553830664332
sys - mean,0.5951292130253879,0.5821690556142893,0.5164035814785193,0.9312561241427906,0.7906045229815721,0.665627093737355,78.55,0.07865574712505512,0.061774263988283194,0.005583553830664332
