user_id,Precision@10 - macro,Recall@10 - macro,F1@10 - macro,NDCG@10,MRR@10,Gini - Top 10,CatalogCoverage - Top 10,DeltaGap - Top 10 | Blockbuster,DeltaGap - Top 10 | Niche,DeltaGap - Top 10 | Diverse
sys - fold1,0.5978614534625464,0.5847142603210121,0.5191597572273521,0.9323412881029788,0.8004715381764561,0.669134095959706,77.55,0.07307648711938135,0.061897039962483774,0.008953238813340807
sys - mean,0.5978614534625464,0.5847142603210121,0.5191597572273521,0.9323412881029788,0.8004715381764561,0.669134095959706,77.55,0.07307648711938135,0.061897039962483774,0.008953238813340807
