user_id,Precision@10 - macro,Recall@10 - macro,F1@10 - macro,NDCG@10,MRR@10,Gini - Top 10,CatalogCoverage - Top 10,DeltaGap - Top 10 | Blockbuster,DeltaGap - Top 10 | Niche,DeltaGap - Top 10 | Diverse
sys - fold1,0.6695418434570471,0.6250124830210169,0.5638208152150531,0.9522422169967144,0.8830789260608737,0.7163044734163687,71.8,0.2988595088236311,0.28573338699395334,0.10127680261508103
sys - mean,0.6695418434570471,0.6250124830210169,0.5638208152150531,0.9522422169967144,0.8830789260608737,0.7163044734163687,71.8,0.2988595088236311,0.28573338699395334,0.10127680261508103
