user_id,Precision@5 - macro,Recall@5 - macro,F1@5 - macro,NDCG@5,MRR@5,Gini - Top 5,CatalogCoverage - Top 5,DeltaGap - Top 5 | Blockbuster,DeltaGap - Top 5 | Niche,DeltaGap - Top 5 | Diverse
sys - fold1,0.7018708609271523,0.40451862748464235,0.43231968621696315,0.8775952929457499,0.8431732891832229,0.690102076333492,63.84,0.3590533465774242,0.3572369756719775,0.022135089120128213
sys - mean,0.7018708609271523,0.40451862748464235,0.43231968621696315,0.8775952929457499,0.8431732891832229,0.690102076333492,63.84,0.3590533465774242,0.3572369756719775,0.022135089120128213
