user_id,Precision@10 - macro,Recall@10 - macro,F1@10 - macro,NDCG@10,MRR@10,Gini - Top 10,CatalogCoverage - Top 10,DeltaGap - Top 10 | Blockbuster,DeltaGap - Top 10 | Niche,DeltaGap - Top 10 | Diverse
sys - fold1,0.002285525008280888,0.0012044543376663872,0.001264829304047416,0.020523543991133673,0.00805966971087872,0.8256944361015811,15.62,-0.7837850250269719,-0.8708344505342055,-0.9355548035657741
sys - mean,0.002285525008280888,0.0012044543376663872,0.001264829304047416,0.020523543991133673,0.00805966971087872,0.8256944361015811,15.62,-0.7837850250269719,-0.8708344505342055,-0.9355548035657741
