user_id,Precision@20 - macro,Recall@20 - macro,F1@20 - macro,NDCG@20,MRR@20,Gini - Top 20,CatalogCoverage - Top 20,DeltaGap - Top 20 | Blockbuster,DeltaGap - Top 20 | Niche,DeltaGap - Top 20 | Diverse
sys - fold1,0.0411341059602649,0.04442086890363801,0.034534815039212505,0.21154762429741514,0.1366916034715586,0.6806399227218264,96.2,-0.16157657378641538,-0.32957641075112487,-0.5863092323292178
sys - mean,0.0411341059602649,0.04442086890363801,0.034534815039212505,0.21154762429741514,0.1366916034715586,0.6806399227218264,96.2,-0.16157657378641538,-0.32957641075112487,-0.5863092323292178
