user_id,Precision@10 - macro,Recall@10 - macro,F1@10 - macro,NDCG@10,MRR@10,Gini - Top 10,CatalogCoverage - Top 10,DeltaGap - Top 10 | Blockbuster,DeltaGap - Top 10 | Niche,DeltaGap - Top 10 | Diverse
sys - fold1,0.007767472673070554,0.0044343783991667865,0.00446375589354297,0.04708266905547469,0.023073379180533867,0.45624749292663774,98.46,-0.5500551783027282,-0.6561462895882761,-0.7852638346015133
sys - mean,0.007767472673070554,0.0044343783991667865,0.00446375589354297,0.04708266905547469,0.023073379180533867,0.45624749292663774,98.46,-0.5500551783027282,-0.6561462895882761,-0.7852638346015133
