user_id,Precision@10 - macro,Recall@10 - macro,F1@10 - macro,NDCG@10,MRR@10,Gini - Top 10,CatalogCoverage - Top 10,DeltaGap - Top 10 | Blockbuster,DeltaGap - Top 10 | Niche,DeltaGap - Top 10 | Diverse
sys - fold1,0.04799668874172185,0.02757112429020962,0.02860119395523802,0.14493437847072305,0.12930930043098918,0.6952621070696917,89.23,-0.07140164691545432,-0.27771867689857155,-0.5751826456491111
sys - mean,0.04799668874172185,0.02757112429020962,0.02860119395523802,0.14493437847072305,0.12930930043098918,0.6952621070696917,89.23,-0.07140164691545432,-0.27771867689857155,-0.5751826456491111
