user_id,Precision@20 - macro,Recall@20 - macro,F1@20 - macro,NDCG@20,MRR@20,Gini - Top 20,CatalogCoverage - Top 20,DeltaGap - Top 20 | Blockbuster,DeltaGap - Top 20 | Niche,DeltaGap - Top 20 | Diverse
sys - fold1,0.02097682119205298,0.02574949997064981,0.018754728868403212,0.15950783938503238,0.06153335876762516,0.8593813309381451,33.32,-0.41385476710975005,-0.5375177330904305,-0.6595426341149144
sys - mean,0.02097682119205298,0.02574949997064981,0.018754728868403212,0.15950783938503238,0.06153335876762516,0.8593813309381451,33.32,-0.41385476710975005,-0.5375177330904305,-0.6595426341149144
