user_id,Precision@10 - macro,Recall@10 - macro,F1@10 - macro,NDCG@10,MRR@10,Gini - Top 10,CatalogCoverage - Top 10,DeltaGap - Top 10 | Blockbuster,DeltaGap - Top 10 | Niche,DeltaGap - Top 10 | Diverse
sys - fold1,0.004537175028978308,0.0017282025592377953,0.0019370057006541312,0.02127680236706072,0.008704991628488897,0.8273463216707748,38.07,-0.7566685647624564,-0.8627328473718652,-0.9258083754614848
sys - mean,0.004537175028978308,0.0017282025592377953,0.0019370057006541312,0.02127680236706072,0.008704991628488897,0.8273463216707748,38.07,-0.7566685647624564,-0.8627328473718652,-0.9258083754614848
