user_id,Precision@10 - macro,Recall@10 - macro,F1@10 - macro,NDCG@10,MRR@10,Gini - Top 10,CatalogCoverage - Top 10,DeltaGap - Top 10 | Blockbuster,DeltaGap - Top 10 | Niche,DeltaGap - Top 10 | Diverse
sys - fold1,0.09927152317880795,0.06476208146978969,0.06318224243690897,0.25505501847897927,0.25242076631977295,0.8474594976983932,26.9,0.5214151596277128,0.33641814547934273,0.018010826274907157
sys - mean,0.09927152317880795,0.06476208146978969,0.06318224243690897,0.25505501847897927,0.25242076631977295,0.8474594976983932,26.9,0.5214151596277128,0.33641814547934273,0.018010826274907157
