user_id,Precision@10 - macro,Recall@10 - macro,F1@10 - macro,NDCG@10,MRR@10,Gini - Top 10,CatalogCoverage - Top 10,DeltaGap - Top 10 | Blockbuster,DeltaGap - Top 10 | Niche,DeltaGap - Top 10 | Diverse
sys - fold1,0.03230667329027985,0.014614554782485278,0.016311306348946217,0.0985262999312936,0.08055148150776566,0.5383965345892068,94.39,-0.07894661232675552,-0.3940719209657281,-0.7355685903975188
sys - mean,0.03230667329027985,0.014614554782485278,0.016311306348946217,0.0985262999312936,0.08055148150776566,0.5383965345892068,94.39,-0.07894661232675552,-0.3940719209657281,-0.7355685903975188
