user_id,Precision@10 - macro,Recall@10 - macro,F1@10 - macro,NDCG@10,MRR@10,Gini - Top 10,CatalogCoverage - Top 10,DeltaGap - Top 10 | Blockbuster,DeltaGap - Top 10 | Niche,DeltaGap - Top 10 | Diverse
sys - fold1,0.0010765154024511428,0.0007136535576781653,0.0006392294635819954,0.014423172310509087,0.0023045184729517288,0.885553485002657,7.5,-0.9342000768070845,-0.9609848580718712,-0.9610654271192619
sys - mean,0.0010765154024511428,0.0007136535576781653,0.0006392294635819954,0.014423172310509087,0.0023045184729517288,0.885553485002657,7.5,-0.9342000768070845,-0.9609848580718712,-0.9610654271192619
