user_id,Precision@20 - macro,Recall@20 - macro,F1@20 - macro,NDCG@20,MRR@20,Gini - Top 20,CatalogCoverage - Top 20,DeltaGap - Top 20 | Blockbuster,DeltaGap - Top 20 | Niche,DeltaGap - Top 20 | Diverse
sys - fold1,0.00546448087431694,0.004064020333843008,0.0035957415880674675,0.03516633359773556,0.01128838978353127,0.8038516942789312,57.96,-0.7183497392775609,-0.8255786166208979,-0.9112369606050359
sys - mean,0.00546448087431694,0.004064020333843008,0.0035957415880674675,0.03516633359773556,0.01128838978353127,0.8038516942789312,57.96,-0.7183497392775609,-0.8255786166208979,-0.9112369606050359
