user_id,Precision@10 - macro,Recall@10 - macro,F1@10 - macro,NDCG@10,MRR@10,Gini - Top 10,CatalogCoverage - Top 10,DeltaGap - Top 10 | Blockbuster,DeltaGap - Top 10 | Niche,DeltaGap - Top 10 | Diverse
sys - fold1,0.048509440211990724,0.028431678186665626,0.029421670053637466,0.148650044391006,0.13295760448377208,0.7010070757938338,86.51,0.0060149216477371975,-0.2725279033222455,-0.5739917690072849
sys - mean,0.048509440211990724,0.028431678186665626,0.029421670053637466,0.148650044391006,0.13295760448377208,0.7010070757938338,86.51,0.0060149216477371975,-0.2725279033222455,-0.5739917690072849
