user_id,Precision@20 - macro,Recall@20 - macro,F1@20 - macro,NDCG@20,MRR@20,Gini - Top 20,CatalogCoverage - Top 20,DeltaGap - Top 20 | Blockbuster,DeltaGap - Top 20 | Niche,DeltaGap - Top 20 | Diverse
sys - fold1,0.041652865187148065,0.04755382339526202,0.0359731715306304,0.21492823448188692,0.14078441016150153,0.6865056854539632,94.63,-0.10969857369760282,-0.3190695965318485,-0.5867555025032931
sys - mean,0.041652865187148065,0.04755382339526202,0.0359731715306304,0.21492823448188692,0.14078441016150153,0.6865056854539632,94.63,-0.10969857369760282,-0.3190695965318485,-0.5867555025032931
