user_id,Precision@10 - macro,Recall@10 - macro,F1@10 - macro,NDCG@10,MRR@10,Gini - Top 10,CatalogCoverage - Top 10,DeltaGap - Top 10 | Blockbuster,DeltaGap - Top 10 | Niche,DeltaGap - Top 10 | Diverse
sys - fold1,0.034045371750289787,0.01436845996533941,0.01699711933673698,0.10232617409135145,0.08289465038098917,0.5385749093477431,92.55,-0.06577695270826726,-0.3683957990747385,-0.7235793193445803
sys - mean,0.034045371750289787,0.01436845996533941,0.01699711933673698,0.10232617409135145,0.08289465038098917,0.5385749093477431,92.55,-0.06577695270826726,-0.3683957990747385,-0.7235793193445803
