user_id,Precision@10 - macro,Recall@10 - macro,F1@10 - macro,NDCG@10,MRR@10,Gini - Top 10,CatalogCoverage - Top 10,DeltaGap - Top 10 | Blockbuster,DeltaGap - Top 10 | Niche,DeltaGap - Top 10 | Diverse
sys - fold1,0.002102997184964398,0.0007759550754985952,0.0009097604166153561,0.01433739368795723,0.004077858995891782,0.8208498875859646,23.37,-0.8366730034987,-0.9228500465261756,-0.9275176725478667
sys - mean,0.002102997184964398,0.0007759550754985952,0.0009097604166153561,0.01433739368795723,0.004077858995891782,0.8208498875859646,23.37,-0.8366730034987,-0.9228500465261756,-0.9275176725478667
