user_id,Precision@10 - macro,Recall@10 - macro,F1@10 - macro,NDCG@10,MRR@10,Gini - Top 10,CatalogCoverage - Top 10,DeltaGap - Top 10 | Blockbuster,DeltaGap - Top 10 | Niche,DeltaGap - Top 10 | Diverse
sys - fold1,0.10326158940397352,0.07109971989673528,0.06791785110003869,0.26790358439032647,0.27688380374224747,0.8352598984833886,29.11,0.6391445411834933,0.33224541613456937,0.04737324412899861
sys - mean,0.10326158940397352,0.07109971989673528,0.06791785110003869,0.26790358439032647,0.27688380374224747,0.8352598984833886,29.11,0.6391445411834933,0.33224541613456937,0.04737324412899861
