user_id,Precision@20 - macro,Recall@20 - macro,F1@20 - macro,NDCG@20,MRR@20,Gini - Top 20,CatalogCoverage - Top 20,DeltaGap - Top 20 | Blockbuster,DeltaGap - Top 20 | Niche,DeltaGap - Top 20 | Diverse
sys - fold1,0.0030303030303030303,0.0023088906105322294,0.0020231589742479295,0.02356255106120396,0.005901798842152487,0.8050538989313379,40.29,-0.8087145376860806,-0.8658781997366579,-0.9231493177624812
sys - mean,0.0030303030303030303,0.0023088906105322294,0.0020231589742479295,0.02356255106120396,0.005901798842152487,0.8050538989313379,40.29,-0.8087145376860806,-0.8658781997366579,-0.9231493177624812
