user_id,Precision@10 - macro,Recall@10 - macro,F1@10 - macro,NDCG@10,MRR@10,Gini - Top 10,CatalogCoverage - Top 10,DeltaGap - Top 10 | Blockbuster,DeltaGap - Top 10 | Niche,DeltaGap - Top 10 | Diverse
sys - fold1,0.0655572114588508,0.03870523003115555,0.03980569140331029,0.18334150447926056,0.17217944472042832,0.7378574121201946,81.68,0.2414143897001706,-0.05649185316090066,-0.4387322538754998
sys - mean,0.0655572114588508,0.03870523003115555,0.03980569140331029,0.18334150447926056,0.17217944472042832,0.7378574121201946,81.68,0.2414143897001706,-0.05649185316090066,-0.4387322538754998
