user_id,Precision@20 - macro,Recall@20 - macro,F1@20 - macro,NDCG@20,MRR@20,Gini - Top 20,CatalogCoverage - Top 20,DeltaGap - Top 20 | Blockbuster,DeltaGap - Top 20 | Niche,DeltaGap - Top 20 | Diverse
sys - fold1,0.05548931942374566,0.06386049993843448,0.04791663337241403,0.2615104821903634,0.18016787547000607,0.7260315930782544,89.56,0.07759592207293566,-0.11399981253906749,-0.46972098963299097
sys - mean,0.05548931942374566,0.06386049993843448,0.04791663337241403,0.2615104821903634,0.18016787547000607,0.7260315930782544,89.56,0.07759592207293566,-0.11399981253906749,-0.46972098963299097
