user_id,Precision@5 - macro,Recall@5 - macro,F1@5 - macro,NDCG@5,MRR@5,Gini - Top 5,CatalogCoverage - Top 5,DeltaGap - Top 5 | Blockbuster,DeltaGap - Top 5 | Niche,DeltaGap - Top 5 | Diverse
sys - fold1,0.5808112582781457,0.3693197808331327,0.3814909386003192,0.8405097441103445,0.7691501103752758,0.73902238542941,55.5,0.16463008719916242,0.12554516855527656,0.01006589266500318
sys - mean,0.5808112582781457,0.3693197808331327,0.3814909386003192,0.8405097441103445,0.7691501103752758,0.73902238542941,55.5,0.16463008719916242,0.12554516855527656,0.01006589266500318
