user_id,Precision@5 - macro,Recall@5 - macro,F1@5 - macro,NDCG@5,MRR@5,Gini - Top 5,CatalogCoverage - Top 5,DeltaGap - Top 5 | Blockbuster,DeltaGap - Top 5 | Niche,DeltaGap - Top 5 | Diverse
sys - fold1,0.5899470023186485,0.3704467340166071,0.3840679448552372,0.844590079197206,0.769769239262449,0.6359575066766054,72.64,0.1416228601760555,0.08626465242593598,-0.04435650287438636
sys - mean,0.5899470023186485,0.3704467340166071,0.3840679448552372,0.844590079197206,0.769769239262449,0.6359575066766054,72.64,0.1416228601760555,0.08626465242593598,-0.04435650287438636
