user_id,Precision@10 - macro,Recall@10 - macro,F1@10 - macro,NDCG@10,MRR@10,Gini - Top 10,CatalogCoverage - Top 10,DeltaGap - Top 10 | Blockbuster,DeltaGap - Top 10 | Niche,DeltaGap - Top 10 | Diverse
sys - fold1,0.6705835435719542,0.6191449130615244,0.562363546544058,0.9433202074302521,0.836704246820141,0.712662324301367,73.56,0.2563753984161814,0.20944496034648702,0.08477524134338095
sys - mean,0.6705835435719542,0.6191449130615244,0.562363546544058,0.9433202074302521,0.836704246820141,0.712662324301367,73.56,0.2563753984161814,0.20944496034648702,0.08477524134338095
