user_id,Precision@5 - macro,Recall@5 - macro,F1@5 - macro,NDCG@5,MRR@5,Gini - Top 5,CatalogCoverage - Top 5,DeltaGap - Top 5 | Blockbuster,DeltaGap - Top 5 | Niche,DeltaGap - Top 5 | Diverse
sys - fold1,0.6049180327868852,0.3673568470831188,0.3844845019772621,0.8461003851188827,0.7696334934039852,0.621266385899996,72.37,0.15216785619922787,0.07790960243668696,-0.08108501722062715
sys - mean,0.6049180327868852,0.3673568470831188,0.3844845019772621,0.8461003851188827,0.7696334934039852,0.621266385899996,72.37,0.15216785619922787,0.07790960243668696,-0.08108501722062715
