user_id,Precision@10 - macro,Recall@10 - macro,F1@10 - macro,NDCG@10,MRR@10,Gini - Top 10,CatalogCoverage - Top 10,DeltaGap - Top 10 | Blockbuster,DeltaGap - Top 10 | Niche,DeltaGap - Top 10 | Diverse
sys - fold1,0.6596984968217164,0.6124773468412895,0.5549090096719476,0.9417954268917306,0.8243178783051258,0.6977246307248578,73.88,0.22254208808676212,0.16082963211560486,0.05855801599176188
sys - mean,0.6596984968217164,0.6124773468412895,0.5549090096719476,0.9417954268917306,0.8243178783051258,0.6977246307248578,73.88,0.22254208808676212,0.16082963211560486,0.05855801599176188
