user_id,Precision@5 - macro,Recall@5 - macro,F1@5 - macro,NDCG@5,MRR@5,Gini - Top 5,CatalogCoverage - Top 5,DeltaGap - Top 5 | Blockbuster,DeltaGap - Top 5 | Niche,DeltaGap - Top 5 | Diverse
sys - fold1,0.7028150356019207,0.4115816267273781,0.43699077778428186,0.8819357171154044,0.8696555721145885,0.7096537301712887,61.68,0.37635506533024404,0.32955942378443015,0.10111841480467147
sys - mean,0.7028150356019207,0.4115816267273781,0.43699077778428186,0.8819357171154044,0.8696555721145885,0.7096537301712887,61.68,0.37635506533024404,0.32955942378443015,0.10111841480467147
