user_id,Precision@10 - macro,Recall@10 - macro,F1@10 - macro,NDCG@10,MRR@10,Gini - Top 10,CatalogCoverage - Top 10,DeltaGap - Top 10 | Blockbuster,DeltaGap - Top 10 | Niche,DeltaGap - Top 10 | Diverse
sys - fold1,0.6627348162867288,0.6200896111214623,0.5596331195198536,0.9479611050849286,0.8701799414914169,0.7094495890274052,73.07,0.22965816539084813,0.20010526827153935,0.08844639875809134
sys - mean,0.6627348162867288,0.6200896111214623,0.5596331195198536,0.9479611050849286,0.8701799414914169,0.7094495890274052,73.07,0.22965816539084813,0.20010526827153935,0.08844639875809134
