user_id,Precision@10 - macro,Recall@10 - macro,F1@10 - macro,NDCG@10,MRR@10,Gini - Top 10,CatalogCoverage - Top 10,DeltaGap - Top 10 | Blockbuster,DeltaGap - Top 10 | Niche,DeltaGap - Top 10 | Diverse
sys - fold1,0.6156609682565968,0.5933625109550007,0.5303531513871147,0.9363941826386073,0.8054711176295876,0.6462444984443503,79.57,0.07292916115435365,0.04231121148269305,-0.036869195366581876
sys - mean,0.6156609682565968,0.5933625109550007,0.5303531513871147,0.9363941826386073,0.8054711176295876,0.6462444984443503,79.57,0.07292916115435365,0.04231121148269305,-0.036869195366581876
