user_id,Precision@10 - macro,Recall@10 - macro,F1@10 - macro,NDCG@10,MRR@10,Gini - Top 10,CatalogCoverage - Top 10,DeltaGap - Top 10 | Blockbuster,DeltaGap - Top 10 | Niche,DeltaGap - Top 10 | Diverse
sys - fold1,0.608987677976749,0.5905935769776544,0.526865262569298,0.9355221110459162,0.8047895688606072,0.6458357509964079,80.14,0.06655577716177981,0.036002915268645644,-0.02309931504639921
sys - mean,0.608987677976749,0.5905935769776544,0.526865262569298,0.9355221110459162,0.8047895688606072,0.6458357509964079,80.14,0.06655577716177981,0.036002915268645644,-0.02309931504639921
