user_id,Precision@5 - macro,Recall@5 - macro,F1@5 - macro,NDCG@5,MRR@5,Gini - Top 5,CatalogCoverage - Top 5,DeltaGap - Top 5 | Blockbuster,DeltaGap - Top 5 | Niche,DeltaGap - Top 5 | Diverse
sys - fold1,0.5914706856575025,0.37238696068571786,0.38614496457891234,0.8433638857454653,0.7679833278127416,0.6171898078783624,74.31,0.11197167770248213,0.04496880614064348,-0.09312550553401443
sys - mean,0.5914706856575025,0.37238696068571786,0.38614496457891234,0.8433638857454653,0.7679833278127416,0.6171898078783624,74.31,0.11197167770248213,0.04496880614064348,-0.09312550553401443
