user_id,Precision@10 - macro,Recall@10 - macro,F1@10 - macro,NDCG@10,MRR@10,Gini - Top 10,CatalogCoverage - Top 10,DeltaGap - Top 10 | Blockbuster,DeltaGap - Top 10 | Niche,DeltaGap - Top 10 | Diverse
sys - fold1,0.6575123424659695,0.6186730547608393,0.5586333283571105,0.9478571754221942,0.8601457304794503,0.687802956976813,74.93,0.18421507822078353,0.14088476404900396,0.06954544946306929
sys - mean,0.6575123424659695,0.6186730547608393,0.5586333283571105,0.9478571754221942,0.8601457304794503,0.687802956976813,74.93,0.18421507822078353,0.14088476404900396,0.06954544946306929
