user_id,Precision@10 - macro,Recall@10 - macro,F1@10 - macro,NDCG@10,MRR@10,Gini - Top 10,CatalogCoverage - Top 10,DeltaGap - Top 10 | Blockbuster,DeltaGap - Top 10 | Niche,DeltaGap - Top 10 | Diverse
sys - fold1,0.5801946797268095,0.5808074556471957,0.5108545213625794,0.9294121198378213,0.769849747892974,0.6353847347321402,82.0,0.043800315027587536,0.0198324163247538,-0.0415751404090144
sys - mean,0.5801946797268095,0.5808074556471957,0.5108545213625794,0.9294121198378213,0.769849747892974,0.6353847347321402,82.0,0.043800315027587536,0.0198324163247538,-0.0415751404090144
