user_id,Precision@10 - macro,Recall@10 - macro,F1@10 - macro,NDCG@10,MRR@10,Gini - Top 10,CatalogCoverage - Top 10,DeltaGap - Top 10 | Blockbuster,DeltaGap - Top 10 | Niche,DeltaGap - Top 10 | Diverse
sys - fold1,0.599449674996123,0.5826869803018473,0.5181035386050815,0.9307994063198793,0.7719682513398359,0.6419068368474399,80.38,0.06797807981850333,0.03886931236566314,-0.03988263487042207
sys - mean,0.599449674996123,0.5826869803018473,0.5181035386050815,0.9307994063198793,0.7719682513398359,0.6419068368474399,80.38,0.06797807981850333,0.03886931236566314,-0.03988263487042207
