user_id,Precision@5 - macro,Recall@5 - macro,F1@5 - macro,NDCG@5,MRR@5,Gini - Top 5,CatalogCoverage - Top 5,DeltaGap - Top 5 | Blockbuster,DeltaGap - Top 5 | Niche,DeltaGap - Top 5 | Diverse
sys - fold1,0.6792549668874172,0.4091391319756677,0.43228980936488076,0.8761858886053654,0.8566418322295806,0.7372256161337626,51.32,0.38220628227136294,0.38225639843316433,0.15824889033118758
sys - mean,0.6792549668874172,0.4091391319756677,0.43228980936488076,0.8761858886053654,0.8566418322295806,0.7372256161337626,51.32,0.38220628227136294,0.38225639843316433,0.15824889033118758
