user_id,Precision@5 - macro,Recall@5 - macro,F1@5 - macro,NDCG@5,MRR@5,Gini - Top 5,CatalogCoverage - Top 5,DeltaGap - Top 5 | Blockbuster,DeltaGap - Top 5 | Niche,DeltaGap - Top 5 | Diverse
sys - fold1,0.6980705531632989,0.40999620401214765,0.43588326881148864,0.8813758192021109,0.8613392955724853,0.6921724064389096,62.49,0.31156926510872346,0.2722511732319028,0.06418523629510349
sys - mean,0.6980705531632989,0.40999620401214765,0.43588326881148864,0.8813758192021109,0.8613392955724853,0.6921724064389096,62.49,0.31156926510872346,0.2722511732319028,0.06418523629510349
