user_id,Precision@10 - macro,Recall@10 - macro,F1@10 - macro,NDCG@10,MRR@10,Gini - Top 10,CatalogCoverage - Top 10,DeltaGap - Top 10 | Blockbuster,DeltaGap - Top 10 | Niche,DeltaGap - Top 10 | Diverse
sys - fold1,0.6388072243246085,0.608691809121237,0.5469391762365998,0.9452614857534459,0.8572515242300011,0.7260227827785969,67.16,0.21533233357474194,0.2373023413383729,0.09621359943554844
sys - mean,0.6388072243246085,0.608691809121237,0.5469391762365998,0.9452614857534459,0.8572515242300011,0.7260227827785969,67.16,0.21533233357474194,0.2373023413383729,0.09621359943554844
