user_id,Precision@10 - macro,Recall@10 - macro,F1@10 - macro,NDCG@10,MRR@10,Gini - Top 10,CatalogCoverage - Top 10,DeltaGap - Top 10 | Blockbuster,DeltaGap - Top 10 | Niche,DeltaGap - Top 10 | Diverse
sys - fold1,0.6615497214338274,0.6136562291810799,0.5562506982920886,0.94221392718278,0.8273488252917061,0.6989619598963365,74.64,0.21119083226207216,0.1715303161166538,0.05988945206706501
sys - mean,0.6615497214338274,0.6136562291810799,0.5562506982920886,0.94221392718278,0.8273488252917061,0.6989619598963365,74.64,0.21119083226207216,0.1715303161166538,0.05988945206706501
