user_id,Precision@10 - macro,Recall@10 - macro,F1@10 - macro,NDCG@10,MRR@10,Gini - Top 10,CatalogCoverage - Top 10,DeltaGap - Top 10 | Blockbuster,DeltaGap - Top 10 | Niche,DeltaGap - Top 10 | Diverse
sys - fold1,0.6548343713865237,0.6186960060952309,0.5566018026682581,0.9486092567500674,0.8708822138126774,0.765273415462686,64.33,0.33968209107746666,0.4002319368602666,0.19335947879714052
sys - mean,0.6548343713865237,0.6186960060952309,0.5566018026682581,0.9486092567500674,0.8708822138126774,0.765273415462686,64.33,0.33968209107746666,0.4002319368602666,0.19335947879714052
