user_id,Precision@5 - macro,Recall@5 - macro,F1@5 - macro,NDCG@5,MRR@5,Gini - Top 5,CatalogCoverage - Top 5,DeltaGap - Top 5 | Blockbuster,DeltaGap - Top 5 | Niche,DeltaGap - Top 5 | Diverse
sys - fold1,0.7059281337969863,0.41590906146452394,0.4429995856143765,0.8823939836621789,0.8696666114698902,0.6822071036693931,65.57,0.30695438500700784,0.24378347080977078,0.06116010420148988
sys - mean,0.7059281337969863,0.41590906146452394,0.4429995856143765,0.8823939836621789,0.8696666114698902,0.6822071036693931,65.57,0.30695438500700784,0.24378347080977078,0.06116010420148988
