user_id,Precision@10 - macro,Recall@10 - macro,F1@10 - macro,NDCG@10,MRR@10,Gini - Top 10,CatalogCoverage - Top 10,DeltaGap - Top 10 | Blockbuster,DeltaGap - Top 10 | Niche,DeltaGap - Top 10 | Diverse
sys - fold1,0.6628683117838747,0.6216111117583357,0.5620901811303312,0.9480691265822951,0.8636887023021128,0.693958479463476,76.28,0.18804103574318146,0.14862935592946114,0.07696306046103625
sys - mean,0.6628683117838747,0.6216111117583357,0.5620901811303312,0.9480691265822951,0.8636887023021128,0.693958479463476,76.28,0.18804103574318146,0.14862935592946114,0.07696306046103625
