user_id,Precision@5 - macro,Recall@5 - macro,F1@5 - macro,NDCG@5,MRR@5,Gini - Top 5,CatalogCoverage - Top 5,DeltaGap - Top 5 | Blockbuster,DeltaGap - Top 5 | Niche,DeltaGap - Top 5 | Diverse
sys - fold1,0.6989983443708611,0.4162885683584028,0.43994460384873046,0.8825744297501722,0.8703228476821192,0.7807859269560836,45.84,0.5300989843385662,0.5303573771740414,0.3531469714694529
sys - mean,0.6989983443708611,0.4162885683584028,0.43994460384873046,0.8825744297501722,0.8703228476821192,0.7807859269560836,45.84,0.5300989843385662,0.5303573771740414,0.3531469714694529
