user_id,Precision@5 - macro,Recall@5 - macro,F1@5 - macro,NDCG@5,MRR@5,Gini - Top 5,CatalogCoverage - Top 5,DeltaGap - Top 5 | Blockbuster,DeltaGap - Top 5 | Niche,DeltaGap - Top 5 | Diverse
sys - fold1,0.7027382135364911,0.4106187350667547,0.43794140540582743,0.8813758567913643,0.8620348901402232,0.6980642758342254,63.06,0.3318098971605845,0.2950769492478611,0.07205180478154141
sys - mean,0.7027382135364911,0.4106187350667547,0.43794140540582743,0.8813758567913643,0.8620348901402232,0.6980642758342254,63.06,0.3318098971605845,0.2950769492478611,0.07205180478154141
