user_id,Precision@5 - macro,Recall@5 - macro,F1@5 - macro,NDCG@5,MRR@5,Gini - Top 5,CatalogCoverage - Top 5,DeltaGap - Top 5 | Blockbuster,DeltaGap - Top 5 | Niche,DeltaGap - Top 5 | Diverse
sys - fold1,0.7001049086190712,0.4128372593766688,0.4384796341338284,0.8807167488938668,0.8603500634973221,0.681194086296918,66.41,0.31961729645553777,0.25214356760755735,0.055472559406486176
sys - mean,0.7001049086190712,0.4128372593766688,0.4384796341338284,0.8807167488938668,0.8603500634973221,0.681194086296918,66.41,0.31961729645553777,0.25214356760755735,0.055472559406486176
