user_id,Precision@5 - macro,Recall@5 - macro,F1@5 - macro,NDCG@5,MRR@5,Gini - Top 5,CatalogCoverage - Top 5,DeltaGap - Top 5 | Blockbuster,DeltaGap - Top 5 | Niche,DeltaGap - Top 5 | Diverse
sys - fold1,0.6244037760847962,0.38379678306948156,0.4016535256446151,0.8534465880041887,0.7993402892790106,0.6459257563732014,69.91,0.14030120218010406,0.0769139888961588,-0.061559992742889924
sys - mean,0.6244037760847962,0.38379678306948156,0.4016535256446151,0.8534465880041887,0.7993402892790106,0.6459257563732014,69.91,0.14030120218010406,0.0769139888961588,-0.061559992742889924
