user_id,Precision@5 - macro,Recall@5 - macro,F1@5 - macro,NDCG@5,MRR@5,Gini - Top 5,CatalogCoverage - Top 5,DeltaGap - Top 5 | Blockbuster,DeltaGap - Top 5 | Niche,DeltaGap - Top 5 | Diverse
sys - fold1,0.6854887674559804,0.3931786831108868,0.42089821227305474,0.8722957375838891,0.832353590550312,0.6891667131050097,65.62,0.34176290016641075,0.30699533679783236,0.0341166836013071
sys - mean,0.6854887674559804,0.3931786831108868,0.42089821227305474,0.8722957375838891,0.832353590550312,0.6891667131050097,65.62,0.34176290016641075,0.30699533679783236,0.0341166836013071
