user_id,Precision@10 - macro,Recall@10 - macro,F1@10 - macro,NDCG@10,MRR@10,Gini - Top 10,CatalogCoverage - Top 10,DeltaGap - Top 10 | Blockbuster,DeltaGap - Top 10 | Niche,DeltaGap - Top 10 | Diverse
sys - fold1,0.6394282166508988,0.6098351701144425,0.547080523754902,0.9451426698369421,0.8580404446546831,0.7318487423876032,68.35,0.24062070408253872,0.26451037754758316,0.10890955961137605
sys - mean,0.6394282166508988,0.6098351701144425,0.547080523754902,0.9451426698369421,0.8580404446546831,0.7318487423876032,68.35,0.24062070408253872,0.26451037754758316,0.10890955961137605
