user_id,Precision@10 - macro,Recall@10 - macro,F1@10 - macro,NDCG@10,MRR@10,Gini - Top 10,CatalogCoverage - Top 10,DeltaGap - Top 10 | Blockbuster,DeltaGap - Top 10 | Niche,DeltaGap - Top 10 | Diverse
sys - fold1,0.5715112871859561,0.5746549715501305,0.5056827525381203,0.930198720811091,0.7613994008199306,0.6603232278598763,76.93,0.04448390741720266,-0.0028200271623068586,-0.10028633406619206
sys - mean,0.5715112871859561,0.5746549715501305,0.5056827525381203,0.930198720811091,0.7613994008199306,0.6603232278598763,76.93,0.04448390741720266,-0.0028200271623068586,-0.10028633406619206
