user_id,Precision@10 - macro,Recall@10 - macro,F1@10 - macro,NDCG@10,MRR@10,Gini - Top 10,CatalogCoverage - Top 10,DeltaGap - Top 10 | Blockbuster,DeltaGap - Top 10 | Niche,DeltaGap - Top 10 | Diverse
sys - fold1,0.663705359606999,0.6149607483883118,0.5583156068458862,0.9424922239802151,0.8338249789069462,0.6983215078299617,74.23,0.22520975807054688,0.17679874079831356,0.05574256463654994
sys - mean,0.663705359606999,0.6149607483883118,0.5583156068458862,0.9424922239802151,0.8338249789069462,0.6983215078299617,74.23,0.22520975807054688,0.17679874079831356,0.05574256463654994
