user_id,Precision@10 - macro,Recall@10 - macro,F1@10 - macro,NDCG@10,MRR@10,Gini - Top 10,CatalogCoverage - Top 10,DeltaGap - Top 10 | Blockbuster,DeltaGap - Top 10 | Niche,DeltaGap - Top 10 | Diverse
sys - fold1,0.5985570224556644,0.5885446633404872,0.5224584146835428,0.9327957692312101,0.792049033370663,0.6513888574140625,78.93,0.07043967713485824,0.04640194075684072,-0.009366794523866006
sys - mean,0.5985570224556644,0.5885446633404872,0.5224584146835428,0.9327957692312101,0.792049033370663,0.6513888574140625,78.93,0.07043967713485824,0.04640194075684072,-0.009366794523866006
