user_id,Precision@10 - macro,Recall@10 - macro,F1@10 - macro,NDCG@10,MRR@10,Gini - Top 10,CatalogCoverage - Top 10,DeltaGap - Top 10 | Blockbuster,DeltaGap - Top 10 | Niche,DeltaGap - Top 10 | Diverse
sys - fold1,0.5762889598444234,0.5766707352299136,0.5081679138986938,0.9284994653701595,0.7612218148848945,0.726378886074517,69.89,0.09002214626759764,0.06685216637397702,0.030413669235483155
sys - mean,0.5762889598444234,0.5766707352299136,0.5081679138986938,0.9284994653701595,0.7612218148848945,0.726378886074517,69.89,0.09002214626759764,0.06685216637397702,0.030413669235483155
