user_id,Precision@5 - macro,Recall@5 - macro,F1@5 - macro,NDCG@5,MRR@5,Gini - Top 5,CatalogCoverage - Top 5,DeltaGap - Top 5 | Blockbuster,DeltaGap - Top 5 | Niche,DeltaGap - Top 5 | Diverse
sys - fold1,0.6308991554893194,0.37973605162725266,0.39846534447573123,0.8556339355882001,0.8085334216481758,0.6675091086959025,66.62,0.1885798433659383,0.14209791150927345,-0.002962559874129297
sys - mean,0.6308991554893194,0.37973605162725266,0.39846534447573123,0.8556339355882001,0.8085334216481758,0.6675091086959025,66.62,0.1885798433659383,0.14209791150927345,-0.002962559874129297
