user_id,Precision@10 - macro,Recall@10 - macro,F1@10 - macro,NDCG@10,MRR@10,Gini - Top 10,CatalogCoverage - Top 10,DeltaGap - Top 10 | Blockbuster,DeltaGap - Top 10 | Niche,DeltaGap - Top 10 | Diverse
sys - fold1,0.612615551823202,0.5899947371216826,0.5259189727337151,0.9351498238258337,0.8100370081244398,0.6752200437261264,77.12,0.09441826289520647,0.08108135390357363,0.017849471464097627
sys - mean,0.612615551823202,0.5899947371216826,0.5259189727337151,0.9351498238258337,0.8100370081244398,0.6752200437261264,77.12,0.09441826289520647,0.08108135390357363,0.017849471464097627
