user_id,Precision@10 - macro,Recall@10 - macro,F1@10 - macro,NDCG@10,MRR@10,Gini - Top 10,CatalogCoverage - Top 10,DeltaGap - Top 10 | Blockbuster,DeltaGap - Top 10 | Niche,DeltaGap - Top 10 | Diverse
sys - fold1,0.6601369179018186,0.6227618587467424,0.5599566789675574,0.9501406017969373,0.874720448333859,0.7667458869871667,64.52,0.39070230328787103,0.4135480912362178,0.20593917958762975
sys - mean,0.6601369179018186,0.6227618587467424,0.5599566789675574,0.9501406017969373,0.874720448333859,0.7667458869871667,64.52,0.39070230328787103,0.4135480912362178,0.20593917958762975
