user_id,Precision@10 - macro,Recall@10 - macro,F1@10 - macro,NDCG@10,MRR@10,Gini - Top 10,CatalogCoverage - Top 10,DeltaGap - Top 10 | Blockbuster,DeltaGap - Top 10 | Niche,DeltaGap - Top 10 | Diverse
sys - fold1,0.00665783371977476,0.0037900638208032095,0.0038380344447712044,0.04012772928456502,0.018765608816122232,0.49249785224422515,98.27,-0.5847695464856247,-0.6878855110857443,-0.8115195058790906
sys - mean,0.00665783371977476,0.0037900638208032095,0.0038380344447712044,0.04012772928456502,0.018765608816122232,0.49249785224422515,98.27,-0.5847695464856247,-0.6878855110857443,-0.8115195058790906
