user_id,Precision@10 - macro,Recall@10 - macro,F1@10 - macro,NDCG@10,MRR@10,Gini - Top 10,CatalogCoverage - Top 10,DeltaGap - Top 10 | Blockbuster,DeltaGap - Top 10 | Niche,DeltaGap - Top 10 | Diverse
sys - fold1,0.01000165590329525,0.004794198125325511,0.005127744852049558,0.04751282278296047,0.027484314916008907,0.8055001596154208,26.17,-0.4218251485607093,-0.5741411190338669,-0.8394178235162116
sys - mean,0.01000165590329525,0.004794198125325511,0.005127744852049558,0.04751282278296047,0.027484314916008907,0.8055001596154208,26.17,-0.4218251485607093,-0.5741411190338669,-0.8394178235162116
