user_id,Precision@20 - macro,Recall@20 - macro,F1@20 - macro,NDCG@20,MRR@20,Gini - Top 20,CatalogCoverage - Top 20,DeltaGap - Top 20 | Blockbuster,DeltaGap - Top 20 | Niche,DeltaGap - Top 20 | Diverse
sys - fold1,0.009256499420433847,0.00815149085259712,0.0069416294999640115,0.07635495433534695,0.030324278022367375,0.7419281363968344,89.37,-0.40978592696804883,-0.5832480140378078,-0.7900959136061158
sys - mean,0.009256499420433847,0.00815149085259712,0.0069416294999640115,0.07635495433534695,0.030324278022367375,0.7419281363968344,89.37,-0.40978592696804883,-0.5832480140378078,-0.7900959136061158
