user_id,Precision@20 - macro,Recall@20 - macro,F1@20 - macro,NDCG@20,MRR@20,Gini - Top 20,CatalogCoverage - Top 20,DeltaGap - Top 20 | Blockbuster,DeltaGap - Top 20 | Niche,DeltaGap - Top 20 | Diverse
sys - fold1,0.009703593310150688,0.009087316449825997,0.007405756584031915,0.0729013594816173,0.03151029961735222,0.7885130527312116,36.48,-0.42741317029633974,-0.5902858211963657,-0.8312065846787072
sys - mean,0.009703593310150688,0.009087316449825997,0.007405756584031915,0.0729013594816173,0.03151029961735222,0.7885130527312116,36.48,-0.42741317029633974,-0.5902858211963657,-0.8312065846787072
