user_id,Precision@10 - macro,Recall@10 - macro,F1@10 - macro,NDCG@10,MRR@10,Gini - Top 10,CatalogCoverage - Top 10,DeltaGap - Top 10 | Blockbuster,DeltaGap - Top 10 | Niche,DeltaGap - Top 10 | Diverse
sys - fold1,0.009604239112435834,0.004269697277200199,0.004793819940326742,0.04951578161285881,0.026576262231999936,0.7568523667708115,75.18,-0.38393566795815603,-0.5682180216802396,-0.7998976739327461
sys - mean,0.009604239112435834,0.004269697277200199,0.004793819940326742,0.04951578161285881,0.026576262231999936,0.7568523667708115,75.18,-0.38393566795815603,-0.5682180216802396,-0.7998976739327461
