user_id,Precision@10 - macro,Recall@10 - macro,F1@10 - macro,NDCG@10,MRR@10,Gini - Top 10,CatalogCoverage - Top 10,DeltaGap - Top 10 | Blockbuster,DeltaGap - Top 10 | Niche,DeltaGap - Top 10 | Diverse
sys - fold1,0.008791390728476822,0.004406213892668614,0.004679909702632259,0.0530308792478335,0.02356328182487123,0.8837316348592927,20.99,-0.5304146928729125,-0.5918402360606063,-0.7003846123619174
sys - mean,0.008791390728476822,0.004406213892668614,0.004679909702632259,0.0530308792478335,0.02356328182487123,0.8837316348592927,20.99,-0.5304146928729125,-0.5918402360606063,-0.7003846123619174
