user_id,Precision@20 - macro,Recall@20 - macro,F1@20 - macro,NDCG@20,MRR@20,Gini - Top 20,CatalogCoverage - Top 20,DeltaGap - Top 20 | Blockbuster,DeltaGap - Top 20 | Niche,DeltaGap - Top 20 | Diverse
sys - fold1,0.0031881417687976152,0.0037256127392427825,0.0027181993489853924,0.03265288191415264,0.00718136774694725,0.8897557402625306,54.91,-0.7042647605990069,-0.8058852491331641,-0.9323442282068206
sys - mean,0.0031881417687976152,0.0037256127392427825,0.0027181993489853924,0.03265288191415264,0.00718136774694725,0.8897557402625306,54.91,-0.7042647605990069,-0.8058852491331641,-0.9323442282068206
