user_id,Precision@10 - macro,Recall@10 - macro,F1@10 - macro,NDCG@10,MRR@10,Gini - Top 10,CatalogCoverage - Top 10,DeltaGap - Top 10 | Blockbuster,DeltaGap - Top 10 | Niche,DeltaGap - Top 10 | Diverse
sys - fold1,0.007516556291390729,0.0034872499077499446,0.003946129311334166,0.0570425112198482,0.02728181173131504,0.9128805112038464,15.76,-0.6003817617293701,-0.663934512200095,-0.7361146428113458
sys - mean,0.007516556291390729,0.0034872499077499446,0.003946129311334166,0.0570425112198482,0.02728181173131504,0.9128805112038464,15.76,-0.6003817617293701,-0.663934512200095,-0.7361146428113458
