user_id,Precision@20 - macro,Recall@20 - macro,F1@20 - macro,NDCG@20,MRR@20,Gini - Top 20,CatalogCoverage - Top 20,DeltaGap - Top 20 | Blockbuster,DeltaGap - Top 20 | Niche,DeltaGap - Top 20 | Diverse
sys - fold1,0.007185430463576159,0.006984993954703398,0.005642118462186674,0.08244992606489891,0.030890117632699336,0.9045001466524645,23.15,-0.6604295896926184,-0.6890370040184975,-0.734167598736854
sys - mean,0.007185430463576159,0.006984993954703398,0.005642118462186674,0.08244992606489891,0.030890117632699336,0.9045001466524645,23.15,-0.6604295896926184,-0.6890370040184975,-0.734167598736854
