user_id,Precision@10 - macro,Recall@10 - macro,F1@10 - macro,NDCG@10,MRR@10,Gini - Top 10,CatalogCoverage - Top 10,DeltaGap - Top 10 | Blockbuster,DeltaGap - Top 10 | Niche,DeltaGap - Top 10 | Diverse
sys - fold1,0.04561258278145695,0.026681387505439236,0.02747890816934947,0.14631767619926297,0.12666173919899085,0.7138507093808467,87.78,-0.003385239431740703,-0.26151420885791277,-0.5538308740461109
sys - mean,0.04561258278145695,0.026681387505439236,0.02747890816934947,0.14631767619926297,0.12666173919899085,0.7138507093808467,87.78,-0.003385239431740703,-0.26151420885791277,-0.5538308740461109
