user_id,Precision@10 - macro,Recall@10 - macro,F1@10 - macro,NDCG@10,MRR@10,Gini - Top 10,CatalogCoverage - Top 10,DeltaGap - Top 10 | Blockbuster,DeltaGap - Top 10 | Niche,DeltaGap - Top 10 | Diverse
sys - fold1,0.013330021526742838,0.008889360465573315,0.008615166757243003,0.06259022164550133,0.03868715781284088,0.5116885690859913,97.71,-0.44580098765727794,-0.65779273664268,-0.8120611681549744
sys - mean,0.013330021526742838,0.008889360465573315,0.008615166757243003,0.06259022164550133,0.03868715781284088,0.5116885690859913,97.71,-0.44580098765727794,-0.65779273664268,-0.8120611681549744
