user_id,Precision@20 - macro,Recall@20 - macro,F1@20 - macro,NDCG@20,MRR@20,Gini - Top 20,CatalogCoverage - Top 20,DeltaGap - Top 20 | Blockbuster,DeltaGap - Top 20 | Niche,DeltaGap - Top 20 | Diverse
sys - fold1,0.010091059602649007,0.007847345256853627,0.007063941881642041,0.0657817217815334,0.026106188579899697,0.7955658119291166,49.95,-0.4776583889291127,-0.6718344251052044,-0.8385802502843137
sys - mean,0.010091059602649007,0.007847345256853627,0.007063941881642041,0.0657817217815334,0.026106188579899697,0.7955658119291166,49.95,-0.4776583889291127,-0.6718344251052044,-0.8385802502843137
