user_id,Precision@10 - macro,Recall@10 - macro,F1@10 - macro,NDCG@10,MRR@10,Gini - Top 10,CatalogCoverage - Top 10,DeltaGap - Top 10 | Blockbuster,DeltaGap - Top 10 | Niche,DeltaGap - Top 10 | Diverse
sys - fold1,0.018926974664679585,0.007528432736113314,0.008970455184197578,0.06655037243296977,0.04730593733325974,0.621581308212486,87.75,-0.21804494165595084,-0.5423047194820693,-0.7944872707459013
sys - mean,0.018926974664679585,0.007528432736113314,0.008970455184197578,0.06655037243296977,0.04730593733325974,0.621581308212486,87.75,-0.21804494165595084,-0.5423047194820693,-0.7944872707459013
