user_id,Precision@20 - macro,Recall@20 - macro,F1@20 - macro,NDCG@20,MRR@20,Gini - Top 20,CatalogCoverage - Top 20,DeltaGap - Top 20 | Blockbuster,DeltaGap - Top 20 | Niche,DeltaGap - Top 20 | Diverse
sys - fold1,0.01823149528067561,0.014980919476055371,0.01337452195310584,0.10163093387972066,0.052472041638589116,0.6051481063776146,95.84,-0.2629303161766077,-0.5244847611401179,-0.7812969371907639
sys - mean,0.01823149528067561,0.014980919476055371,0.01337452195310584,0.10163093387972066,0.052472041638589116,0.6051481063776146,95.84,-0.2629303161766077,-0.5244847611401179,-0.7812969371907639
