user_id,Precision@10 - macro,Recall@10 - macro,F1@10 - macro,NDCG@10,MRR@10,Gini - Top 10,CatalogCoverage - Top 10,DeltaGap - Top 10 | Blockbuster,DeltaGap - Top 10 | Niche,DeltaGap - Top 10 | Diverse
sys - fold1,0.04534768211920529,0.02927632859442413,0.02830927548068679,0.15526278335781327,0.11521851676653001,0.8879962342552915,20.64,-0.047932446932218084,-0.1038047870054901,-0.2607747305104384
sys - mean,0.04534768211920529,0.02927632859442413,0.02830927548068679,0.15526278335781327,0.11521851676653001,0.8879962342552915,20.64,-0.047932446932218084,-0.1038047870054901,-0.2607747305104384
