user_id,Precision@20 - macro,Recall@20 - macro,F1@20 - macro,NDCG@20,MRR@20,Gini - Top 20,CatalogCoverage - Top 20,DeltaGap - Top 20 | Blockbuster,DeltaGap - Top 20 | Niche,DeltaGap - Top 20 | Diverse
sys - fold1,0.04102649006622517,0.05204120874109451,0.036458460040719044,0.23350611596748883,0.12522004331320577,0.8876644064082586,29.36,-0.12811963165875,-0.18207666342325712,-0.27424753655357054
sys - mean,0.04102649006622517,0.05204120874109451,0.036458460040719044,0.23350611596748883,0.12522004331320577,0.8876644064082586,29.36,-0.12811963165875,-0.18207666342325712,-0.27424753655357054
