user_id,Precision@20 - macro,Recall@20 - macro,F1@20 - macro,NDCG@20,MRR@20,Gini - Top 20,CatalogCoverage - Top 20,DeltaGap - Top 20 | Blockbuster,DeltaGap - Top 20 | Niche,DeltaGap - Top 20 | Diverse
sys - fold1,0.0023352103345478637,0.0025129013842839763,0.0018246444409962155,0.024246797062429992,0.006547552039294481,0.8448807828199183,16.19,-0.8728595017825479,-0.8962376000190957,-0.9353582171625442
sys - mean,0.0023352103345478637,0.0025129013842839763,0.0018246444409962155,0.024246797062429992,0.006547552039294481,0.8448807828199183,16.19,-0.8728595017825479,-0.8962376000190957,-0.9353582171625442
