user_id,Precision@10 - macro,Recall@10 - macro,F1@10 - macro,NDCG@10,MRR@10,Gini - Top 10,CatalogCoverage - Top 10,DeltaGap - Top 10 | Blockbuster,DeltaGap - Top 10 | Niche,DeltaGap - Top 10 | Diverse
sys - fold1,0.04300380857757908,0.02666036871727141,0.026771225258482557,0.13874517932584032,0.1182052768118342,0.7141815194858753,87.48,-0.04017147326715044,-0.27311742733650446,-0.5789869265487358
sys - mean,0.04300380857757908,0.02666036871727141,0.026771225258482557,0.13874517932584032,0.1182052768118342,0.7141815194858753,87.48,-0.04017147326715044,-0.27311742733650446,-0.5789869265487358
