user_id,Precision@10 - macro,Recall@10 - macro,F1@10 - macro,NDCG@10,MRR@10,Gini - Top 10,CatalogCoverage - Top 10,DeltaGap - Top 10 | Blockbuster,DeltaGap - Top 10 | Niche,DeltaGap - Top 10 | Diverse
sys - fold1,0.009205298013245034,0.0034490961012485664,0.004082613787701335,0.04167489419892782,0.021804241564175337,0.817309391067008,33.78,-0.47732772265040235,-0.6848573586268117,-0.8606597225493258
sys - mean,0.009205298013245034,0.0034490961012485664,0.004082613787701335,0.04167489419892782,0.021804241564175337,0.817309391067008,33.78,-0.47732772265040235,-0.6848573586268117,-0.8606597225493258
