user_id,Precision@10 - macro,Recall@10 - macro,F1@10 - macro,NDCG@10,MRR@10,Gini - Top 10,CatalogCoverage - Top 10,DeltaGap - Top 10 | Blockbuster,DeltaGap - Top 10 | Niche,DeltaGap - Top 10 | Diverse
sys - fold1,0.003113098195065408,0.0009894202333349414,0.0012287516273508106,0.018018399291453668,0.00572607416869712,0.8101307602280094,14.33,-0.7784368061688159,-0.8623504233476997,-0.9036676283725754
sys - mean,0.003113098195065408,0.0009894202333349414,0.0012287516273508106,0.018018399291453668,0.00572607416869712,0.8101307602280094,14.33,-0.7784368061688159,-0.8623504233476997,-0.9036676283725754
