user_id,Precision@10 - macro,Recall@10 - macro,F1@10 - macro,NDCG@10,MRR@10,Gini - Top 10,CatalogCoverage - Top 10,DeltaGap - Top 10 | Blockbuster,DeltaGap - Top 10 | Niche,DeltaGap - Top 10 | Diverse
sys - fold1,0.052963576158940394,0.0384528483723735,0.036283070375672875,0.18700434256979587,0.16415714022916011,0.821913704268933,25.53,0.22801437578544387,-0.061557657161400874,-0.41876663058502367
sys - mean,0.052963576158940394,0.0384528483723735,0.036283070375672875,0.18700434256979587,0.16415714022916011,0.821913704268933,25.53,0.22801437578544387,-0.061557657161400874,-0.41876663058502367
