user_id,Precision@20 - macro,Recall@20 - macro,F1@20 - macro,NDCG@20,MRR@20,Gini - Top 20,CatalogCoverage - Top 20,DeltaGap - Top 20 | Blockbuster,DeltaGap - Top 20 | Niche,DeltaGap - Top 20 | Diverse
sys - fold1,0.04332781456953643,0.06180447856386141,0.04134385673844213,0.2626557115584744,0.17318431710103332,0.8271786597981017,34.38,0.0075157923069359865,-0.20805198207391695,-0.4176252861103659
sys - mean,0.04332781456953643,0.06180447856386141,0.04134385673844213,0.2626557115584744,0.17318431710103332,0.8271786597981017,34.38,0.0075157923069359865,-0.20805198207391695,-0.4176252861103659
