user_id,Precision@20 - macro,Recall@20 - macro,F1@20 - macro,NDCG@20,MRR@20,Gini - Top 20,CatalogCoverage - Top 20,DeltaGap - Top 20 | Blockbuster,DeltaGap - Top 20 | Niche,DeltaGap - Top 20 | Diverse
sys - fold1,0.019556217916873654,0.016414287713986616,0.014404627713177107,0.10607831396989142,0.05398865742946939,0.5632412519796068,91.88,-0.2308144375592607,-0.5149619692643161,-0.8005494227105756
sys - mean,0.019556217916873654,0.016414287713986616,0.014404627713177107,0.10607831396989142,0.05398865742946939,0.5632412519796068,91.88,-0.2308144375592607,-0.5149619692643161,-0.8005494227105756
