user_id,Precision@10 - macro,Recall@10 - macro,F1@10 - macro,NDCG@10,MRR@10,Gini - Top 10,CatalogCoverage - Top 10,DeltaGap - Top 10 | Blockbuster,DeltaGap - Top 10 | Niche,DeltaGap - Top 10 | Diverse
sys - fold1,0.0200695479384004,0.008368291520418753,0.009736981178167506,0.0686736527677931,0.04873678234333972,0.5893198220729065,86.37,-0.19676262965827174,-0.5303382327860944,-0.8143535024510559
sys - mean,0.0200695479384004,0.008368291520418753,0.009736981178167506,0.0686736527677931,0.04873678234333972,0.5893198220729065,86.37,-0.19676262965827174,-0.5303382327860944,-0.8143535024510559
