user_id,Precision@20 - macro,Recall@20 - macro,F1@20 - macro,NDCG@20,MRR@20,Gini - Top 20,CatalogCoverage - Top 20,DeltaGap - Top 20 | Blockbuster,DeltaGap - Top 20 | Niche,DeltaGap - Top 20 | Diverse
sys - fold1,0.0038334161284980955,0.0022063479175208392,0.002271025367376826,0.029577685087632366,0.0077649106293605896,0.7996379380449417,25.77,-0.7605616740885275,-0.8201142929353178,-0.8948218283313617
sys - mean,0.0038334161284980955,0.0022063479175208392,0.002271025367376826,0.029577685087632366,0.0077649106293605896,0.7996379380449417,25.77,-0.7605616740885275,-0.8201142929353178,-0.8948218283313617
