user_id,Precision@10 - macro,Recall@10 - macro,F1@10 - macro,NDCG@10,MRR@10,Gini - Top 10,CatalogCoverage - Top 10,DeltaGap - Top 10 | Blockbuster,DeltaGap - Top 10 | Niche,DeltaGap - Top 10 | Diverse
sys - fold1,0.05025666501076337,0.029885161571253507,0.03063756458585728,0.1585214261021132,0.13867723553515904,0.7434702554999453,82.84,0.152349978555557,-0.09862623007762825,-0.47763881706267375
sys - mean,0.05025666501076337,0.029885161571253507,0.03063756458585728,0.1585214261021132,0.13867723553515904,0.7434702554999453,82.84,0.152349978555557,-0.09862623007762825,-0.47763881706267375
